row_index,rating,text
44137,5,Let’s you know when due for recharge. It’s a comfort to know your car has a watchdog and sensitive response. Excellent<br /><br />Robin
86293,3,I like the feel and comfort and have purchased several for my staff.
20802,5,"Extremely handy keyboard. I cut the cable and use my laptop to stream TV right to my TV, this wireless keyboard comes in handy when I'm checking email and whatnot without having to get up and go to the laptop. It's great.<br /><br />The keys are a tad smaller than a regular keyboard, there is no wrist rest so your finger might get lost (mine do every once in a while). But, overall, it works great and is very handy to use. It keeps a charge forever is seems like. I used it for almost 10 before recharging it and even then it was working fine, I just thought I should charge it."
89189,4,I bought these as stocking stuffers.  They were well received!
59076,4,I bought this specific combo because it came with a webcam cover but I didn't even get one.  I just got the case which is a really nice color but I do wish that I had received the webcam cover too.
77176,5,"This is a good office/home/dorm power strip (not so much a travel one).  Works fine so far, no complaints.<br />Pros<br />the spacing is convenient for multiple adaptors instead of just regular pronged plugs (not sure why we're still fighting that battle, but we are)<br />I like the USB ports on the side<br />good number of outlets<br />not too large a footprint<br />flat plug<br /><br />Cons<br />none so far"
34058,2,lasted 4 days and died. don't waste your $$$
7557,5,As usual brand delivered as expected for an excellent price.  Trouble free & easy programming.
5543,5,I love this and am not sure how I ever lived without it.
83863,5,"I usually do not like wireless, tied to charging,  BUT these were GREAT price, worl very well, and have a cord for most uses at coputer, and wireless for business/pleasure flights."
9348,4,Surprisingly good for the price. Fits and matches my old iPad 3 as if it were part of the original device.
97641,5,"I have the first and second generation Fire TV boxes, so I was familiar with the capabilities of Fire TV. However, I was surprised at the form factor for the Fire Stick -- it's very compact and tiny!  Functionality appears to be the same as the Fire TV box version when it comes to streaming. It's a bit faster than my generation 1 box, and a little slower (but not by much) than my generation 2 box.<br /><br />Setup is an absolute breeze -- it walks you right through all the steps. Zero manual reading is needed. It comes with the same remote as the Fire box which is nice for consistency, but I can't say it's my favorite remote. It works just fine, but I would have liked a little larger buttons and a more legible icon for each.  Minor issues.<br /><br />100% satisfied with this, as I am with my Fire boxes."
64445,5,"I carry too much stuff!  That's why I bought this handy hook, which I don't use on a stroller.  I use it to hold my tote bag while I'm on the El or the bus.  It keeps my bag off the floor, and leaves my hands free to read a book while I commute.  I'm very happy with it"
3255,5,"These AMAZONBASICS REPLACEMENT POWER CABLES (for PS4 and Xbox One S/X; 12ft, Black) are a good choice if you’ve lost or damaged the power cable that came with your PS4 or Xbox One console.  You get a budget-priced set of two cables (about $12 on Amazon).  The cables are standard-quality power cables, backed by an AmazonBasics limited one-year warranty, so you don’t have to wonder whether low price means inferior quality.  The AmazonBasics cables are usually in stock; and when they’re in stock, they ship right away.  The 12-foot length reaches my electrical outlet, and doesn’t add too much extra to the cable tangle behind the TV.<br /><br />My experience with the AmazonBasics line of products has been uniformly good.  I’ll always buy an AmazonBasics cable instead of a name-brand cable, because there’s no reason to pay extra for the name brand when you’re ordering plain cables."
10810,5,This is attached to the back of the TV stand and is super convenient. The size is great - lots of various vampire type things can plug into it and then you can shut the whole bunch off easily if you want. It was easy to attach the clips that came with it and to pop it into the clips. The cords are all up off the floor so it's easy to pop the duster back there to clean.
73909,4,"I bought it for my husband's valentine's gift. (I'm practical, I don't do bears and balloons) and he has loved it since. He uses it to work and even when riding his motorcycle."
75303,1,"I bought this to transfer some files from old drives to a new back up.  Once the drive is in there, it is totally unremovable. and now I have this &#34;nice&#34; enclosure that has a bad drive in it and is totally unusable. Would only recommend if you never want to remove the drive.<br /><br />Also? there are no instructions online for this product."
91762,2,The reason I returned this item is because I live in the country and this radio does not have an external antenna.  It has an internal antenna and would not pickup our local stations at my house.
49748,4,Easy to get my iPhoto transferred off my iMac.<br /><br />My only 'complaint' is the green blinking light. This is only an issue b/c we have the computer in our bedroom so it freaked me out in the beginning.
20513,1,Each cord worked for 1 week TOPS some not even that long before they stopped charging. Waste of money. Would not recommend or buy again.
80168,5,I know it's hard to get that part wrong but it was exactly what I needed and as advertised. Revived my security camera system. Good price also
99817,2,The scroll wheel does not press. No third button. I assumed there was at least 3 buttons and scroll wheel. It would be a plus if the side bumper rails were also buttons.
86928,5,"My 8 yr old daughter loves it. And if you are not sure of all the things it does , got to YouTube to show you all the “how to’s”."
74223,5,Well so far.very happy with my Kindle. This is my 5th one. Not because of something being wrong with them. Each new version is better than last one. I am 83 and the Kindle  is so perfect for me.
45232,5,We received the baby pink computer case. We first ordered the wrong thing which was completely our fault. The seller was very kind enough and sent another case.  The case fits perfect and I especially like the color and keypad cover. The seller was very nice and responsive. The color is just how it is described. I would completely recommend this case.
39123,5,Worked immediately upon inserting into a Samsung Intercept.  Needed a microSD replacement to be able to take pictures with the phone.  Great value for the price!  Would definitely purchase again.
14952,4,"I am updating this from 1 star since I had a very hard time getting them to connect at first.  However, since I was able to connect 2 cameras, these are working out just fine.  I don't like that you have to have a phone to view the camera.  I would love to be able to do this on any device, including a computer.  However, they are working for what I needed them to work for."
40083,1,"This was a used item. It came with no instructions. I could not get it to work to record my telephone conversations, then is just stopped working. I threw it away."
36463,4,This was just what we wanted.  A little trouble getting the tapes but now we have them and are satisfied with the purchase.
43201,5,"Keep your desktop off the ground or even your gaming console. This will work great for either and keep them off the floor, reducing the amount of dust that can get into your system. It is very easy to put together and comes with everything you need except the tools. I will be assembling mine shortly and moving things around on my desk."
64902,3,"It works, it charged.  Good replacement battery."
66262,5,"High quality cables, well made, and they fit well and provide adequate charging and data transfer."
92663,5,Perfect stuffing for a stocking in Christmas
47270,5,"I bought this for my daughters car. She has CDs but not many, most of her music is on her phone, so decided to go this route. She loves it. She had the stock tape deck in the car and used a tape adapter, but now she can use the bluetooth and she likes it much better. Radio works well, too. She likes that it gives her song info. And she can change the color of the lights to what she likes.<br /><br />Recommended if you don't need a CD player. Price was good and easy to install. Will need a wiring harness, but it does come with the parts to install it nice in a car so an install kit is likely not needed (I didn't need one)."
76855,5,"This is the best router I've ever had. Rather small and compact but the most powerful and reliable router I've ever had. The two routers in one box work excellently together using AIMESH. Once I setup my network, I've only rebooted twice in the past three weeks. I actually considering purchasing two more of these fast devils.<br />I love the USB3 data transfer speeds. The fastest I've seen."
47849,2,I saw pwr and thought it was a power cord... It's not... I have no use for this...<br />Look at the pictures because the description is confusing
31651,5,[[VIDEOID:2485c759317cb09344b904d9f06df2e3]] We recently drove from New York City to Disney world.<br /><br />I had a headrest video player that saved the day for my six year old.<br /><br />I turned my phone into a hotspot and he was able to watch and stream Disney without issue<br /><br />He loved it and that he could watch tv while in the car.  It’s very nice overall I think
64672,1,[[VIDEOID:e465535db75375786b87fc3c5bed2bdf]] This don’t include radiator mount screws ? Seriously this is so stupid the fans are thick you can’t use standards radiator mount screws.
3951,5,I was actually looking for another brand when I came across this one and it was a perfect fit and was so easy to install I could have done it myself. I had my techy son put it on because I was afraid to do it for fear of having to do it multiple times. He got it perfectly on the first try.
18326,5,"This is a very well-designed and compact power strip. It features 5 AC outlets that are arranged on each side of the cube. This is useful in case you have oversized plugs that would overlap each other on a linear power strip. The cube also features 3 USB-A ports and 1 USB-C port. There is also a power button.<br /><br />This is a useful power strip for your desktop that would make a thoughtful gift for a college student. It also features a 10 foot power cord that's very durable. This is a practical, convenient, and attractive power strip."
35174,2,"So this is the 2nd bookbook I have owned. I had an original model for my ipad, and felt - and still do feel - that it is one of the best ipad cases on the market. Real leather outer, suede inner. A zipper that worked.  Sure the system used to restrain your ipad was not that great, but it was functional. Until one of my corner straps broke, leading me to ordering a replacement.<br /><br />The new model has a much better setup to hold the ipad in place. But that is about the only thing going for it. The exterior feels like sandpaper, and if it is leather ( which I don't think it is) the dye job is horrible. The zipper is so flimsy and finicky that I am afraid to open and close it. I am sure that will be the first point of failure on this.<br /><br />This used to be a great product. I don't understand what happened with this case. I have owned 3 different iphone cases, and two of the original ipad cases and felt they couldn't be beat. This case makes me feel that I was beat and robbed.<br /><br />Don'y buy it."
64046,3,"Sorry, but this lights are not as good as advertised and promoted."
97161,5,Excellent computer and great price. Was looking for pure power. Wrote an algorithm to monitor stocks on the NY Stock Exchange. Watching every tick to detect institutions buying or selling. Code worked great but old computer could not handle scrubbing over 1 billion ticks per day to parse.  So I got The Beast by Vision. When looking at Task Manager the Beast is like humming along smoothly very fast and scrubbing the data from exchange and getting information looking for within milliseconds. A power horse for the business - Only using as a server. Happy got it. Cheers :D
4639,3,"Looks nice on, but it catches on my clothing and pulls threads"
86608,3,I have had my chromebook a year and have been through three of these adapters. They last 3 or so months and don't charge anymore. Will be buying directly from the manufacturer from now on.
82316,5,Got this for my daughter to provide some protecton for the expensive Macbook Air M2.  It was very eay to install. Just snaps on. The color is translucent and really nice.  It comes in 2 parts. One snaps on the lid and one on the base.  Seems to me that all the ports are still accessable.<br /><br />I am a vine voice reviewer but I only get items that I want and I do honest reviews.  Not all my reviews are 5 star.  But this one worked as advertized.  We've been using it for several weeks and it has stayed on and is doing the job of protecting the outside of the mac.
68297,5,"I got this to help keep the keyboard in nice condition, as it is for my daughter's 2 in 1 chromebook I got her. She loves the color, and I love that it will keep crumbs and liquids out of the electronic to make it last for years to come. Great fit, I wish it had a little more sticky to it for the 2 in 1 chromebook can be flipped backwords so that you can use it like a tablet with keyboard behind the screen if you know what I am talking about, it will probably fall off in tablet mode. That is not a complaint. Just wanted to let people know about that if it is a deciding factor. A removable glue dot may help keep it in place or rubber cement glue if that is a concern (please know I am only suggesting it and if you do use glue of any kind understand that is at your own risk and might not be removable if you use the wrong kind). I'm not concerned with that part too much, just rinse it off or gently clean mild soap and water when it is not applied on the keyboard, let it dry fully before re applying it."
87842,5,So far so great! Very satisfied with this product.
54637,5,The headphones are comfortable and work well with my phone and iPad.
18760,5,Son buenas conexiones..baja calidad pero el precio lo dise ..
93841,5,Worked perfectly and very inexpensive and arrived fast. Same length as OE
43672,5,Asurion is 1 company that stands behind &with their word. I had 4 year contract with them and they took a reasonable time to resolve my problem concerning my broken computer. I AM VERY HAPPY WITH RESULTS. I will use ASURION PROTECTION PLANS WITH ANY & ALL NEW ELECTRONICS THANK YOU ASURION.
99596,4,"I move the Pixie trackers around, depending on what I need. I always keep one with my keys and another in my laptop sleeve.  I've used the others with my luggage, my wallet, and my passport case.  You need to download the app on your phone, but it's easy to set up. Once you've paid for the trackers, there is on ongoing cost.<br /><br />It's something I can see my mother using as well."
49085,5,"Great heat transfer, no problems so far."
43390,5,"When I got this waterproof hi-res 8mp/1080p photo action camera, I wasted no time removing it from its case and charging it up. It still had a bit of charge when it arrived, so I was able to view the LCD screen before I charged. When I inserted the charging cord, the camera automatically turned on, so I turned it off to get a quicker charge. I didn't have any difficulty removing the waterproof case (look closely and you will find detail markings for the different parts of the case and the camera). As soon as you turn on the camera, you are going to get a message on the LCD screen that there is not a micro SD card. The capacity of the micro SD that it takes is 32GB and you will need one to use the camera or video features. The LD screen gives you menus to personalize your picture or video taking experience. The casing is waterproof up to 200ft and if you are in the water and lose it, it does float. I am pleased with this and will be able to attach it to my full-face snorkel mask easily."
9166,5,Perfect to strap my fence fabric into place on my chain link fence. I recommend.
80126,4,"But from photos seemed like frame came with it.<br /><br />It did not, though I am happy with product."
95553,4,"I like the portability of this USB hub. Built well and looks sleek. It has four ports that I use with my MacBook, and laptop. I use this hub for USB drives, Bluetooth for the mouse and the keyboard, and charge my phone. My only gripe is that these ports are close to each other and some of my USB drives does not fit because they are too close together, so I use the two outside ones. I have rated this product four stars for overall satisfaction."
8357,4,"I was pleasantly surprised by the selection of shows, movies, and music...although I was just notified that the Youtube app would not be available anymore :-(  I bought this device with a gift card. Best $35 spent. Cut my Uverse account and saved a bunch of money since I don't watch a lot of tv. And I can get Starz if I want it. The only thing I don't care for is the simplicity of the remote. I wish it was a little more like a TV remote."
98633,3,"It ultimately depends on your use case, but I'd say the juice isn't worth the squeeze here. The product itself works fine, but not necessarily much better or worse than other 1080p camera's. The feature set is low for the price point though everything works well here, the features driving up the price don't make this camera feel as though it's worth double the price of other 1080p camera's.<br /><br />If you happen to need a speaker built into your webcam, which I'm sure is where part of the premium price lies, then you don't have many better options. This issue is, how limited is that use case? Most people's computers have speakers and you could likely get an equivalent webcam and better speakers for the same price.<br /><br />One of the things that bothered me, and one of the reasons I wanted to review the item, is the confusing nature of the marketing at play here. Putting 2k and 1080p next to each other is deceptive at best, as they're trying to indicate it has a 2k auto focus sensor but using verbiage that makes it seem like this might be a 1440p camera (which is occasionally referred to as 2k) to the shopper that doesn't ready all the details.<br /><br />I can confirm this camera is only 1080p and, one of the things really hurting it at this price point, only appears to offer a maximum of 30fps.<br /><br />Does it work? Yes. It works relatively well even. For this price though, you can do better."
90107,1,"The saying &#34;You get what you pay for&#34; Best describes this product. A disappointment, Did NOT work, Tried several different things to make it work with NO luck, Switched selector to different positions, Tried different composite wires, Tried different devices, No luck"
34349,5,Nice quality. Regular sized backback. Built in phone power bank. Zipper works well.
52509,5,To convert my tv to a smart one and stream shows and movie’s.
71164,5,"The device worked so I was able to connect a VCR to my Smart tv.  The description didn't mention this but you need to know that you need two more items to finish your ability to use this product.  You'll need a phone charging block to plug the power cable into for power or some other USB connection source.  Also, you'll need an HDMI cable with a male end on each end (cost approx $10).  One end plugs into your tv or whatever device you're converting to and then the other end into this converter device."
64442,2,"This pouch works well except for one thing.  It's shipped folded in half and the crease never goes away.  The crease prevents the pouch from making proper contact along that line.  If it weren't for the crease, this product would be fabulous.  They should ship it flat to prevent the crease."
43946,5,What do I expect? just that it works- and it does. I have no issues with loose connections or signal drop outs. I use this cable to extend my wifi dongle and strategically place it for a better signal and it works great. It does not seem to weaken the wifi dongle's signal. I go from no signal at the laptop to as high as full 50+ Mbps when i raise the dongle five feet above my head.<br /><br />Great price for a good-enough cable.
15940,1,The USB3 chipset is seen by the system and the drivers were installed successfully but the two USB3 ports are dis-functional. Wast of money as far as I am concerned. Bought a USB3 external drive that works fine on my other system which has USB3 on the motherboard. Installed the card into my game system and neither USB port works on this card.
17582,5,"This 25 ft. cable is high quality with solid BNC connectors. Understand what you're buying! Not too many electronic devices in the US use BNC connectors. I have a TV transmitter that has a BNC port an antenna with a BNC connector as well. By connecting this cable, I'm able place my antenna up to 25 ft. away from the base. Love it, will absolutely come in handy. 5-Stars!"
26330,5,Works perfectly for adding BT to my 10-year old desktop computer. I just ordered a second because the BT driver on my company-supplied Lenovo A485 laptop is completely garbage and loses connection with my keyboard and mouse frequently. This adapter never has issues reconnecting so I’m going to plug this in and disable the Lenovo BT drivers.
61734,5,"I tested this in a USB 3 adapter on my MacBook Air. Why would I do that? What could possibly be the point?<br /><br />Well, I couldn't persuade my son to pull his m.2 drive and test this one against it (haven't yet, anyway - next time he wants a favor bad enough to stop playing Dark Souls to as me for it, I will update with results).<br /><br />Couldn't afford a thunderbolt adapter (what is up with that). So my question became whether USB 3 is fast enough for an m.2 drive to make a difference versus a SATA SSD.<br /><br />And it is. The Nvme drive clocks in at 400-500 mbps over the SATA drive's 240 top speed. And the price of the drives plus their adapters is about equal per gigabyte."
90668,5,"Alexa sings, tells jokes, plays music, and answers all your questions. We'll probably get more for other rooms in the house."
52124,5,Perfect for adding a practical length to the MagSafe charger.
90024,1,It said free but they were not sent back
95993,5,Like it was a two pack can use to charge two things off one port
73777,4,Bought this for mom. She likes it so far!
54798,5,"I ordered the beats and was ready to send them back because they kept falling out my ears. It didn’t matter if I had the small medium or large size earbuds on the beats they would always fall out. I happen to come across these and ordered them and it made an immediate difference. My beats are now secure in my ear and I can do almost anything without worrying about them falling out! The best part about it is the variety of colors that I have! I would definitely recommend these, worth the money!"
3981,5,"This is by far the best kindle to date, for me anyway.  The battery life is terrific and I love I can place it on a charging base [I have a Amazon basic brand, I didn’t need to buy the promoted bundle].  The page turner is so much faster and I love the larger screen and the dark mode reading: less lighting up.  I traded in the 2018 kindle, which was a dud imho with the power switch so super sensitive that it wouldn’t take much of a touch to switch off the kindle..it was so annoying.  Happy now and even though the memory is more than I need for my needs, I am enjoying the reading experience like the earlier models, but now with some great new features.  Happy reader.  After few months of use, I finally traded in my 3G kindle, which was more reliable and acted as backup for the previous unreliable model.  I hope Amazon is able to recycle these older models."
24131,1,"I own two of these and I wish I didn't.  There are pretty much unless as cloud drives, they really should just be network drives.<br />The apps for iPhone and Android are really really bad.  You are unable to change any configuration remotely.  Also WD uses Java to drive some of its software, since Java has been updated, I'm unable to access the drive.  This is due to new security in Java and WD has not updated it.  Also if they did I would be unable to access any configuration remotely because I you can't access the admin programs on the drive.<br /><br />Look at QNap, they are true storage and cloud devices.  Their mobile app are fantastic and you can install different type of program on the drive, even remotely."
83444,1,"I had written a nice review for this device...originally. Presently, even before one year has passed, the lock died. Because of this I must now NOT RECOMMEND this device, no matter how convenient it is for you. It's better that you carry your door key and gain entry that way. That or use Google to unlock your door from your car. I would say Alexa but the app does not play well with Android as an assistant app.  Until August comes out with a lock that works better in the winter AND had solar charging, I would not recommend this device for purchase."
6163,5,"I use SanDisk for all my memory card needs as they've always been very reliable. But Samsung, of course, is a fine manufacturer of electronics, so I thought I'd give them a try.<br /><br />This microSDHC card comes with an SD adapter, but I never use them as I already own a SanDisk USB adapter that plugs in any size SD card.<br />I've been using the card with my SanDisk Clip Zip (the treachery!) and haven't noticed any lag. The card is read just as quickly as SanDisks themselves, and it's always handy to have an extra card around."
47395,5,Everything you need at a fair price. What's not to like?
27860,4,"There are various reasons why everyone wants to have lighting for camera work.  My daughter and I have had a jewelry and pottery business we wanted to start but with everything going berserk two years ago, we put a hold on it all.<br /><br />In the meanwhile, my perfect light that I love which goes on my camera shorted out.  That made me frustrated.  This light is larger, but I figured I can set it up on a tripod.<br /><br />HOW THIS COMES<br />This comes in a box with a foam liner.  There is a Type C connector for charging , a cord, and a screw on adapter for a tripod or on top of a camera if your camera can handle it.<br /><br />CHARGING<br />This took me a while to charge it.  After I left it in overnight, this was fully charged.<br /><br />BATTERY<br />I purposely charged this up and did not use it for a few months.  This battery was still up near 10 hours at 10% lighting on 5600K when I started it up.  That is a great power retention.  Using it, I get a few hours out of it before I recharge and I use it at less than 50% usually.<br /><br />LIGHT COLOR<br />For all of the colors provided by this light, they are great.  What I got it for, however, was jewelry and pottery photos so I am not going to be using the RGB lights very much except for advertising photos perhaps.<br /><br />WHITE LIGHT COLOR<br />The white light color is kind of frustrating for me.  I like to have natural lighting that does not add color to the photos.  That means that in my situation, anything above 50% is too bright.  This light only goes to 5600K in cool tones, but when I use it under 50% it still has some green/yellow to it.  Yes, I can edit it out with color adjustments in my software, but it is a bit frustrating.<br /><br />Some photos work out well, but others not so much.  I do like a bit of yellow in my photos, so I will pull it down a little bit toward lower K value if I want warmer tones (aka sunlight type)<br /><br />CONTROLS<br />The controls are easy to use and I like that it is mechanical and not software driven.  The battery left is shown clearly and the settings are also lit up well.<br /><br />WEIGHT<br />This is a heavy light.  It is twice the size and weight of my other light so I can not put it on my camera.  I use a tripod instead.<br /><br />CASE<br />This does not come with a hard case which disappoints me.  It has a cheap velveteen bag with no padding.  It is nice, but you will need a case to keep this in for protection along with your camera.<br /><br />THE BOTTOM LINE<br />This light is not bad.  It give me some settings to work with on my jewelry.  I would like it better if it was just a bit cooler in capability (higher K).  As it is, I use it, but sometimes I find myself adding other lights to balance out the tint of this one.<br /><br />MY RATING<br />FOUR STARS.  This is nice, has nice battery capacity and retention of charge, but the light white color is not quite as nice as I was hoping for.  It still is decent and I use it."
5511,4,"This is a great CD storage solution at a reasonable price.  All corners of the covers are re-enforced.  The fold over snap edges of the box add a nice stability.  You can pick up the box with 1 hand without it twisting/bending.  The only reason I took away 1 star is the snaps on one of the boxes woere mis-aligned, so that box could not be assembled. However, kudos to Amazon, who sent me a replacement box, immediately."
59277,5,"Best purchase I've made in a long time.  I LOVE that I can charge my phone when I go to bed and it's right next to me.  The clock itself is very basic, but love the charging station."
26009,5,"This light set comes with multiple, adjustable phone holders and a tripod. It has a remote to control the light. There is a power cable and an adjustable stand. This set is portable - everything fits in a bag with the exception of the stand. The ring is easy to assemble. To take a picture you can place a cell phone in the center of the ring (this piece is adjustable). The holder holds the device firmly/securely in place.  The light is very bright and is controlled by a touchscreen. You can easily adjust the brightness and warmness. It has warm and cool tone settings. Great quality when using for selfies or photo shoots needing background lighting. I’d recommend it."
31473,5,Seems like a nice idea.  My friend got a similar antenna so she could watch local channels and she’s very happy with it<br /><br />I like the design overall.  Call a professional if you’re not sure how to mount it<br /><br />I think it looks nice and hopefully will install for you easy enough so you can enjoy local channels
33067,5,"I have used chrome books for years at school and home. Recently bought a PC with windows. Hated it and bought this gem to replace it. Took me about 20 minutes to get everything set up and working, unlike the windows PC. I won't go back again. This charges quickly, battery lasts a long time, and doesn't get hot on my lap. I am very pleased with my purchase. Pretty light weight and the keyboard is Backlit. Since I lounge in front of the TV with mine, the Backlit keyboard is a must."
76716,5,Works perfectly. Nice to be able to have a spare charged battery when you need it.
68370,1,"This thing is a complete joke and waste of money.  There is no way it reads 150 cards--it barely reads microSDs without cutting in and out!<br /><br />I bought it because it seemed it might be one of the only options I had for reading an old SmartMedia card.  FYI: does NOT read Smartmedia.<br /><br />It also feels and looks very cheap, and has been unreliable to read even basic SDs for me."
86361,4,It's pretty good seems to hold a lot of items.
73641,1,"Poor fit. Holes lines up, but there’s not enough lip to snap in place. If top snaps in, bottom pops out. Vice -versa, bottom snaps in, top pops off.  I’m using double-stick tape in four corners to hold in place until I can purchase a far better case. Not a happy customer."
10327,5,"awesome service , awesome all around , love it , thank u guys"
20862,3,The charger is great but had to order another cord since the cord it comes with is a joke!!!! Wasn't happy with this fact either!!!!!
58006,3,cheap and definitely will crack over time but good for the price and it will do the job for the time being.
85418,5,"very nice quality and packaging,, works GREAT"
10227,3,I actually prefer the regular AirPods.  With the pros there is almost too much noise cancelling.  I also hate that you can’t tap to skip or make adjustments.  The thing u have to do with pros is moser difficult and not as effective.
13831,4,"I bought his camera for my tech challenged parents who wanted a small easy to use camera for their vacations. There is a setting in the menu &#34;easy&#34; that they can leave and get automatically the best settings without them having to change much. There is also an easy slider botton that changes between photo, panorama and video... so far so good. The only downside is the battery life, I felt that they ran low fast. I bought a 2 pack and car charger in addition to the original items in the pack and that was perfect for them."
67455,4,"I ordered the small version some time ago, tried it with a Linux system, and it's a little slow to respond sometimes, but it worked well enough (and still does). And nothing special was required to get it operating. I plugged it in and it worked. There's no convenient way to customize or modify the operation though---you get what you get. It has a small footprint which is handy for crowded desktops.<br /><br />More recently, I ordered the large version. It only partly works with Linux. The touchpad part works---the cursor can be moved around with the pad, but the buttons don't work, and no tap-to-click function. I tried it with Debian and Ubuntu installs, and the buttons and click don't work with either. The pad itself works fine when plugged into a Mac machine, so I'm guessing it's a driver issue."
43190,5,"I ran out of USB ports on my laptop and this hub helped me get everything I wanted hooked up, working and having zero issues. I like that it is small, so it is easily taken with you when you go on vacation or out of town for work. This hub also has a nice blue light to give it some coolness too."
30645,5,Great replacement cable for an old iPod.
38805,5,I’ve enjoyed NHT Speakers since the early 90s. A lot of bang for the buck.
26439,5,My mom got me this kit for my birthday and I love it! It has a lot in it to set you up for success it works amazing!
23520,5,Worked perfect!  Insert USB and WALLA!!! Working Perfect and Fast.  Super happy!
90128,5,Hard to belive this works as well as it does.  I'm thinking of getting rid of my cable.
54979,5,This worked well with my IPad but the adhesion on the end with the button sucked very badly.
67254,1,it worked for 6 months then stopped. Really disappointed as  it had good reviews.
53108,5,Works just perfect so far.  Just had it for a week.
69265,5,"This Magnetic USB C Adapter from EndlesShine is indispensable for me. I had the ports replaced on my MacBook Pro and they’re loose again. Bumping my laptop is all it takes for cords to fall out of the ports, which is super frustrating when I’m working.<br /><br />I’m using the L Shape adapter with a dock. I have an external monitor, power supply, and some peripherals plugged into the dock. This magnetic adapter transmits and powers everything perfectly. It supports video output; I’m actually using the adapter right now and typing on my external monitor. I get 4k@60Hz video output. Not all magnetic adapters support video output, so it was important to me to have one that does.<br /><br />The adapter and tip are small enough that I can use the port next to it. The magnetic connection isn’t super strong. Strong enough to keep the adapter and tip connected to each other, but if I pull on the cable or drop my laptop, it’s like MagSafe and reduces my chance of damage.<br /><br />I have a few of these adapters and so far, none have been compatible with each other. This isn’t a negative, just something I wanted to mention. I was worried I would mix them up, but the adapters only like their tips."
67462,5,"I'm using this enclosure for an earlier-gen SATA thin profile 500GB Western Digital hard drive and getting great results. The fastest removable media I own is a SanDisk Extreme USB 3.0 flash drive. And with this enclosure, the WD hard drive is hitting read/write speeds that are almost as fast as the SanDisk Extreme. It's not nearly SATA III fast (since it's not a SATA III drive), but fast.<br /><br />I followed the recommendation of other reviewers and reformatted the hard drive to MBR and NTFS file system before using. This requires using DiskPart or Disk Management in Windows. Instructions are available on the web.<br /><br />Older hard drives with a thick profile won't fit this enclosure. If you're not sure if your hard drive is thin profile and you don't have a metric ruler handy, if it's a quarter inch or less in thickness (and has a SATA connector) it's thin profile and will fit this enclosure.<br /><br />I did not get good results testing the enclosure with a desktop computer with only USB 2.0 capability---it was very slow or not even recognized when plugged in. I don't want to blame the enclosure, because I've had similar issues with other brand enclosures and that same desktop computer. But I want to mention this in case you're thinking of buying this to use with a computer that only has USB 2.0. You might do better to get a USB 2.0 enclosure."
20091,4,"Works well in my Brother label maker. Feeds fine. Always have trouble getting the backs off, but that is the nature of the beast."
16200,4,"I love South Park and I love my little Kenny. He has never let me down yet BUT it would be very handy if there was a cord or something so I could hang him around my neck or even drape the cord out of my pocket so I remember it is there. It is just so small that I am afraid I will wash it. If it had a cord of some sort, it would be perfect!"
69489,5,"I can fit even the larger phone in there no problem and it stays on my arm even when I'm soaked in sweat. It's comfortable. I'm not getting any kind of prickly heat problems from it. I've never had the phone slip out, and if I slide a metrocard or a few dollars in along with the phone, those stay put just as well. It has never given me any trouble. It's reliable. It's well made. It's sturdy. It's exactly what I was looking for."
2978,5,"Great Belkin backpack for the price.<br />Its lite weight till you fill it up.  The inside has a big pocket for your laptop. My husband put his large ipad in there.<br />below that is a smaller pocket for accessories.On the other side is a mesh large zipper pocket.<br />On the front is a zipper pocket, and near the top is a small zipper pocket you can put your hand into ., Plus<br />the double zipper to open the inside side, which is large and easy to pull anything your want out from the inside.<br /><br />The color gray is for a Women or a Man.<br />It is all padded and comfortable to wear, or grab a hold of."
28204,4,"I ordered the 'Emart Heavy Duty C Stand Max Height 10ft /300cm, Adjustable Photography Stand with 4.2ft/128cm Holding Arm 2 Pieces Grip Head and Baby Pin for Photography Reflector, Softbox, Monolight' for review and would like to share some of my thoughts.<br /><br />I have been using this C Stand for some time now and I would like to first say that this is my very first C Stand so I don't have anything to compare it with but I can say that this thing is a beast and is very sturdy. It was very simple to set up and I appreciate the fact that it comes with the Baby Pin, which I use all the time with this stand. My only complaint is that adjusting the arms can be a bit of a pain as you really need to loosen them quite a bit, then pull them apart manually to separate the teeth to allow the arm to freely move. Not having had or used a C Stand before, I am not sure if this is a common issue with other brands or not, but I would think that there would be a spring in the arm mechanics that would push the teeth apart when loosening the clamps and make the adjustments a bit easier.<br />With that said, I still love this C Stand and would highly recommend it, as it is very well built aside from the clamps issue. It is as described, and very heavy duty indeed."
14909,4,"I picked up this camera as an inexpensive travel camera. Sometimes you want something better than your cell phone and there are times when you just want a camera that is nothing else - just a camera. This one from does exactly what it should - takes pretty pictures in a simple manner. You can easily see them on the screen and delete them immediately and just move on. The 16MP allows for nice portraits and details of those tourist sites on the road. I installed a standard 16 gig SD card in this and have had no problems with it at all - another benefit to not using my phone, no tying up the memory there. The camera comes with a cord & software for downloading your photos to your computer. All things considered, this is a nice little quick use camera to keep in the car or your tote bag on a weekend jaunt."
53805,3,"Bright white Echo Dot looks exactly as pictured.  I cannot tell the difference in performance from first generation Echo Dot.  Dropped one star for having a black top, cord and charger.  I knew this when i ordered but still don't understand why they would not have made the top white and the cord white (like the white Echo)."
84637,4,Sellers love to have you review their product quickly (and nag you!) and I don't fault them. But for a product like this it takes time to see if it will hold up. Satisfactory so far!
95223,4,"So far so good with this one...I was worried, because of some of the reviews, but I have had a very good experience so far.  I will update if there is a change."
6574,5,Purchased this type because I needed a power strip that doesn't need all of the USB power units. This type I can omit all of them and just plug the USB cords right into it which saves a lot of space. This one has really nice options on how you want to plug things in.
71952,5,"Bought as a birthday present for my grandson, he got his first tv in his room! He says it is very good!"
73753,5,This is great! I have 3 laptops since working from home due to Shelter in Place order and I had to switch between laptops with my old Bluetooth keyboard and it was a PAIN. this keyboard allows me to connect to all 3 (max) and switch between them with a push of a button.<br /><br />It does take some time getting used to it such as typing thinking your on one laptop but you’re not (or maybe that’s user error!) ha!<br /><br />I WISH this keyboard also came with a mouse. I had to purchase one separately that also connects to all 3. That’s the only negative I have to say about it.
85940,1,"Too small, color does not match the picture at all and it’s cheaply made."
38095,5,It’s a plug for the tv since we lost ours. It does it’s job. No real review to leave.
7787,5,I find having two batteries very helpful.  The are easy to recharge and light enough to keep handy in my camera bag.
40062,5,I ordered this as a Christmas gift and was amazed at how realistic it looks!
44595,5,"I've been using mine for a month and wow, I'm impressed. A friend told me &#34;you have to break in a video card&#34;, I understand now because the performance has increased and the video got better just from using it. I have it installed on a Gigabyte 970 board and I think the performance and what it will do on an Asus 990fx board would be crazy cool. My next project..."
59999,5,It has only been a few weeks but I am impressed. Great value. Covers the house. Not resetting constantly. Easy set up.
71533,5,This works as expected. Easy to install.
58341,4,Its okay and does connect to many devices.  The material quality is subpar and you must be careful.  My charger did not fit the port which is misplaced.  I used a different charger.  Probably worth the money.
41755,5,"Great smart cover, half the price. Looked brand new!"
86692,3,Like the size of the case and it fits my surface book perfectly. The biggest problem I have with is it a major lint magnet. Will try and spay it with scotch guard to see it that helps. not sure what the fabric used is but I have never had a case that does this.
74804,5,Love these. I transferred files from an old drive that was so slow to lead & these are lightning fast. Super cute small size & they are distinctive looking. Great product.
23077,5,"Why is there reluctance to use these very useful trackers - that save so much time in locating the important things that always disappear??  Once we bridged that reluctance, we’re raving about how easy these are to use - one tends to forget about them until you need to use them.  So, we’ve won over the household and keys and cell phones are easily and quickly found.  Great choice once you get folks to use them!"
81552,5,Easy to set up and amazingly good programming
21224,3,"I got excited to see one of these small portable LED style ones that actually had a decent native resolution (most of them can accept 1080p, but are in reality only 800x600 resolution, or sometimes worse... 640x480!). This one is actually capable of displaying 720p of real dot resolution, which should make it at least as sharp as my Viewsonic and other traditional HD projectors. Ok, perhaps I'm spoiled, but I'm comparing this to our Viewsonic 720p projector that, to be fair cost me 3-4x as much.<br />And for the most part, it DOES work, however there are some caveats to its use. First of all, it doesn't seem as sharp as my 720p projector, even though it should have the requisite amount of dots. It's OK, its definitely better than the cheap 600p projectors, but something just isn't quite there when comparing side by side. It also doesn't get all that bright, but I suppose that's expected from the LED tech being used. You'll need black out shades or use it only during the night. Then there's the color- it isn't great. It works, but it has a cheap color reproduction that looks kind of flat and lifeless. Dark scenes sort of all blend together and become nearly impossible to see. It lacks the vibrancy of even an inexpensive television from decades ago. It gets the job done, but hardly the ""theater experience"" if you've been waiting to see that latest action/vfx film the way it was intended. It will look better on your TV at home, the only thing this has going for it is the large projection experience. For example, if you just want to give your kids a backyard movie night and don't care that the color and detail won't be as great as your indoor system, it will do the job on the cheap. I personally would not give up my mid-range projector for this one.<br />One thing that I found particularly annoying is that rather than the optical zoom and focus dials found on usual projectors, there is only a focus and tilt dial. No zoom. That means you have to physically move the projector closer or further to get it to reach the correct size you are shooting for. That actually got in the way of using it in a couple of specific places my other projectors can be used at optimal sizes.<br />That's not to say it gets everything wrong- I DO like that it is small and light and can even be turned on it's back to aim at the ceiling. That's something my big projector can't do, due to the airflow and cable management sticking out the rear.  It also has a standard 1/4"" 20 threaded tripod mounting point, so you can place this onto a tripod and get maximum mounting freedom. That will come in handy as I've always wanted to watch a movie in bed on the ceiling. But otherwise, don't think this projector will be as good as the other mid-rangers out there. This is still very much a low end projector. You'll have to spend at least 2-3x as much to get a decent home theater style experience, and much more if you want a high end one that will handle FHD/4k to get the real deal. This is more of a specialty use item."
84946,5,"Hopefully I won't need this, but feel better knowing my appliance is covered."
79147,1,"The unit I received failed in less than 24 hours. Seemed to be working fine at first, but then the picture flickered out on the TV and the green LED on the front went dead. Save yourself some aggravation and pay a few dollars more for a reliable product."
60316,4,"I am using this for my Garage Door opener, to protect from the many storms we have that will burn out electronics that are not protected.  I years past, I lost a garage door opener to a Surge.  I feel paying a small purchase price is worth the protection and inconvenience of a loss due to a lightning induced surge."
44521,3,"Not very easy to install, won't stay in my ear.  Very frustrating.  Disappointed in product."
2398,5,I bought this just before a hurricane. We still had power but no cable. The picture is BETTER than cable. We are receiving 32 channels. It is great. I am thinking of canceling some of my boxes and using this instead.
9941,5,These are a good deal if you need a variety of colors.
33797,5,"I have used this product and it works very well.  If you use a power cord to charge the GPS, just remember to remove it prior to trying to install or remove the mount.  It is a little awkkward to insert the power cord into the GPS after it is mounted it place, because you have to feel around with the plug blindly to insert it."
90554,5,"I only use this on demand, so don’t know how motion etc works. But when I use it the picture is great with good app response.  Very small and discrete."
13971,5,my Cannon  A1400 fits nice with extra batteries
15075,5,"[[VIDEOID:5ccab2044675ebd47957448b1e0ac5e8]] I think this will actually be a useful item, as opposed to just being a cute gimmick.<br /><br />The fan is all plastic, of course, but it seems to work really well. The base is not super stable, but there are many ways to make that heavier if necessary. This does not run on electricity, but instead uses a USB charger plug.<br /><br />The fan itself is good as well. It has a wide range of positions, so you can aim the air flow to your preference. There are three speeds; low, medium and high.<br /><br />With warm weather arriving soon, this little guy should help make the nights a little cooler for sleeping. It would also be a good little fan for a work desk, provided you have USB plug access."
81995,5,Easy installion.  Superb Customer service. Wifi connection in the home is improved. We could not be happier with product at this time
83055,5,"I used this in my garage for a 55"" tv. Installed in about 10 minutes in block and sturdy as heck. Can move it and angle it to where I can see it anywhere in there..."
11023,1,"I thought this would be great, nice and easy, because I have a camera that holds exactly the same: 1GB, Olympus.<br /><br />When ever I put the flash into my PC it wigs out, says error, and its not able to recover anything. I tested it out first with a few pictures i didnt actually care about. It ended up wiping them all. Glad I thought ahead!<br /><br />It also said that I needed to program the product before use. I followed the only two steps, (no brainer, click &#34;yes&#34; and &#34;ok&#34;) and there were issues with that as well, &#34;error&#34; messages again. Because the steps were so easy I am sure its not human error.<br /><br />Save your money, it's a piece of junk."
20472,4,Thanks works as needed. And good value 2 for 4$.
63077,5,"Tips are easy to install, come with a protective mesh to keep gunk from getting into the pod mesh, and conform so well to your ear canal that it makes the noise cancellation work better! It also makes the AirPods far more stable in your ear, almost customizing the fit. I bought this version for my kid, and they couldn’t believe the difference."
74319,5,Boy this is a great case for my lab top.
7878,5,I like the quality of the Anker cable products. They seem to last longer than other manufacturers products do.
71282,5,I just feel safer with a protection plan.
21559,5,Just as promised.  Excellent.  Thank you.
76822,5,"Works very nice. Added it to my CAPSMAN setup in my home. I like having the added 5ghz capability. I am a network professional and I have been using these for some time. This is not a typical home router and requires knowledge of networks and how they work. I would not suggest this as a home solution for your average user, but if you know what JUNOS and IOS are and are comfortable with them, then give this a shot. I switched from Cisco to Mikrotik and my wallet is much happier."
92957,5,Very impressed with this product.  Many useful features.  Works great.
53018,5,"Using this on a 17"" laptop. It works perfectly. It's OK that the cooling pad base is smaller than your laptop because what you're looking for is fan alignment to the heat vents on your laptop. Worth knowing this is whisper quiet. The white LED lights are good but personally I don't understand why they have them because you can't see the lights when your laptop is on top of the cooling pad - weird design decision."
13879,5,"I was a bit skeptical, but this is a great device.  We use it for Prime video, netflix and hulu.  Plus PBS and History channel have some great programming.  getting ready to cut the cord."
35964,4,"This radio is a lot smaller than I thought it would be.  I guess I've watched too many movies, because I was expecting something much larger, more military, like in a movie where a group of soldiers doubletimes it to a an evac point and then uses their radio to call in a chopper.<br /><br />This radio is tiny by comparison, it's smaller than the freebie Clinique bag I got from Nordstroms.  The radio itself is very lightweight too, which I would have already known if I'd taken the time to read the product description.<br /><br />Also, it's a bit quiet.  My husband and I had to strain to hear it, but since it is so lightweight, it wouldn't be much of a problem to carry it close to your ear.<br /><br />The screen is tiny, but easy to read and once you've turned the radio on, it doesn't crackle and shoosh roaming through stations to find a live one.  You have to manually turn it to the station you wish to listen to.  The reception was pretty good, we live in a flat area and get a lot of radio stations, but I'd imagine that if you took this hiking, you might have trouble receiving anything, the antenna is a bit short.<br /><br />The crank seems a little flimsy, I imagine that repeated cranking would cause a stress fracture that would eventually break, rendering the radio mostly useless.  We haven't tried charging this with solar power yet, it's been super overcast here, but as soon as we have a sunny, rain free day, I'll give it a go.<br /><br />Pretty good radio, I don't have any other emergency radios to compare this to, so I don't know if its flimsier than it's competitors."
96150,5,It works with the 7th generation iPad model # starting with M and also with A
13254,5,These ear buds are very comfortable and perfect for working out. Great value for the money.
19097,1,"These do NOT fit Xbox One controllers. You can put them in, but the battery chamber cover won't close. Do they work? Yes, but they don't fit properly and should not be advertised as being compatible with Xbox One Controllers.  Don't buy these if you have an Xbox One"
46646,1,I ordered case for iPhone XS.  I have no clue what this fits.  Wayyyy to big
65826,1,I bought this and got it in and one of them is made completely different it won't  even fit in the port! I have a galaxy s20 ultra. Very disappointed I hate that I have to go through  the headache of printing a label and taking it to a drop off. Hopefully  thr replacement  will work!
5401,5,"We have several networked devices in our house and also several individualized networks configured. Not all of the networks can be seen by all devices so I looked to this Belkin USB WiFi adapter to allow one of the older computer systems to access the most reliable network in the house - a 5GHz network that only one or two of the systems can see.<br /><br />Installation was a snap. I popped in the CD, told it to install the drivers and we were off to the races. The particular target system was a 32-bit Windows Vista laptop. After just a couple of minutes the driver was completely installed and when I plugged in the USB adapter is was picked up immediately. I could see the desired network as well as several other networks in the neighborhood that were previously invisible to the computer. I shut off the built-in adapter, connected to the 5GHz network and went to the net.<br /><br />So far, the connection has been very stable and speeds have been excellent. The router to which it is connected is a TP-Link router and so far we have seen no issues between the two devices. I have not had this adapter very long so it is still early to say it’s completely stable but all indicators up to this point have been very favorable.<br /><br />Several other reviewers have mentioned that this adapter does not work with Linux. This  is true - there are no drivers available for this adapter other than for Windows XP/Vista/7/8. If you need an adapter that will allow you to connect a Linux or Mac system to a wireless network, this is not the device you need right now.<br /><br />So far I can’t find too much about which to complain concerning this router. It seems to be stable and reliable on the system to which it is attached here. I am satisfied with it and based on my experience with it can recommend it - if you’re sticking with Windows."
4110,5,"It is able 2.5 inches deep, but yet inside we found it held a lot of storage for hardware,  the two zipper case opens up to:<br />1) right side has an expanding cover that is where you can place a hardrive.  I placed my Sony Bloggie and the charger.  Totally ample room to put another Bloggie, back to back!<br />2) left hand side is a double sided fold that on one side holds Four SD cards and ONE compact flash card.  The pockets are actually quite generous for the SD cards that I could put two in each pocket!  I think this is Greta for an avid photographer, like us! On the other side of the fold are TWO pockets for USB sticks.  I wish this side of the fold had some more pickets as there were spaces to hold USbpB sticks!<br /><br />The case it self is made of a hard plastic, still feels soft.love it very compact.  We are going to use this a lot for photography that will fit wonderfully neat in our camera backpack.  Yeah."
85713,1,Disappointed. I could never get it to work correctly. The image was extremely dim. I never got the images into focus no matter what I tried. I also could not get it to recognize video sources.  I did get it to recognize a flash drive but the picture was so bad I could not clearly make out what the images were.  I fully realize it was a bargain price/device and was never going to provide a HD kind of experience (I wanted something I could use as a backup) but even so it wasn't worth it. Ended up returning it.
5475,4,"This is my first attempt at using a stylus with my iPad mini-5. It was easy to set-up. 1. Just turn it on, 2. check your settings so apple pencil only is off. 3.Then went into notepad tapped pencil, started writing strait away. Ill update the review more after I have used it for awhile."
58942,5,"Totally recommend these for anyone who wants to block their laptop or tablet cameras.  They adhere well and look good.  To slide them over, you don't need to apply alot of pressure. They are small and very flat. I am truly pleased with them."
29569,5,"I use these when I travel. Upgraded to another brand when my Thinkpad was destroyed in Israel. After many countries, then back to the US, I ended up with an old, used X201 again! They're that reliable and still fast/enough RAM. Only drawback is no SATA 3, but with an SSD HD, speeds are acceptable. Best part, you can swap out about any component and on the 9-cell batt, last an overseas flight before a charge is needed."
42014,5,"Seller shipped fast, arrived safely, and paired perfectly with the 8gb Samsung Ram I already Had in one slot on my HP Envy Desktop. Highly Recommend.<br />Thank You"
39230,4,Important to have and for the price why not. Haven't had to use
95893,5,This cable worked great and was delivered quickly.  This was my second order and will order again.
37653,1,"The ""name"" of this product is completely misleading!  I received this kit as a gift.  They sent 55mm lenses which do NOT fit the 18-55mm lens on my Nikon D5000 (which is an AF-S Nikkor 18-55mm 1:3.5-5.6G).  The correct size is 52mm (look inside the lens cap).<br />I will be returning these immediately as useless.<br />If you're searching for good quality lens filters, look to Tiffen - theirs are better quality than these."
8424,5,Got these for my wife for Christmas and luckily they got her before the mess up . wife loves and hate them she has to keep picking and changing the case to match her outfilt ever day . Overall just great cases well worth the money
2369,5,"Terrific. All one needs to have great music at a backyard, beach, etc party is a smart phone and this small speaker. Really cool!"
17643,5,"THE GOOD:<br />--------------<br />* High quality, heavy duty, gooseneck for your smartphone or tablets. Mixture of aluminum and plastic.<br />* Will take 4.5"" to 13.5"" devices.<br />* The gooseneck itself is about 24 to 25"". I'm not counting the clamp, or the holder.<br />* Nice box packaging makes the product giftable.<br />* Clamp is strong and sturdy.<br />* Has a minimalist design/look to it.<br /><br />THE BAD:<br />------------<br />* Nothing. 5-Stars."
32730,5,"After a bad experience with another flat amp antenna I purchased the leaf for just over $50 .<br />It picks up 19 stations in the ""low country"" around a lot of tall pine trees.(20 is the max number of stations in a 60 mile radius here with any antenna according to the TV manufacturer).<br /><br />You can paint the ant/ cables to match the walls. Comes with push pins for walls and Velcro for wall or window if you want them.Also has a plug into TV for the amp or you can plug into the wall like I did so it isn't hampered by the surge protector.<br /><br /> I get ABC, CBS,NBC,FOX,THIS,3 PBS stations, 3 Christian channels,a Spanish channel, WE,GET,MY,BOUNCE,YOU TOO, one music video channel and one other. The reception on all (but 2) is exceptionally strong with no blips in power even if you cannot put it in a window. I have mine hanging behind my curtain and most channels get 90-100% station strength almost constantly when 35%, even 30% will give you the station clear enough to watch a program with very few ""blips"" in reception.<br /><br />I am enjoying not adjusting the Rabbit ear antenna (when I watched certain channels) even though it worked *good* enough for the money.<br /><br />If you had another antenna before that only picked up 5-13 channels (for exp.) and you switch to a more powerful one like this, remember to unplug your TV a good minute before re- auto programming ( I forgot at first myself) as some TVs seem to ""remember"" how many it gets and stops at that number.<br /><br />No need for an ugly outside antenna with this one.<br /><br />When I use my hair dryer or turn on another ""power draw"", it doesnt get the interference the previous amplified antenna had, so probably uses less electricity, yet pulls in more stations.<br />I'm very happy with it. I get more channels than my basic cable had that I enjoy watching also."
10188,5,I wouldn't get anything in without this boost. Very happy!!
46087,2,"I own 2 zenbooks. The laptops perform well, but the customer service for warranty claim is beyond terrible. I have a keyboard key that became loose due to a broken latch under the key. The first thing that they told me was that the warranty already expired without asking me when I bought it. I bought mine from Costco, and they are both less than one year old. Then after sending in the invoice, they told me that they could not read the invoice pdf. I asked if they could just send me a key. They told me that I had to send in the entire laptop. Basically, they are not interested in honoring the warranty by making the process as painful as possible. My next laptops will not be ASUS. I hope there are other better alternatives."
37808,5,I ordered three cords and tried them all! This one seems the fanciest😉. It works good and I hope it lasts long. The cord it pritty and soft!! It is high quality and the packaging is the nicest I have ever seen for a cord. !!! Super present worthy packaging!! I'm so impressed with that. Looks so hot!
99229,2,Not impressed with this product. Not working now and can't return.
79252,3,Stopped working after about two months.  Not very well made.
98052,5,I have used these on my phone and computers to cover the camera lens.  They work very well for that purpose and are easy to apply.  I like knowing my camera lenses are covered and the covers can be slid open for when you want to use the camera.  They stick very well and look nice.  I used to use a piece of paper taped over my camera lens but these look so much better.  I like knowing that if my camera gets hacked at least all that can be seen is black.
66747,5,"After my first two pair lasted me 7 years, my grandson usurped them and have lasted him another 2. Some earbuds fail to endure a week of his Autism enhanced usage."
66140,5,I use Fire 7 as ebook reader. This case protects the back and sides of my tablet without adding too much weight so it's easy to read while lying down.
10948,1,"A useless ""sticker"". It has a clear backing that you can not take the gold peices off of; if you do, they break. The good reviews are either old or falseified, as it does NOT work for covering a phone backing. Waste of money. Also its worth mentioning that it took 2 months to arrive, which was a new low for Amazon. Total waste of money."
79580,1,"Both screens scratched and marred out of the package.  Instructions bear absolutely no resemblance to either the screens or what’s in the box.  Seriously, “Amazon’s Choice”???  What a joke.  I won’t bother to spend the time necessary to do anything other than warn people off….into the garbage.  Typical Chinese lack of quality and attention to anything resembling Stan dares."
89801,5,Cord worked perfectly with my grand child's Leap Frog Pen. Shipping was quick. Quality of the cord is very good. Love the way new cords are reinforced with the woven material on the outside.
98974,5,"I needed one that had the larger letters and the keys are much wider.  The other keyboard I had, I was always hitting 2-3 keys at one time.  Love it."
49217,4,A very sturdy apparatus that does a good job at holding my tablet at the level I position it in. Just wish it extended a little longer.
39713,5,"EDIT:  Lasted seven years with about daily use.<br /><br />______________________________________________________<br /><br />IF you can find this, love it for cds and radio."
92816,5,A great replacement clicker. Especially when one of your buttons doesn’t work.
93884,4,"Awesome clock, love the adjustable projector that I can put on any wall or the ceiling at any angle and can flip so that no matter where the bed is the time won't be upside down or backwards. Great big display, lots of options. Takes some looking at the instructions to program. Don't use the radio but it picked up a station immediately. The display has several brightness options, my only knock is that in my opinion the dimmest is still pretty bright. 4 stars out of 5 for this and the fact that its a bit pricy."
56426,5,I bought this to replace the motherboard in my laptop this time.  I cleaned the CPU and installed in the new motherboard with this and a new fan and it's been rock solid.  No problems at all.  This stuff is the best you can get!
46043,4,Bought it for my husband and he loves it. It's kinda hard to get it to stand vertically but he love the professional look of it.
51124,5,Much better picture than Nest and less than half price!  On board storage means no cloud fees!
32933,2,"Was disappointed on the noise canceling and the quality of the music.  Other than that, they fit great, they are well built"
15400,4,"This is great for 7 inch kindle, not for  tablet though.  Even for 7 inch, not good if you have device in case."
91016,5,"This is my favorite little work table. Pops up quickly; folds down easily. Small enough size for easy handling and storing, big enough for quick jobs like folding clothes, paying bills, sorting hobby items, etc."
56312,1,This takes a real professional to install the wires don't match up. They wouldn't return it
70994,4,"I ordered this for my husband because he spends four hours a day commuting back and forth to work. I really thought I was going to have to set it up for him because I’m the technical geek but this was so easy to set up he actually did it himself. Of course I checked to see if he’s using all the wonderful features this has. It really does have an excellent view around the entire car. This gives a little peace of mind and he seems to really like it. The night vision on this is outstanding. The camera does everything, all he has to do is get in the car. This is a really great product for us."
11566,5,"Finally, a traveling Alexa. It goes on the front porch, into the back yard, and each room in the house. The battery life is very good and recharges quickly."
87234,5,Excellent case. Excellent customer service. Returned because we ordered the wrong size.
60921,1,"If you hate the thought of wasting money on something that will just end up falling off your wrist, then DO NOT BUY THIS PRODUCT. I purchased two Fitbit Flex models, one for myself and one for my husband, on April 30, 2015. I didn't buy them from Amazon, but I did buy them from an authorized retailer. By October, my husband had quit wearing his because it wouldn't sync (we figured out this was easily fixed by restarting the phone the Fitbit app was installed on). He put his up and I continued wearing mine. During this time, my Fitbit started unlatching and falling off my wrist occasionally. I would find it laying around, or would notice, then retrace my steps and find the tracker. Fast forward to January: my Fitbit tracker fell off and was lost for good. I couldn't find it anywhere. I assume some lucky soul found it and calls it their own now. I started wearing my husband's tracker at this time with no issues. Then in March, it fell off my wrist in the parking lot of my office. I didn't notice this until it was too late. Someone I work with found it and returned it to me. Unfortunately, it was ran over by a vehicle (judging by the marks on the band) and crushed. No more Fitbit. Full disclosure: I tended to play with the fastener on my first Fitbit, though I made myself not do that anymore after losing it and using the second one. I also had 9 total bands with which I used the Fitbits in  this review. I though rotating between the bands daily would keep the fastenings tighter and reduce the risk of losing my Fitbit. Not so. When I decided to contact Fitbit and ask if they might be able to help me remain a loyal customer by giving me a percentage off my next Fitbit purchase, they obliged after a string of emails back and forth, sending me an email code to be used ONLY on their website. The discount was for 25% off, which is the everyday price on many of their items on Amazon. I should have pushed for more, but I didn't realize that until I went to compare their web prices with those on Amazon. In short, I feel like I dropped $200+ on Fitbit products and all of that money was lost. Their products with a watchband type fastener seem to be better, so my only caveat is that if you choose to buy the Flex, be prepared to lose it. I am currently without a tracker and have thought about buying one, but I am gun shy when it comes to dropping another $150 on a Fitbit Charge HR (has a watchband fastener) when I know the company doesn't stand behind their products. Sorry, Fitbit."
31250,3,"Like it says in the headline, this foam is of good quality - it has heft, it easy to cut, and feels quite supportive. It fits the case perfectly, of course. However, unless you have a laser cutter or considerable skill, the Pick n Pluck cubed foam is *much* easier to work with. Even with a good hour's work of work using an art knife, a razor, a straight-edge and a t-square, I could not get the same clean, perpendicular lines as I had with the cubed foam in about five minutes. The original foam is even less expensive right now, ~$26 vs the $29 for the Cobra foam I'm reviewing here.<br /><br />Maybe if you are working with complex curves and have the skill to cut them, this solid foam makes sense. However, if it's all straight lines, I recommend the OEM foam (ASIN: B0018NG3LS) instead."
13606,5,"If you own any of the Vanguard tripod models listed as compatible and multiple cameras this set allows you to keep two of them configured for quick swap.<br /><br />The construction is precise, although these are  not magnesium alloy like Vanguard's shoes. That is not an issue for me because they have near the same feel and the same precise fit. I can say for certain that these will work with the [[ASIN:B003BQ71MA Vanguard SBH-250 Magnesium Ballhead with Sliding Quick Shoe]], with which I tested it. As for the other models I am going to take the word of the product description. They also come with a pair of allen wrenches, so in that respect these are a complete solution.<br /><br />If you own a Vanguard tripod with a compatible head these are as good as the more expensive Vanguard counterparts in my opinion."
29893,5,Love ... I can't believe how much stuff I can fit into this bag... I have a 14 inch laptop that fits perfectly along with the cord and all the essentials you need for work or travel... I do agree with another review it's a little heavy but it's okay the quality is outstanding for the price!!
7777,1,Charges as instructed but died after 15 seconds of use. Returned.
44706,5,"An excellent pci tuner card. You insert the card; install the drivers and WinTV software. A big reason I purchased this card is it has a separate FM\cable\Satellite connection in addition to the digital HD antenna connection. I have a good, long range, outdoor Phillips HD antenna mounted on my apartment balcony and cabled to this card along with a second Hauppauge usb tuner (off a splitter). I can record two channels at once or record one and watch another at the same time. Next I have a FM radio antenna and, the card with media center acts like a digital DJ for playing and recording FM broadcasts. Windows Media Center finds and sets up the signal for both cards and, with a DSL connection will automatically set up your digital TV guide for your area code which you can configure to automatically update, once a week or whenever. The same applies to cable or satellite. All you do is surf the guide, click what you want to watch or record, recordings are automatically saved to your hard drive. I've recorded hundreds of over the air, free, broadcast shows and movies, most of them I was totally unaware of until I bought these tuner cards and set up media center with TV guide. The card comes with WinTV, very good software in its own right, but Media center setup is the cat's meow. I don't have enough time or typing skill to list all the benefits. Very highly recommended!"
76139,5,Works great picks up more channels now thanks
78662,5,"Works great, still getting use to, but like a lot"
96614,3,Tried it and I never could get rid of the glare it had didn’t work for me.
46361,1,"Long time Apple fan but this product has definitely turned me away. The watch looks very nice and has some nice functionality but the quality is subpar. A software update cause my battery to stop updating its life about 3 months after i received it. When I originally contacted support I was told that I would have to send the watch in for repair and could potentially have to go weeks without it. I reluctantly agreed but the support agent never sent me the return box. I was frustrated and just said screw it I can deal with it. Big mistake. Fast forward a few months and my watch battery dies (as it had several times since i had no indicator of battery life). Now it wont turn on without going through hours of what seem like endless reboot loops. This persists until it finally stops booting at all. Now all it does is show an apple logo. Tech support informs me this is not something that can be repaired and my watch must be replaced. For $229. So, for a total cost of $629 I can get a functional watch that now costs $300 a year and a half after ordering it. No thanks.<br /><br />I am currently balls deep in the apple ecosystem (3 apple tvs, macbook, ipad, 2 iphones, etc) but after this debacle I have begun the process of transitioning away.  Long story short, get a fitbit charge 2."
93099,3,the margins and tabs do not stay in place!
76173,5,"Excellent cable, great picture quality on my tv and would purchase again if needed."
23773,3,Tried it for a week or so... but in the end returned... the wifi feature is a pain in the neck to use... not user friendly at all.  Plus I did not think that the pictures were that great.  My older Canon took far better pics... what can I say?  Not worth it
50009,5,"It holds excellent, I use it for my 32&#34; Vizio television on the wall. You just cant pull it out like others, but I don't want that anyways, I just want to adjust it up or down like in the features."
87286,5,"this camera was well worth its price. easy to use, light, and great pictures. i can only recommend this camera."
6941,4,"Originally bought this remote keyboard last year and had to return when the usb reciever broke in the usb port when I tried to pull it out. It happened in the first few days and was easy to return. Yet, when they company saw my review. They felt this was an isolated incident and they convinced me to try another keyboard. Now that it is here and I have been using it for a bit(typing the review with it). It is still the same device I originally recieved.  While it is still lighter than I expected, it does do everthing I originally wanted it for. Backlight that stays on while in use and doesnt timeout too quick. Has the range of my living room to work at a 15+ foot distance. And it is rechargeable. And since this one has a usb reciever that didn't break off in my pricey laptop. I had to come back and update my review and join many of the others who also got a good remote.<br /><br />Also want to add that the people at this company seem to care or at least pay attention to the reviews and don't want unhappy customers. They have a good product and a very low price point. Maybe I jumped too quick to return and leave my original 1 star rating without contacting the seller. I increased the rating to 4 star. It's a good product for a low price and is worth consideration. I am happy to have given this device a second chance."
22229,4,I Like the size and that the display can be shut off completely to better darken the room-very few clocks have this option. Setup was a challenge but the directions are very clear.
20872,5,Works great in my bedroom for my TV and tablet.
29752,4,Can be a little bit better.  Sometime it doesn't know the answer.
61100,3,Sometimes it stops charging. Not a great connection.
21989,5,"I bought the small one for my Fuji X10, and it fits perfectly with no wasted space. I can use the straps on my camera to carry it as a shoulder bag, or stuff it into my backpack with no worries. I like the little pouches inside - perfect for battery, charger and plug adapter!"
89927,5,Easily mounts on flat screens. Picture quality is awesome. I use it several times a week. Would recommend it highly.
67220,2,Didn’t last. Don’t buy. Can only hear in one ear.
60335,4,"I purchased the RCA ANT1450BM Refurbished Multi-Directional Flat Amplified antenna to give antenna digital feeds a try.  I wanted to try the refurbished antenna due to it's reduced price, as I have purchased refurbished tool regularly and have yet to get burned.  The price savings is like a little gamble; will it pay off? It has again with this little inexpensive antenna.  This review is as much a review of the refurbished part as much as the antenna.  This antenna is pulling in feeds from 35 miles east and 65 miles west of my location. I do live on a little elevated area for my location so I am guessing it is working in favor of my reception of these signals. I do not know what refurbishment this unit could have received, as unlike a drill or a power saw, it just either works or not, I guessing as there appears no getting into it and fixing anything like a tool.  I am happy with the results of this purchase and would recommend this antenna to others or friends."
67152,4,Does what it says it will do. If you need a step down voltage converter this is a good one. But it will add weight to your suitcase.
90697,5,Love using this little remote. Simple to use yet you can do EVERYTHING with it
93276,5,"loved them, comes with a neck piece to connect the AirPods to so you dont loose them. I ended up returning them cause of the pink I meant to order them in baby blue. but soo cute"
92864,5,An excellent way to transport data while working at home during these trying times
61617,5,"For the price, this is just about unbeatable.<br /><br />There is literally not one thing I do not like about it. It preserves the action of the keyboard. It's not sticky. It stays put but comes up easily to be cleaned. It doesn't obscure the lighted keyboard.<br /><br />Everything I wanted."
64504,3,Bought this half a year ago. It has already stopped working.  I suspect that the battery died.  My old strap had kept working for years until I lost it on a trip. Half a year batter life is not acceptable. I am not even a frequent runner.
62447,5,"It's good film, I just have issues working my camera.  It's an antique and I don't know whether or not it's good, or I just suck with exposure..."
83327,4,"Pros: Plenty of room in this case for most builds.  I bought the NZXT vertical gpu mount and it works great with a Gigabyte RTX 4080 Gaming OC.  Plenty of room between the gpu and the side panel.<br />Cons:  Comes with 2 non led fans (both 120mm), which I'm sure 99% of the people who buy this case won't even use.  It would be great to sell this case for less $$ without these lousy fans.<br />Another con was the lousy UPS shipping. It arrived locally 2 days before the scheduled arrival date (which was about 1 week) and they held it at the warehouse until the delivery date.  So much for Prime shipping."
52234,5,This is exactly what I needed for my basement.  This is great for gamers with the usb ports close by.
9289,1,"Purchased this in September, 2016 from Amazon. Put in bedroom for occasional use, typically when family visited to entertain their kids.  It was used possibly twice but when tried to use it on 12/27/16 the player would not respond to any commands:  tray wouldn't open and home page would not come up.  Unfortunately, the window to return it closed in October.  Disappointed with this particular Blu-Ray player since we have had a similar one in the living room which has never failed us.  Lucky with one player and unlucky with this one."
5214,5,"Lightning cables are something that we all need in the house. I selected this one with the thought of having it on the main level of the house, to be available to all of us when we want to charge our phones without hunting down a cable. So far it has worked out very well for us and is one of the better cables with which I have worked.<br /><br />This is a flat cable as opposed to round and I've found this has a couple of big advantages. First, it's a lot less likely get get tangled or kinked which is great. It can be tangled, of course, but it is a lot less likely. The other big plus is that flat cables seem a lot less likely to break near the connectors for some reason. As such, I expect this cable to last for a while and to be easily accessible as long as it's not tangled up with other cables.<br /><br />In use it works great. It charges my phone without issue and it also works just fine as a data cable. I did not see any mention of being it MFi certified anywhere, but it seems to be just fine regardless.<br /><br />So far I have no complaints with this cable. It works, and I like the design."
5290,2,"I have a couple of vertical mice that I use with my various computer systems, and they really do help with wrist fatigue and pressure. I also have a very nice Logitech MX Ergo trackball which is my go-to device for all of my systems. With Logitech releasing this vertical mouse, I was very optimistic that I would have the perfect solution. I was sorely disappointed. This is the worst Logitech device I have used and I can’t recommend it.<br /><br />I’ll start with the good aspects of it, and then I will get into what isn’t so good.<br /><br />This device can be connected via wireless USB or by Bluetooth. This is handy for when you want to use multiple systems and want to connect to them, in different ways. If you already have another wireless Logitech device, it can connect to the receiver for that device, reducing the number of wireless ports required. It connects well through either method and I have been able to move it between systems just with the press of the connection button on top.<br /><br />In operation, it seems to work well as a pointing device. I will say that if you are not used to working with a vertical mouse there is a learning curve that is involved and you will be very frustrated while you make the adjustment. The movement isn’t hard – it’s working with the buttons which even though are worked with the same fingers they feel unnatural at first. This is a problem with all vertical mice, not just this one.<br /><br />It is rechargeable, meaning no more batteries, and it holds a charge for a good while. I like mice and keyboards that don’t need batteries as in the very long term it saves money. (Logitech has a solar keyboard that is phenomenal and never needs to be plugged in at all – great device.)<br /><br />I have three main issues with this vertical mouse. The first is the build quality. It feels very lightweight and cheap, and I would call it fragile. It is supposed to be light and maneuverable so it’s easy to use, but it’s so much so that it has a very cheap feel to it that is unsettling. Second, this is a HUGE mouse which for me is great but for most people is unworkable. It fits my hand very well, but I have hands like a gorilla. My wife tried it and found it to be completely unusable because she couldn’t work the buttons well at all due to the size. Finally, this is a very expensive peripheral compared to other vertical mice I have used that I actually prefer. This vertical mouse presently sells here for about $100. I have one that cost around $25 at the time I bought it, feels more solid and is easier to use. My wife and I compared the Logitech vertical mouse with my cheaper one, and we both agreed that the less expensive one was easier to handle and worked just as well. The only thing I lose with the cheaper mouse is Bluetooth connectivity, which in my case is not a deal breaker.<br /><br />I wish I could rate this mouse more highly but I just can’t. It’s expensive, feels cheap and just isn’t made to fit smaller hands (and usually, it’s a challenge finding mice for larger hands). It’s worth consideration if you need a mouse that can be easily transitioned between wireless and Bluetooth, but if you just need to use it with one system I’d recommend researching other options before making a purchase."
48109,4,"Excellent reviews for this mount. All of the materials were high quality. The mount itself seemed like it could hold 2 TV's! I really wanted to keep it, but ultimately couldn't. The wall mount bracket just wasn't wide enough to accommodate the extra wide VESA pattern of my Panasonic plasma TV. Would recommend this mount to anyone using a more modern day LCD/OLED TV though."
79767,2,"Burned out my car charger and gets so hot that I burned my fingers on it. This will work great unless you have a qualcom 2.0 quick charging phone or charger. My note 4 isn't damaged yet, but I've burned out 2 qualcom chargers on this. If I charge with a regular charger everything is perfect!<br /><br />should come with a warning though."
70225,5,"I've been using the MX mouse for many years now, but started experiencing some wrist strain recently and decided to research alternatives. This looked like one of the least difficult types of mice to transition to that would nevertheless get my hand in a different position that would be less likely to cause strain and injury.<br /><br />This mouse has all of the precision I need for working on CAD landscaping plans as I do in my work, and I found that the transition wasn't anywhere near as challenging as I thought it would be. It's really well-designed in that regard to her my fingers are nearly the same position, they're just resting a little better to where my wrist feels a little less irritated.<br /><br />I don't use a lot of the bells and whistles that come with this mouse, and just use it as a straight up regular mouse without programming all the little extra buttons. However, the design quality and the precision of the pointer is the reason that I invest in the Logitech MX line. I haven't found any other mouse that is wireless that comes close to the precision I achieve with this line. This vertical mouse is a great choice if you also work on your computer a lot and need a precise, wireless choice that is less likely to cause strain."
32648,5,"My son has special needs so he uses a chrome book at school.  He needed a new charger, but I didn't want to spend a fortune on it.  This is almost identical to the one that came with it,  but at a fraction of the price.  It works just as well and it actually charges faster."
86357,3,Did not use it as I returned the product I purchased it for.
37364,2,"The bad: First one arrived without a case.  Returned it.  Second one arrived with the case, but the case doesn't fit the tripod.  The case is 5&#34;. The tripod is 7&#34;. Why bother sending the case?<br /><br />The ok:  for photos with the phone in landscape mode, it holds the phone in place.  To get in portrait mode. You need to turn the phone and then position the legs to keep phone at that angle.  Takes some maneuvering. It does wrap around thin posts, but due to the 5&#34; legs, it doesn't wrap around thicker posts.<br /><br />The good: the holder fits my iphone 5s with an Otterbox Defender.<br /><br />I'm keeping it because it was relatively inexpensive.  Will see if it holds up. N"
7507,4,"I bought this when I ordered the Kindle Fire because I love a quick response when looking for information and loading programs.  Since I put the card in my Kindle right when I got the reader, I have nothing to compare the speed to and haven't bothered to take the memory card out to check the difference, because what would be the point.  My Fire loads OK, but not at the speed I anticipated."
24473,5,If you don't want to pay an arm and a leg these are good cheap bulbs. We keep one on backup and usually go through 3 a year.
64093,3,"It's a cute case, but can be a pain to use at times.  It can be really hard to plug stuff into it, and especially so if you have L-shaped connectors.  Unfortunately we have those both for charging cords and for my kid's headphones, which makes it really hard to use either.  I like the idea of the wings as supports in theory, but they are not adjustable.  So if the angle is wrong, it's wrong.  The wings hold it up really vertically, which is not an angle that usually works well for me.  I'd get a different case if I were to purchase again, but I suppose this provides protection so we will stick with it for now.  That's a lot of plastic to just throw in the landfill because it's not perfect."
24130,5,You cannot beat Samsung when it comes to  SSD.  I have tried others and nothing compares to performance and ease of setup.  I know own about 4 drives in different desktops and laptops.  No problems at all.  If you need to spend a little more to buy Samsung it will be worth it in headaches.
72288,4,"This isn't a bag that will walk the runway but it will take you to work, school and the library. It is a large bucket bag that is designed for service not style. Its lines are somewhat inelegant but it provides plenty of room and compartments for your electronics, accessories, files, notebooks and pads. The zipper is smooth and operates without catching. The shoulder straps are adjustable. and quite comfortable. The exterior is described as slate and is a charcoal gray color with a lighter gray interior. It is a practical color that is neutral and hides dirts and mars with ease. The metal feet on the bottom keep it standing upright. the biggest disappointment is that it is made of pleather, not leather as advertised. But if you value function over fashion and can get it at a good price, it is a solid, well made working bag."
95530,5,years ago and its still working ! Never had any issues minus one time and that was a PlayStation 3 problem. Been running for almost 7 years since I got the system.
81416,5,"This has become our go-to outlet when we have cords that are removed on a regular basis. Not only are the rotating plugs extremely useful, the outlet has a long enough screw to really anchor the unit. We don't have to worry about the unit coming out of the outlet, or loosening when removing cords. The fact that it's also a surge protector just increases the value."
29834,4,"i purchased this stand to free up some real estate on my desk. it took me about 30 min to have the stand assembled, i am certain it could be assembled faster, but i am just not so handy. the product is durable, its holding two of HP - 27w with ease. the second reason for me to go for this product versus many others was, you can swivel the monitors. you can align them on top of eachother, so if i need to add additional two monitors to my desk, i can purchase an another one of these mounts, and i wont be able to sacrificing any of my desk space"
45928,5,I use it to haul notebooks and coloring books for the kids I take care of
84328,5,Love the voice recognition.....we now have 2 in our home.  My husband uses our old one in the man cave to watch his NBA ticket....I use the upstairs one to watch amazon prime videos and TV programs! I used to watch these on my fire or tablet.  Now my daughter wants one.
59011,5,Still have lots to learn as far as what I can do with these but am enjoying very much in the few days that I have had these.  Got an Alexa and 3 Echos.  Keep on partying...
50121,5,A friend asked me to get these for her. She said her daughter loves them. She bought 2 more sets for her other two daughters.
88740,5,Works great every time. I love the long cord!
91824,5,"When Xfinity raised my bill $35 bucks due to equipment price increases, I decided to try Roku.  I do not like tech anything.  I can’t believe how easy they were to install/setup."
81297,5,"Really, really fast data transfer. USB 3.0 is the fastest of the USB protocols and this flash drive is amazingly fast when plugged into a USB 3.0 port on my Mac Mini. When plugged into a USB 2.0 port it's the same as your usual 2.0 flash drive so, if you have a 3.0 port on your computer this is a great drive. If you don't have a 3.0 port, buy one for the 2.0 protocol and save some money."
50652,5,"To be clear I only used this with Ni-MH batteries so I am not sure how it does with Ni-CD aka NiCad the old batteries with the memory,  It charged the NI-MH batteries very fast and completely.  This was an excellent charger and I was using some batteries I purchased from the same company a long time ago.  This is a solid company that went to great lengths to make an issue that I brought up right in the past so I decided to go to them for their charger since one of my old ones dies.  I didn't regret the decision and am very happy with the charging ability of this device."
18765,5,Love this little decal.  Fit perfectly on the back of my ASUS Transformer Tablet. It is adorable and have received many compliments!
44766,5,This is a great bag! It holds everything perfectly and very securely!
26840,2,When I first got it it was locked because of something with billing and it shouldn’t have been locked and it took 3 days of playing with it be for I fond out that 🙈
46244,5,"This was an effecient and simple way to buy a television.  I knew what I wanted, so it was only a matter of minutes on-line making the purchase.  The set arrived in Orlando at the earlier part of the promised delivery window, and the actual physical delivery to my home was on time.<br /><br />Less than a month after my purchase I repeated the process for a 40"" model of the same set.  There is nothing like repeat business to tell a service business that they are on track."
72727,5,"Performs just as advertised, and works seamlessly with the Bridge and the other lights in the yard!"
31559,5,Seems like a nice telescope<br /><br />I like the design and think it’s nice<br /><br />It seems comparable to other telescopes I’ve used before.  Seems like it has the standard functionality you’d expect<br /><br />I’m not a telescope expert but I think this seems nice overall
61322,3,"This camera works okay, but it is definitely not high end. The camera itself feels a bit rinky-dink. It is very lightweight and even seems a bit fragile. The picture quality is good but not great. It is supposed to be high definition but doesn't really look like that level of image. I would recommend this for someone who just wants an inexpensive movie camera to play around with or for use in a particular project that is not dependent on quality imagery. The bundled accessories are nice and it is a low risk way to try out vlogging or practicing filming."
70837,5,"As described - these are genuine Mfi certified cables and they charge well. Typically my apple cables break down pretty quick from right angle pressure, and these are no different - but they last at least a month of regular wear and tear without any problems so far.<br /><br />Comes in a larger pack, so you can throw one in the car, at work, and at home on your nightstand!"
51638,5,"My wife loves it; therefore I love it too. It was a Mother's Day gift. Happy wife.....Happy life. She wears it all the time, even sleeps with it on."
13342,5,I love this product. When I download my books I can take them everywhere . All of my books are easy to read. I wish that I had purchased this product much sooner.
97080,5,"My new cellphone was the first item I ever purchased that didn't come with a power block at all, just a USB to USB-C cable. Since then, every device I have gotten that recharges only comes with the cable, and no power block. This power hub is perfect for all those gadgets and the lack of USB ports my computer has. It has two for speakers, mouse, various dongles, and printer. This hub has expanded computer's capacity several fold. It seems to work just the way I hoped it would. Good product."
46680,5,"Compact, sturdy and works well with my Amazon Fire HD 10 Tablet!"
76380,5,the only thing i can think of that would make this puppy better is if it could control cable channels.
5809,1,I didn’t even realize I didn’t have a wireless adapter for a couple years! Always had wired! This had worked great while dropping the cord. I haven’t been able to tell the difference in speeds!<br /><br />Update: I’ve had this for a month and a half and it won’t stay connected to the internet. I had to resort back to using an Ethernet cord. Waste of money!
33383,1,"I've had my classic iPod for about ten years and have had two covers for it in that time. They fit snugly and held up well, but over time the thinner section over the click-wheel eventually tore. The company that made that cover no longer exists, so i had to find an alternative product. Unfortunately, this does not begin to compare. The material is thinner and the fit is loose; very disappointing overall."
73843,1,I bought this item back in January and it has a shortage.
23768,4,"I must say, this Echo Show is a bit of a disappointment.  Like its sisters the Echo Dots... this guy does not do too much.  Ask it any question and it says... ""I do not know that""  I cannot do that?  And it is really pretty useless.  It is not an easy set up - meaning, to find things on it... to ask it to open You Tube... or Amazon shopping for goodness sakes... it is a whole huge affair.... they need to reprogram this guy...like the DOT, they need work.<br />THe only use for this we have is asking her the weather... that she can often manage to give us.  And we have some Kasa cameras and we can ask her to show us a room... most of the time she gets and we can then watch the housekeeper... but...even with that...the screen goes back to playing the pictures... while we are in middle of watching the camera and we have to tell her again to show us the ""bedroom camera"".<br />VERY FRUSTRATING and honestly... we never keep it on.  Bought it for the convenience of just being able to watch the housekeeper... but she does not do much more!  I send feedback all the time telling Amazon what a stupid product they have made.  I hope someone gets those messages and teaches Alexa a couple of good skills.... oh yea  - in my room my dot is my clock, and my alarm.... and can turn off my lights and I can hear the news... yippee!  Like?  This is the great Alexa?  Uh uh.  this is the great disappointment!"
29425,5,"I bought this simply for the big green numbers.  While I appreciate that an alarm is useful, I don't use it on this item.  Also, I do not and never intended to use the radio.  I never tried it and could not imagine that it would be satisfactory, but couldn't care less.  It may be better if they simply didn't include it, but I doubt that it adds much to the cost or size.  There are other large digit clocks but not many that are green.  I have a red one of another make that is significantly brighter, and I believe the green and blue diodes typically have less output than red ones.  These type of clock displays are not ideal for bright rooms and probably useless in sunlight.  But they work fine in a darker room like a bedroom.  Some people may even find the brightness too high for sleeping hours but it met all my own criteria."
21245,5,"I'll be honest, I was expecting this to be another cheap off-brand mouse. I'm pleasantly surprised at how good it is- It looks pretty great, and rather than being covered in shiny fingerprint-magnet plastic like most cheap mice, a majority of the surface is textured (almost like a rubberized plastic). The USB receiver fits inside the body of the mouse for storage, which is great for travelling with it as I do. I've owned other mice that did that before too (an old Logitech), but unlike that old Logitech, this one uses a built-in rechargeable battery. To be honest, my Logitech mouse was great but after a couple of years the battery started making a bad connection inside (corroded contacts were keeping the battery from working), so I'd have to try to clean it off every few uses on the road to keep it working. With this product however, it seems less likely that will become a problem. Also, the ability to plug it in and charge it off the computer directly if it starts to die is a great plus!<br />My first impression was that the mouse was a little jumpier than I expected, but then I noticed the little button under the scroll wheel and discovered that it was for changing the DPI. Honestly, I'm not sure why they put it in such an easy to use spot, I feel like this isn't something that needs to change very often. But a couple of clicks on that button got me to about the mouse speed I like. I'm actually really happy with this product and although I was shopping around for a replacement Logitech, I think I'll keep this one in my travel bag instead!"
70618,5,"I use air for my keyboards and my records. This is going to save me so much money that I would have spent on canned duster. I didn't think it would be powerful enough, but I was wrong this is exactly what I needed. Hopefully it survives menu recharges."
25602,1,Too complicated used a few hours and gave away
55403,5,"UPDATE - i kicked this off my bed and it broke =(<br /><br />Purchased for the new amazon fire TV, while the new fire TV is underwhelming, this little thing is great.<br /><br />Between this and the bluetooth keyboard/touchpad I purchased. I have spent as much on remotes as the fire TV though....<br /><br />Oh well.... this attachment is everything the amazon remote should have been."
24412,5,"this was the greatest purchase ever. every store i went to wanted between $25 and $35... c r a z y. those people can bite me. i got mine for $3, brand new. yeah, i know. works great. no complaints. amazon is my new best friend. i love you amazon. lol."
25051,5,"Just recently got this and seems to be working good. The added power supply to the unit helps a lot with the bigger power hungry attachments and it recognizes everything I've attached so far and stays connected. The smaller units I purchased with no power supply would stop reading or even recognizing my connected items. Very annoying, but I assume this would do the trick and so far it has."
23703,5,This is avery good backup camera and i would purchase again is a very clear camera
98557,3,"So I've had this for a week and a half as I wanted to really see what it was like before reviewing. I got this kids tablet for my daughter to watch youtube on when her other tablet is dead. I do like the preloaded apps, she really likes the drawing one. The battery life is awesome. One con is that it's not so kid friendly as the case is not actually a case, it is just the tablet design and it can easily be broken if dropped and not switched out. My biggest complaint is that it really kind of runs slow, especially when on youtube, it takes a while to load even with having excellent internet speed. So in turn my daughter gets frustrated and upset and doesn't want to use it. Also the past couple days it has been disconnecting from the Internet and having trouble reconnecting when no other device in the house is experiencing issues. It is decent for the price, we got it for 42.99, but we definitely prefer our kids fire tablet over this."
25235,5,"Excellent, protect the projector and store it. Although the box of the Anker Nebula projector is so good that it is not necessary. I bought it because it is very beautiful and fulfills the mission better than the original box."
16718,5,It actually works.........Unbelievable...... I have a cabinet filled with screen cleaners that should be called screen smear makers....!! They all suck really bad.  But this stuff......WOW.....!!<br />Just WOW......!!
84270,5,Easy to install. Works perfectly. No hassle or issues here. Microsoft once again has another quality product. My Xbox 4gb now has room for all my downloads.
73105,2,The set of charger and cord  in a luscious  purple are very nice.  However the charger cord is  a bit loose.  I can place the phone down with every thing in place for charging .  It gives me the “ok I’m charging” ring and on the screen shows the” charging” message.  When I come back later<br />The phone is on the table and there is no charging cord plugged in.  The brand is Ailkin.
56690,5,"This kit included multiple mounting options for either edge of desk or through a ""wire grommet hole"".  It came with an extra vertical rod section for mounting everything much higher than I needed, along with a lot of extra hardware for different options.  It also included tools for assembly.  Very good deal overall."
39165,3,"My son said these had terrible noise cancellation and he can not use them. They are basically like walking around with speakers on your head! He tried to use them at the library and people 30 feet away could hear what he was listening to! He often uses speakers to make calls on his phone too and that was not even possible.<br />They defeat the purpose of being headphones if they are simply speakers for all to hear.<br />He had to use cheap earbuds the library loaned him.<br />He said these grey and tan ones looked a bit girlish. I as a mom thought they were attractive. I think the tan may look a bit like light pink possibly and he said girls gave him compliments lol which may mean they are more to a girls liking. I got this color due to he is on the street a lot and can not be drawing attention to himself. He can not have red or blue gang colors which some of the others had even if it was in the cord. And the black ones had shiny chrome which is too much of an attention getter. So, I opted for the grey ones.<br />They are also bulky and if you are limited on space my son said they did not fit in his backpack well. One night he even gave them to me to take home since he needed room for more important items in his backpack. I told him to just put them on his neck. And he was not even interested.<br />So, I'd say they are a fail."
73021,5,Laptop works great. Wife loves it. Didn't take long to transfer files from her broken laptop over.
1284,3,"Storage is defaulted at Raid 1 for 3 TB instead of 6 TB.  Need to format drive to have access to 6 TB.<br /><br />Easy to set up, easy to navigate.  Browsing for files and folders is easy."
31828,5,[[VIDEOID:44376db87a1a309c0cfbf00f4db9a82e]] I like the design of these headphones.  They don’t sit in your ear but just outside it<br /><br />The nice thing is that you can hear what’s going on around you.  I prefer this for safety purposes when I am walking my dog at night.
31959,5,"[[VIDEOID:1414bb37bbf9d7082c9e2b7784fbb922]] It’s green!  Very green!  Feels like a green sheet.<br /><br />It comes with the clips you’d need to hang it from a stand.<br /><br />This background will let computer programs put different backgrounds behind you , digitally.  You could have a picture of the ocean behind you for example.<br /><br />Overall it’s nice.  Feels soft.  Looks sturdy"
88003,5,It's what it was meant to be........a charger for my kindle.  I just plug it into the wall and it charges my Kindle at night.
10878,5,"Shipped and arrived when expected, is what its supposed to be, does exactly what it should, no complaints."
