row_index,rating,hits,n_hits,len_chars,text
19359,4,audio,1,998,"I used about 90 feet of cat-6 cable to connect this.  Some of the cable is cat-6a, connected to cat-6 in the middle, so cat-6 is the standard I can count on.  It works for 4k@30, but not 4k@60 and not 3d.  I put cables in the wall when the room was being built, and didn't know that 50' HDMI cables that say they work don't always.  So I'm upset, but this helped fix the problem because I ran ethernet to both locations and a few extra cables too.  If this did 3d, I would be 100% happy.  Since it doesn't, I may have to put the blu-ray player up with the projector and figure out a way to return the audio instead of using this for it.  But this will work for the cable box and computer that are also connected.  So, in summary, if you want 3d and have Cat-6 cable, this doesn't work.  If 4k@30 is enough without 3d, then this is what you need and it works great!  In case you are curious, I tested using two HDMI switches too, and the 4k@30 survived going through both switches and this pair too!"
49409,4,audio,1,540,I have a GeForce 750Ti and I broke the HDMI output on it.  I bought this because I found that my video card can provide audio via the DVI output.  This is a good product.  There is one issue that I find when playing video.  There is a hangup/buzzing that occurs periodically and in close succession.  It isn't something most folks would put up with.  I cannot say it is caused by the cable.  It may be my card.  I obviously did something to make the HDMI port stop working and it is reasonable to question if that impacted the card overall.
5340,4,"audio,eq",2,4048,"Smart watches have gotten more popular with the release of the Apple watch. They tend to have a standard set of functions, such as access to instant messaging, email, time, alarms and a lot more, typically tied to your phone. Not all smart watches are alike, though, and offer different sets of functions, better connectivity and other various differences from one another. This particular smart watch offers the mainline set of functions, setting itself apart through the user interface which is more polished and clean than most others with which I have worked. That said, I have a couple of quibbles with it, leaving room for a little improvement.<br /><br />This is a standard-sized watch with a rubber wristband that can actually fit a larger wrist like mine. I have trouble finding watches and watch bands that fit me, so the fact that this one fits me is a pleasant surprise.<br /><br />Powering it on, the user is immediately greeted with a complex and fairly complete visual menu system with tiles for every function available to the user. This is a standard presentation for a smartwatch, but this one looks a bit more polished and clean than the others I have seen. Switching to other menu screens just requires a swipe gesture, as to be expected. I have big hands, and this means that, for me, using a stylus makes working with this watch a lot easier. This is not the fault of the watch but a reality of working with a small device.<br /><br />My first issue with this watch came when I paired it to my phone. The date and time on the watch were off, so I expected that it would grab the time from my iPhone when I paired it. It did not. Instead, I had to dig for the clock application and manually set the time. I dislike this and think that having it set itself when it is paired is much more accurate and cuts effort on the part of the user. For Android users, there is an application to allow for syncing up the time, date and more, but iOS users are out of luck for now. To the manufacturer's credit this is made clear on the product listing so this is not a surprise. Regardless, I am of the opinion that the watch should fetch the time, not rely on being sent the time. In the grand scheme of things, though, this is an annoyance, not a deal breaker.<br /><br />There is a fairly comprehensive list of functions provided by this watch in addition to time/date and phone answer. Through the menus the user has access to call logs and function, Bluetooth functions, a remote finder function, a pedometer, a sleep monitor, a reminder function to get up and move on occasion, calendar and clock functions, audio functions, video functions and a few more.<br /><br />One of the interesting functions that this watch offers is a camera. So, I tried to use it and it complained that there was no memory card available. Reading through the limited documentation included, I was unable to find anything about a memory card. I finally noticed that the back of the watch has a small groove where it can be popped off, and when I removed the back I found the battery which is removable (replaceable - another pleasant surprise). Under the battery is a slot for a micro SD card.<br /><br />Adding a memory card comes with a big catch. It requires removing the battery to get at the holder which in turn clears the clock and resets it to midnight 01-01-2015. So, adding the memory card requires me to set the time again. And again if I remove the card.<br /><br />Although I think the time sync functions of this watch are lacking, it is otherwise a good smartwatch. The interface is professional and polished and the whole provides access to a large number of useful functions. It's priced well too. Overall, this is a solid offering worth a look if you are wanting a smartwatch.<br /><br />Disclosure: I was provided a sample of this product in exchange for a fair, honest and thorough review. Even though I received this product at no/minimal cost I have rated and reviewed this product without bias, based solely on my experience with it."
33101,4,"audio,eq",2,1401,"The Belkin Miracast Video Adapter works well if the correct equipment is available, but doesn't work at all if you are using a noncompliant smartphone or television.  I first thought my two year old Vizio television would not work because it has no USB port, but after ordering a new set, realized that the USB could be utilized from an outside source.  After trying several times to ate my Razr to the Belkin, I realized that the connection was unobtainable because the phone is not operating on the correct system.  I then enlisted a friend with a compatible phone and we were able to make the connection very quickly, then watched gleefully on the Vizio.  For a smartphone with Miracast capability, this works well and should be considered.  Since technology changes rapidly, as do our phones, I would not hesitate to use this if it fits into your budget.  When I replace my smartphone in the next few months, I will certainly verify on the Belkin website that the new purchase is compatible because it is an outstanding option for viewing images and listening to audio on a big screen.  I have been satisfied with my other Belkin products and find them to be a reliable company.  If your set has an HDMI port which isn't easy to access, this device also includes an extender which has worked well for my set.  Otherwise, I would not have been able to plug in the USB cable because of its position."
43346,4,audio,1,627,"This new AmazonBasics iPad Smart Case with Auto wake and sleep will fit the new iPad Air 2 tablets. It has a hard back and a soft front. The front can be wrapped around and inserted in the middle of the back and used as a stand. For the price point, this has all the cutouts in the right place and you won't have to remove the case to charge it, insert audio into it or take photos. I was concerned about the camera portion but when I tested it, it worked just fine. One thing I found interesting, is that inside the box was a sticker to prevent mold. First time seeing that in a box, but living in Florida, it is a great idea."
83675,4,"audio,bass,loud",3,483,"I do still plan to use this for audiobook listening when I'm doing loud things, like showering (big plus it's waterproof) but I've been traveling and haven't had time to set it up and try it.<br /><br />We finally got around to using this speaker last night for our NYE pregaming at my house. We played old school hip hop and rocked it for a few hours. The bass was a little disappointing, but I think it proved it will be perfect for my audiobooks, even if it's not ideal for music."
93481,4,audio,1,1365,"I will start by saying we have high speed internet, with extenders, so speed of tablet can not be from our internet. All other devices work great. The tablet comes with charging cable & plug. Charges well. It is a good portable size. I have been using for several days. I have it set up with all apps I will use. Have streamed some programs, it buffers from time to time. I have listened to audiobooks, no issues. Apps work fine, but are a little slow. Same with reviewing email. I mostly use my smartphone for that, but wanted to try it in different ways prior to reviewing. It is great, no. It is good, yes. That being said, it seems like a good value for the price ($59.99 at time of review). If you spent several hundred dollars, it wouldn’t be acceptable, but for the price, it seems like a good value. I will say, it was super slow the first use, while setting up. I fully charged it before doing so, though it had a decent charge upon arrival. After the first use, it did seem a bit faster, not sure why that would be. If your expectation, is lightning fast, I would pass. I think it would be food for the younger set or for travel, if you don’t want to take your expensive electronics. It is a decent tablet, just not the fastest. Each person will have decide if it will be right for them, based on budget & expectations. For me, it will get used regularly."
57698,4,audio,1,1358,"If you want a 10"" tablet for reading books and watching videos/TV shows/movies and can't afford more money than this (price regularly drops to $100), then this is good product choice. Performance is fine for e-books and videos, but sometimes sluggish for intense game playing, photo/video editing or even text editing. The SD card slot lets you store lots of TV shows and movies and use the main memory for apps (which often work poorly if stored on the SD card). Kindle e-books sometimes work much better on the Fire tablets than on ipads or Android tablets, especially if the books have embedded audio or video. The user interface revolves around the books and videos that you bought from Amazon. With a considerable amount of work, you may be able to replace the user interface with a more standard Android launcher that focuses on your apps and files. Realistically, the performance of this tablet clunky enough that I don't recommend it unless you are mostly using it for e-books and videos, so maybe changing the user interface is not worth the effort.<br /><br />You should also ask yourself if you are using the tablet for mostly e-books and videos, do you really need a 10 inch screen? The 8 inch Kindle Fire tablet has similar performance and a much lower price and is also lighter weight and less bulky, making it easier to use in many situations."
97492,4,audio,1,1091,"What I like about this camera is that I can use this for any room in my house.  For us, I decided to use it in the living room.  First, because I can pan it down a bit more than some others so I can see more of the floor where my pets are.<br />It's very easy to set up.  Downloaded the app and registered, plugged it in, set up our WiFi, and it was ready to go.<br />It did take me a little looking to find where to insert the SD card.  (in front bubble part at the bottom)<br />The only problem I had was when I hit the record button on the app.  Worked fine until I closed the app.  Then it came up with a ""failed"" notification that popped up.<br />When I try to look back at video it says ""hmm...there's no video in this time"".<br />So right now I can only use this in real time until I can talk with a tech to figure out what is wrong.  Or figure this out myself.  I might format the SD card and try setting it all up again.<br />But, I like the picture quality in daytime and in night vision.  Audio is a little delayed but works fine.<br />The panning and zoom function are great too."
19025,4,audio,1,393,"This is a very cute and small designed projector. It comes with a remote to operate.  It has HDMI, AUX audio, video ports as well, no optical port and Zoom, keystone adjustment features. When it comes to picture quality it is 720P native and 1080P supported, so the picture won't look super clear if you are used for 1080P. Otherwise everything else is good with the given price for this item."
10637,4,"bass,loud",2,240,Very impressed with this speaker. I play a lot of dubstep and the bass is pretty good wuality. Not as loud as I’d like it to be but I really struggle with finding good portable speakers with good bass and this is the best I’ve found so far.
27827,4,bass,1,42,I'm a bass crazy lover but this works well
91201,4,bass,1,336,"I like the construction, the self stand and the looks of the cover. What I don't like and would love to fix is that I am somewhat hard of hearing and if I close the cover over the touch screen, I can barely hear the narrator of my Audible book.<br />I would use ear buds but they all seem to be geared to heavy bass, which I don't need."
30615,4,"bass,volume,quiet,noise",4,1023,"I like these headphones for their quality and price. I have these and Samsung Galaxy buds. The Galaxy buds win in terms of convenience and features due to me having a Galaxy phone, but the X5 wins in terms of volume and bass. I like to listen to music with bass and the Galaxy buds just don't have that at all, plus noise cancelling is gimmicky on the buds and eventually I have to up the volume to truly drown out all noise, which is easier to do with the X5. Both headphones shine in different respects. When it comes to interacting with my phone I prefer the features provided by Galaxy buds, but when it comes to listening to music and comfort then I prefer the X5, plus the X5 is way more economical. The mic on both for calls were not impressive. They work well enough in a quiet room but when I'm in my car I have to turn off my AC to use them (the AC isn't blowing on my face, they just really pick up on the air blowing around in general). Overall I don't think most people will be disappointed with this purchase."
70142,4,bass,1,627,"First, getting the ear fit right is awkward. None of the earfits really secure them well. These are bigger than ‘buds’. When you have them fitted to your ear in a least worse choice sort of way, the fidelity and most especially the bass is fantastic … as good as I’ve ever heard from such a compact package. But … they are too big/heavy for use on the treadmill. I can’t keep them in my skull.<br /><br />For non-workout use, these are likely the best full fidelity you’ll find. The ‘earbud for workout’ application just isn’t working for me. If you’re not looking for active wear, these are really superb commuter 'super-buds'"
4025,4,"bass,noise,rattle",3,1027,"We are a family of noise cancelling headphones.  What I loved about these phones:<br />1. Great bass and really enjoyable experience whether music or audible books;<br />2. I have a big head, they fit comfortably as the design allows for a great level of flex on how the ear phones fit on your head;<br />3. The functional buttons are on both sides!  And they are big enough that you can  without pressing the wrong button.  Too many times, the high end phones cram all the buttons on one side - why?<br />4. The noise cancelling works!  We tested with our air conditioner on - it’s a rattler.  Totally stripped out that noise and still enjoyed listening to my music.  Great to use on TV with Bluetooth.  Used it whilst I was walking in my concrete jungle environment.  Totally enjoyed listening to audible books.<br />5. Comes with a beautiful case and add ons for airplanes, or connector if you don’t want to use the Bluetooth functionality.  Bluetooth was easy to connect to our various Bluetooth devices: android and Apple."
136,4,bass,1,202,"These are great inexpensive ear buds.  My only complaint would be  lack of bass in the music.  Other than that, these are a good low-cost selection for some wireless buds.  I use mine every day at work."
12081,4,"bass,muddy,equalizer,eq",4,648,"The OontZ Angle 3 PLUS speaker has incredible battery life, pretty good bass, somewhat muddy mid range and okay highs (if you use the right app with a good equalizer). I found playing straight from the phone's built in apps wasn't so great but I downloaded another app with powerful settings and controls that bring out the best of this speaker. The OontZ Angle 3 PLUS has two speakers and 10 watts of power. There's a passive bass radiator. I never really thought those added much. All in all it's a decent speaker that kicks up my shower and shaving time. I got this on a Lightning Deal for a nice discount. I would not pay the full asking price."
26331,4,"bass,clarity,distortion,loud,noise,eq",6,1082,"The primary purpose of this speaker is to have something louder than my phone in the shower, around the pool, or at the beach. For the price, it is a good solution.<br /><br />Battery life and portability appear excellent.  Very easy to connect and it can get fairly loud without significant distortion. In terms of tonal quality it’s not bad. Very mid-range heavy. I typically find myself using an in-app EQ to boost the highs to get more clarity. It’s a small speaker so don’t expect any bass.  At the beach with constant ambient noise, this works.<br /><br />Biggest drawback is poor Bluetooth reception. 10-15ft and it starts dropping out badly and it’s even worse if your body is in between the phone and the speaker. I don’t have a big pool but i can’t be on one side with my iPhone 11Pro and have a clear, consistent connection to the speaker. If Bluetooth reception were stronger, this would be 5-stars for value. But again, for having a little music while sitting with a friend at the beach, it works well enough.<br /><br />For the price, I’d recommend it as a good value."
67426,4,"bass,volume",2,1426,"This radio can be recharged via built-in solar panel (which takes twenty hours or more) or by built-in hand crank, or by the mini USB port. There's a full-size USB port for using the radio's built-in battery to recharge devices. It also can be powered by three AAA batteries (which aren't included).<br /><br />The speaker is just about ideal for spoken messages like weather alerts, but not high fidelity for music. Forget about bass response -- there isn't any to speak of.<br /><br />The three bands are FM, AM, and NOAA. There's also an ""alert"" setting, which I assume means the radio will wake up and start broadcasting when it detects the NOAA weather alert signals. The instructions don't mention this.<br /><br />The AM band volume is a little low compared to FM and NOAA bands. There's no headphone jack. No text alerts. It's not a digital, so tuning with the wheel can be a bit finicky. The telescoping rod antenna is okay, but you probably have had similar experience that those can be the first thing to break, so it's a good idea to handle that with some care. It also has a built-in flashlight.<br /><br />Since it's basically an analog radio and not programmable and doesn't have text message alerts, if you live in a severe weather-prone area, this might not be the weather radio you want as your primary radio. But with all the recharge options it might be one to consider as a backup or for carrying camping."
67743,4,clarity,1,862,"I wanted a smaller device as a backup to my iPad2, so I bought this secondhand. It was easy to navigate around the contents. I added a N2A(Nook to Android) 32GB microSD card so I can also access android apps and have more storage. Amazon has the best price for that and after installing the card, I can get more out of this device. It was a little frustrating at first to navigate around the android OS but it has been worth it. Sometimes my iPad2 is too large to carry around, and the Nook Color easily slips inside my purse. I am using this mainly as an ereader and note taker. Maybe later I might install some free games. Putting on an antiglare screen helped a lot for when I am in bright light settings. The color and clarity of the content is really nice. I gave this only 4 stars because I think the OS could still use some tweaking. Overall I am pleased."
70739,4,clarity,1,995,"There are things that I like and dislike about this computer. Much of it is simply personal preference over the actual computer.<br /><br />Pros:<br />- I really like that it has face detection to unlock the screen.<br />- The colors of the keyboard are really cool<br />-the picture color is amazing. I watch videos and tv shows on it often because I enjoy the clarity of the picture<br /><br />Cons:<br />-Cost<br />- smaller screen (which I know) but there is not a side number keyboard which I really prefer.<br />- It can be difficult to open.<br /><br />I don't use this computer for gaming purposes. I am a teacher and I use it for classroom at home on the weekends. I would buy this computer again... except for the cost. If it was about $900.00 cheaper. Compared to other laptops that I have, I see no difference over all in this computer and others. It just simply isn't worth the cost in my opinion. However, that is a personal reason and I will not take off from the review for that."
18435,4,clarity,1,1381,"SO this has an IPS monitor which gives you higher definition and clarity than an LED monitor. But also it uses more energy and these types of monitors are known for heating up and overheating which can cause premature failure. To further add to this issue, some genius put its heat fan pointed RIGHT at the front of the monitor. I've never seen this in a laptop and don't understand why they couldn't vent it out the side or even reposition the monitor slightly so they could vent the heat out the back. I'm really hoping that the heat blowing onto the monitor that's already known for heat issues isn't gonna be an issue. Within a few short minutes of regular browsing, its fan is blowing non-stop and the bottom part of the actual computer screen is getting hot because of the exhaust fan.<br /><br />Other than the screen and heat issue, the laptop seems to be nicely made. It only took a couple of minutes to setup and streams videos/ surfs the net flawlessly when paired with my gigabit internet. It's not slow at all- loads programs quickly and loads web pages quickly.<br /><br />I think it's a good computer overall and they're on the right track with this one. It looks really cool and runs great! The thing that I love about it's finish is it's not glossy- those always scratch up and look junky quickly. The finish on this one will stay looking great for years I'm sure!"
92071,4,clarity,1,215,Music clarity and Bluetooth connection are great.  However the controls suck.  Controlling ANC is the worst.  Have to remove headset everytime control's need adjusting.  I was very hopeful but they may get returned.
93178,4,clarity,1,84,"I use it next to my bed to see the time , is a small clock but with a lot of clarity"
21065,4,"clarity,eq",2,1860,"This is a fantastic IPS panel display that actually closely matches my laptop display in clarity, brightness and size/position. That makes it great for a quick ""second screen"" when I need to make a portable workstation on the go! Ideally, it should be possible to run the entire thing off a USB-C connection, so you don't need any additional power/hdmi/usb/etc connection. They advertise that this is possible.<br />However I was unable to get that to work. For some reason, my HP laptop, despite having a USB-C port, would not recognize this as a monitor. Neither would my phone which also supports display port over USB-C.<br />I needed to use the hdmi cable adapter, and then I was able to use the USB-C for power from my laptop. Interesting to note that if you want to use the display's touch screen capability, use the monitor in USB-C instead of the strictly powered one, and it will support full touch screen as well as power the unit. I was nervous when the single-cable setup didn't work that it would require all three plugs to be used in separate- power usb, usb for touch, and hdmi for video signal. 3 cables would have been too much and I'd just never use it. 2 cables are doable. I'd think a low powered unit such as a Raspberry Pi might require separate power since it likely can't supply enough power for the monitor, but the mini PC and laptop I tried it with seemed to do just fine running the monitor and using the same USB for touch-input support. I really wish it only required the single USB cable, however. I was unable to get that working no matter what I tried.<br />For what its worth, I'd give it 4 stars since it adds a touch enabled second screen to my laptop, and also makes my miniPC into a kiosk for interesting use at events. But I wish I could get it working with a single cable like it advertises. That would make it 5 stars."
13542,4,"clarity,eq",2,1449,"I received this as a free review sample five months ago and have been using it for around four months. This is a rear view monitor only - not a dashcam - and it works far better than one of the combination rear monitors/dashcams that I have also used.<br /><br />Since there are a large number of reviews that cover this in detail I am going to keep mine brief. Here is the single thing I do not like about it: the terrible documentation. On the other hand you can have this professionally installed for not a lot of money, which is the route that I took. If you are a do-it-yourselfer installing it right is less than an hour job (according to the tech who installed mine).<br /><br />What I love is the clear visual behind me. The camera works in dark and low light, and the display has sufficient clarity and resolution to easily see what is behind you and estimate distances. If you were to purchase this as an option on a vehicle I shudder to think of the cost, but for less than one hundred fifty bucks professionally installed this is a bargain. And if you do install it yourself you can knock a C-note off that cost.<br /><br />If you parallel park frequently this is a perfect way to make that easier. For rural driving this may not be a needed accessory, but for city use it's a convenience (and a safety feature as well.) Do note the information in the product specs too because they are clear about what this will and will not work with."
87840,4,clarity,1,219,"I gave this 4 stars I like it . Its very fast loading movies , picture clarity is awesome ! Your choices of programs are many , over all I think its a great system.As a mater of fact better then most that are out there."
31224,4,clarity,1,2048,"I purchased this for my Samsung Galaxy Tab S4 10.1, which I just picked up off eBay. The install was fairly easy - I used Supershieldz before and while their smartphone protectors are far easier to install than these on account of the smaller size, the experience was highly comparable. In the end did have a couple tiny air bubbles - so small that they were only iridescent patches - which I could not work to the edges of the screen no matter how I tried. However, I just left the Galaxy Tab in a warm room overnight, and the next day, they were totally gone and have not yet returned, more than month later.<br /><br />Responsiveness is indistinguishable from the base touchscreen. Clarity is, so far as I can tell, perfect. Very low friction, though it still picks up fingerprints. I really like that it comes with  two protectors, just in case one breaks in the future. The fact that the screen had a couple (very) minor scratches near the edges did not affect the install whatsoever.<br /><br />Install notes are unremarkable. I followed the instructions closely. Basically, you need a clean area with good light and low airflow. You should wear tight-knit clothing, like nylon or linen, instead of something fuzzy. If you have long hair, tie it back. Wear latex gloves. Make sure you have 15m or so to devote to the install.  Remove the tablet from its case, clean the screen up, inspect it from multiple angles, then do the hinge-type install as instructed. I also recommend cleaning the screen protector with the included cloth before you start, even though it still has its protective film on it, as this will prevent it from transferring dust to the screen during the fitting process.<br /><br />Getting it centered is still kind of tricky, especially on the 10.1"" tablet, you have to be more careful that you would be with the phone or a smaller tablet. Just decide in the beginning that you are going to devote 15-20m to this install and take your time with it.<br /><br />I now have Supershieldz on three devices, and would recommend."
53845,4,clarity,1,312,I read the reviews but these seem to work fine for us. Got them for our granddaughter and she loves them. No issues so far. She is very careful though with them. We teach her to be careful with electronics. Good clarity and they fit snug.<br />Love the light that it blinks. Also came with an additional battery.
77605,4,"crackl,eq",2,2709,"Here are my thoughts about Roku. Generally I like the product, but in setting it up I had some concerns.<br /><br />PROS:<br />**Easy to set up<br />**Compact - it's so small it fits in one hand.<br />**Picture quality is pretty sharp depending upon the source. It is not HD quality but more like a decent DVD (though not Blu-Ray).<br />**A number of free channels available through Roku. You can add a lot of content. Since I'm an old movie buff, I added Pub a Hub (public domain movies) and Crackle (pretty bad recent movies but some good classics, like Easy Rider).<br />**Picture is big. I have a friend who has a projector that's five times as big as the Roku, and yet the projected image is the same size. That's impressive.<br /><br />CONS:<br />**How much radiation does this device emit? In the fine print, the instruction booklet reads: ""This equipment complies with FCC radiation exposure limits set forth for an uncontrolled environment. This equipment should be installed and operated with minimum distance 20CM between the RADIATOR AND YOUR BODY.""<br />  Hmm. I don't know about you, but it's hard not to sit pretty close to the projector. I used it in the bedroom and watched a movie on the ceiling. Of course I had to be close to it in order to put it at the right angle. How much radiation is the device emitting?<br /><br />**Roku asks for your credit card information before you can use the device. When you set up an account, even if you don't want anything other than the free channels, they force you to put your credit card on file. The other privacy issue I object to is the way Roku allows you to connect to Facebook. In order for Roku to work, you were pretty much forced to allow Roku to access your information on Facebook at any time (even when you're logged out!) Not happy about this.<br /><br />**In order to add some channels to the Roku network, you have to establish separate accounts. That means establishing one for Netflix, one for Amazon, etc, if you don't already have one. This means I'm sharing my account information with a number of companies I may or may not want to do business with. No doubt all this information will be shared among the video providers. That means a lot of spam will be coming my way in my email.<br /><br />**Roku is geared toward convincing you to subscribe to as many streaming (pay on demand) services as possible. I'm not sure I would pay $300 for it, as it is very much a device aimed to getting you to subscribe to streaming channels. You can use it other ways, but Roku feels like a product sponsored by many vendors, as opposed to a stand-alone projector.<br /><br />My conclusion? I recommend it with some reservations as noted above."
29875,4,crackl,1,854,"I just got this and really like it. Only issue I have and it's a big deal to me. It does not shut off. The only way to shut it off is to unplug it. I didn't notice anything saying that it did not shut off. After I saw that it didn't I read more about it from other reviews. I guess it's suppose to go in to some kind of sleep mode. Mine does not. I switch over to the tv and later when I switch back it's on crackle for some reason. Even though I left it on the home page when I switched over and no one has touched the remote. Guess there's still some glitches in it. But it does seem to play netflix good and that's the main reason I got it. Have not tried games yet, since that's not why really why I bought it. I really hope they add some way to shut it off in the future.  This is my first actual stream device, beside using game systems, computers."
5395,4,"distortion,eq",2,5792,"I ordered this lens and filter kit to go with my Samsung NX300 with the intent of expanding the capabilities of the camera without spending a fortune. I looked at several different kits before settling on this one, based on the price. I will admit to being a bit apprehensive about the cost in relation to the number of lenses and filters in the kit (presently this kit sells for less than $35 on Amazon as I write this) but my concern was ill-placed - this is a good kit.<br /><br />I will start off by saying that I am not a professional photographer by any stretch of the imagination. I could be best described as an enthusiast who is trying to learn as I go.<br /><br />I have experimented and played with many of the various components with this kit, starting with the 2.2x telephoto lens. This is a chunky item, which should be expected as it is a glass lens. It attached without issue to my 18mm-55mm OIS lens and I was able to use it almost immediately out of the box. It took me a little fiddling at first to get the focus just right as I am still learning with the camera but once I figured out the manual focus I was able to improve the zoom range with the telephoto lens in place. This, to me, is worth the cost of the kit. One thing I did notice, however, is that when the telescoping zoom is not fully extended on the regular lens, this lens adds a shadowy blackout area around the perimeter of the image that fades when the zoom is telescoped out.<br /><br />My favorite component of this kit is the .43x wide-angle lens which works surprisingly well with the camera's included lens. It is another chunky item like the telephoto lens and it attaches easily as well. Even at closer ranges (15 feet or so) it allows the camera to capture appreciably more than the regular lens, without distortion. This is probably the one component I will use more than the others, and again this is an accessory that is worth the cost of the kit. This lens is not going to give the same quality result as a dedicated wide-angle lens but the price/quality tradeoff is worth it.<br /><br />There are four close-up lenses in this kit that vary in strength. These are fun to play with though I did start to get a lot of edge distortion when using the strongest lens. This is not a problem as there are times when this kind of distortion is a good thing. I was able to get similar close-up shots - without distortion - with the Samsung lens but it required a lot more effort. Interestingly, one of these lenses had a smudge on it when I removed it from it's cellophane envelope. A quick wipe with a microfiber cloth did a fine job of cleaning the lens but this puzzled me - why was it smudged?<br /><br />The wide-angle lens comes coupled with a macro lens that is absolutely astounding for close-up shots. I use this lens for taking pictures of pattern weaves, close-ups of surfaces, animal fur and other interesting subjects (the knee of my denim jeans makes a really interesting background shot). It works even a little better than the close-up lenses and is likely going to be the only lens I use for when I need a really detailed close-in shot of something. Though this lens outperforms the close-up magnifying lenses it requires decoupling from the wide-angle lens before it can be used and this is a minor hassle.<br /><br />The kit includes a UV filter, a CPL filter and a FL-D filter. I used the CPL filter while experimenting and the result was minorly disappointing but I figured that was due to unrealistic expectations. It did tweak the color profile just a little but not dramatically like I had hoped. The FL-D filter was another story and gave the whole picture a completely different color profile. It is designed for use with fluorescent lighting (which means it should be used a lot when indoors) so when it is used with incandescent lighting it give a very eerie and unusual hue to pictures. With my lens I can adjust for fluorescent lighting electronically so this isn't a lens I necessarily need but I still like to mess with it. I have not tried the UV filter.<br /><br />The cleaning kit is an important item in the kit, for removing dirt and smudges from the various lenses without using a harsh cloth. It's very basic but is a fine start - cleaning spray, cotton swabs, a microfiber cloth and a squeeze duster for puffing away particles when a full cleaning is not needed.<br /><br />This kit includes a couple of other miscellaneous items as well, including a miniature tripod for a desk mount and a 6-compartment memory card storage case. These are nice-to-have extras, though I confess I am thoroughly unimpressed with the tripod which is a flexible bendy-leg tripod that does not retain the position in which it is set when supporting the camera, so it really is of little use. I continue to mess with the tripod, though, as I am sure I can get it to work in certain scenarios.<br /><br />The main negative I encountered so far was actually the manner in which the kit was packaged and shipped to me. Everything was in a large plastic envelope bag with no padding at all. What would prevent the items in the kit from being crushed in such a shipment? Fortunately, all items were individually wrapped in small and sturdy cardboard boxes and one of those boxes was actually slightly crushed though there was no damage to the merchandise inside. Something like this should be shipped in a larger corrugated box, to better protect everything.<br /><br />If you have a Samsung camera for which this kit is compatible, this is a very good kit to extend the capability of the camera without breaking the bank. The various lenses add range and effects, the filters are nice to have on hand and the extras are icing on the cake. At the current pricing, this is a very good deal."
45820,4,distortion,1,159,Installed easily on the back of the camera and it appears to be able to do the job for which it was made.  No interference or distortion with the viewing area.
21870,4,distortion,1,64,Surprising power with limited distortion.  Excellent for travel.
69880,4,distortion,1,343,"After using a number of screen protectors on various devices, this product is about par for the course. No distortion, and a nice look. Finger sliding is important to me, and this one has just the right amount of slip. If you've never applied a screen protector, go to youtube and watch a quick video, and remember to work in a dust free area!"
93511,4,distortion,1,907,"Quality of build is evident in the Canon SX260 HS. Buttons and levers appear to be solid in both function and design; audible shutter activation is crisp and professional. The ability to set the F Stop, Shutter Speed and ISO manually, other than using the Auto setting is what makes this camera very special. The CMOS sensor adds to the total package, delivering crisp, professional photos. Images taken with the long zoom lens, despite it's 20X capabilities and being hand-held, were devoid of any distortion and held a high degree of resolution.<br /><br />Cons: Battery life appeared notably short, perhaps due to using the zoom and GPS feature often. This has yet to be confirmed.<br />  The location of the pop-up flash is where one would normally place an index finger over the top of the camera.<br />  A conscious effort must be made to not interfere with the flash mechanism when using this camera."
21175,4,distortion,1,1265,"I really needed one of these for my desktop during this time of teleconferencing for work and school. I wouldn't say it's incredible quality, a selfie camera on a modern flagship phone will have better, but it is absolutely usable for zoom meetings, skype calls, and real time streaming, and allows me to use the comfort of my desk and dual-monitor PC setup.<br />As you can see in the image, the view is rather wide, which comes with a bit of barrel distortion (look at the wall curve where it hits the ceiling- I promise this is straight in real life!). It's not a fish eye distortion, but it's slight and noticeable on straight edges. It has an LED indicator that comes on to tell you it has power, and then another light that comes on to tell you when it is active. I like this, because you have a visual indicator that your camera is on so that you won't have to worry about covering it for hackers or things like that. There is a mic but personally I like using an external mic that is closer to my mouth. The mic is OK on this, and definitely useful if you don't have one already. All in all, it is very functional and a major upgrade over my XP-era VGA resolution webcam from forever ago. Just don't expect it to be amazing. It's a good value for the price."
21226,4,"distortion,static,eq",3,1168,"We have a minivan with a DVD entertainment system pre-installed. It predates the HDMI standard, so there are just RCA analog inputs in the back of the van. Since DVDs are pretty much obsolete, using this adapter we are able to plug in a laptop, raspberry pi or other digital video player to the car's system. I like that it is powered by USB, it is a convenient source of power especially when you don't have access to outlets (like in a car!). But you have to be careful about ground loop feedback. When powering it off a laptop, and the laptop is charging in the car, it can create either an audible hum and/or visual static distortion pattern on the video feed. This is common in DC circuits that share ground when working with analog equipment, unfortunately. I'm not sure if there's much that can be done about it other than try to run off batteries as often as possible (with this converter attached to a USB battery bank, the laptop on its own power, and the car running its own 12v DC). I have an older similar product looks almost identical that does the same thing so I'm guessing that's just a side effect of working with RCA inputs instead of digital ones."
54097,4,"distortion,noise",2,1175,"I bought my example of this fisheye lens from ebay for the EOS mount. I use this on a 1.6x crop and I have also used it on a full frame camera as well. It's not good below f11, but it is good at f16. Ken Rockwell mentions this in his review of this lens. With this lens its best to increase ISO even at the expense of image noise rather than open up the aperture beyond f8. I have tried to use this lens at f2.8 in low light on a 1.6x crop camera and it just does not look good. Not only is there a large loss of sharpness but for some reason the image becomes more orange on my example. I should mention that with my ebay example the coating on the front element wasn't even, so it's possible that it might be from that.<br /><br />The lens cap on mine doesn't stay on do to a broken tab, which can be annoying since it's specific to the lens.<br /><br />I think this lens is a good deal, if it can be had for cheap. I'm not sure I would buy another one if I lost mine at the current prices that this lens goes for though. The primary reason would be because a fisheye lens has limited use do to barrel distortion, I'd rather put that money towards a rectilinear wide angle."
77602,4,distortion,1,1405,"According to my husband, a former Boy Scout, camping aficionado and Nature lover, Bushnell makes excellent products. These binoculars live up to that reputation - they are well made, powerful in range (10x), and provide crystal clear views.  Additionally, it's compact and thus easier to pack than our current pair from Barska.  It has twist up eye cups, an adjustable bridge (so that they can rest comfortably on the nose and reduce eye strain) and a rubber casing that makes it easy to hold and grip.  Best of all, these are waterproof (the instructions say you can immerse them in water and no damage to the insides will occur) and fog proof.  We have not yet tested the waterproof claim but will update this review when we do.  Clearly, the product is geared toward the serious nature enthusiast/hunter/explorer type. It comes with a strap, lens cap, and stylish carrying bag.<br /><br />However, there is one problem - if you have a narrow face (as my husband does), you have to press the tubes very close together in order for it to sit comfortably on the bridge of your nose.  Unfortunately, you can't do this without distorting your field of vision.  As a result you're forced to spread it wider just to correct the distortion, at the cost of not having it feel 100% comfortable on your face.<br /><br />Except for this issue, this is an excellent product that I can recommend with no reservation."
89567,4,distortion,1,3322,"I played with Sony's HDR-AS30V and its accessories for a few hours, then took it with me (in its optional camcorder case) to videotape, and take photos for, a Christmas party. This is a nice little video camera as long as you are clear on what it's going to be used for. It's really not a replacement for a digital camera.<br /><br />First, the accessories: Sony was kind enough to send me the camcorder cradle, wrist band mount, head band mount, and tripod angle mount to test with the HDR-AS30V, along with a package of the pretty essential anti-fog sheets. The video camera itself comes with a waterproof casing for underwater filming. The camera sits inside this case, but you can take it out to put it in the camcorder cradle instead (which is not waterproof, of course). In its waterproof casing, the video camera mounts well on any of the mounts. I tested the wrist mount on my chiweenie puppy (7 lbs.) but he didn't like it very much and it rolled around. On me, it's fine, also, but I don't do anything that would warrant my using it. The head mount has a wide band that fit to my head securely, but I don't do things with a helmet on so I couldn't test how it works for that.<br /><br />Before I left for the Christmas party, I charged up the battery and replaced the 8GB SDHC card that came with my video camera with a 32GB one. I spent about half an hour with the video camera in Interval/5-second mode snapping photos and about 45 minutes non-stop videotaping activity. I really wasn't happy with the quality of the photos, however. I thought I had set the camera to its highest quality mode, but apparently I had not. I wound up with a lower-resolution appearance to the photos that really don't look all that good even onscreen. Another thing I did not like is the fisheye-like distortion at the edges, warped-looking (bent) walls and doors, and an odd color cast. Like I said, this camera is not a replacement for a digital camera.<br /><br />What the HDR-AS30V shines at, though, is precisely what it's made for: rapid action shots from the perspective of the wearer. The video camera has good stability and the fisheye effect enhances the (for lack of a better word) intimacy of the action shots. The GPS capability and log is a really geeky thing that could even have some diagnostic utility for sports people. All in all, it's a lot of capability in a very tiny package that won't weigh or slow you down.<br /><br />To be honest, I'm not likely to do much in the realm of action shots. I did find the camcorder case to be very lightweight and easy to use over several hours of time without fatigue. The battery held up during that time, and so did the 32GB storage. Extra batteries can be purchased cheaply, so you can always be ready to go. When I got back home from my party, it was just a matter of plugging in the USB cable into my computer and importing all my photos and movies using the PlayMemories software. I wouldn't give up Photoshop for PlayMemories, but it serves the purpose of importation well enough.<br /><br />I think what I enjoy the most with this video camera is taking slo-mo shots of my puppy running around, tearing the throat out of his floppy dog, etc. The slow-motion and slow-slow motion modes take more juice, though, so it's good to have an extra charged battery on hand."
31228,4,eq,1,991,"I generally take care of my equipment and prefer for it to remain in good order for the entire time I own it, so I always pick up a tablet sleeve even if I rarely bring the device anywhere to begin with. This is a great, basic sleeve - plenty of space, plenty of padding, large zipper for easy zipping, and keeps the tablet out of the sun, dust, and moisture of an indoor environment. Material is a little coarse but doesn't feel cheap. Space for a charging cable and flattish USB charger in the front pocket. The sleeve easily fits my Galaxy Tab S4 while it is in its pseudo-leather case (ASIN: B07GF8K8ZW), which in turn is wide enough to have space for a stylus. .<br /><br />it is a soft sleeve and not rigid. This means that while you could keep a bare tablet in it, or a tablet with just a thin gel case on it, and it would protect it from the environment and random impacts, I would still recommend getting a proper case for the tablet itself if you are going to be traveling with it."
30203,4,eq,1,176,"The only reason this didn't get 5 stars was it requires 2 USB ports to be used for it to function. When someone is already utilizing several USB ports, this can be problematic."
19812,4,eq,1,1584,"I've owned a few Lexar USB drives and Micro USB drives in the past and they have all had good quality and performance.  I've attached the crystal diskmark performance below, but keep in mind that I am using the built-in microsd reader in my computer so speeds may vary as the reader has just as much to do with these benchmarks as the memory card itself.<br /><br />I don't have any equipment that really stresses the microsd too much.  The cameras that I have, while they can record up to 4K at 30fps, have generally had no problem writing to a U1 microsd.  The Lexar, which I keep in my Osmo Pocket, is no exception, it has not had an issue recording video.<br /><br />There is one key thing to point out about Lexar storage media that I've experienced in two of my past devices and that is the built-in expiration or time-bomb (if you don't agree with this philosophy).  Lexar seems to have the philosophy that keeping your data intact is the most important when it comes to these products.  Solid-state storage media has a theoretical limit to how many times they can be written to.  Once that is hit, the media will be permanently damaged.  Lexar has written into their firmware, a hard limit that once you write a certain number of times to their media, it will become read-only, keeping your data intact, but the storage unusable from that point on.<br /><br />While I've experienced failed media in the past, I really only had this behavior with Lexar.  I have to say, it did save my wife from losing the pictures on her phone if the card failed instead of becoming read-only."
65087,4,eq,1,939,"I have a couple telescopes and several eye pieces/filters that needed one place to stay.  Orion makes some great products, but they tend to be fairly pricey when it comes to accessories.  This case was half the price of Orion's smallest, so I ordered it.  Over all, it seems to work quite nice.  It's not the most sturdy of cases, so those who're rough on their equipment might worry some (I'm pretty gentle on my stuff, however.  This case comes with a few layers of foam.  One of them has pre-cut squares that you can remove for a custom fit.  Over all, I found this to be a rather hassle-free, economical solution.  It's currently fitting:<br /><br />*5 1.25"" eye pieces (10mm through 25mm,)<br />*a T-Mount for 35mm cameras,<br />*a 2x Barlow,<br />*a light-pollution filter and my polarizing filter (in original cases.<br /><br />There's room enough for a few more filters (in their original cases) and maybe 3 more larger eye pieces."
71459,4,eq,1,412,"I have some Definitive bookshelf speakers.  Originally,I got some stands from Best Buy that were very unstable.  These are rock solid.  There is a fair bit of assembly required and the instructions are C+ quality, but all you need is a philips-head screwdriver.  You can finish in &#60; 1 hour.<br /><br />I have what looks like a standard-height TV stand.  I wish these speaker stands were 2&#34;-6&#34; taller."
65799,4,eq,1,424,"Works well and have not had any problems with it.  There is a catch though.  The company provides some software for switching between computers with a keyboard sequence.  But, the computer you are switching from must be running and not off or in sleep or hibernate mode. Using the buttons to switch between computers is not the most convenient method.  Apart from that, has been performing as expected, for about a year now."
19431,4,eq,1,983,"This camera system builds in the PoE, the one it replaced required a separate switch for that.  The cameras have a clear picture during the day that is definitely 5 stars.  The night vision is 4 stars, but still clear enough to make out faces and license plates, so that's good.  I didn't use the included ethernet cables, but it's nice that it comes with them.  My only complaint is that I can't expand it.  They make 32 camera systems, I wish that the only difference was the number of cameras, because I'd love to expand to 16 or more cameras when I can afford them.  The base systems look the same except for the number of ports, but it does seem like there is a software limitation so I can't move up without replacing the whole system.  One suggestion would be to make the systems able to daisy chain so I could buy a second when I'm ready!  Anyway, that lack of expandibility is the reason I took a star off, if you never will need more than 8 cameras, this is a great choice!"
61762,4,eq,1,677,"I had a bad experience with my previous Annke security DVR. I could never get it set up with the online viewer, couldn't back it up, and eventually couldn't do a thing with it when the USB port stopped working (you need a mouse). The way I found out the port was no longer working was when I went to review footage of a creep on my porch. Couldn't do it.<br /><br />So far, this one is lots better. It seems to have a better build quality, and, while set up was not easy, it was doable.<br /><br />I'm really tired of stuff not working - especially security equipment that, at best, is just okay, and, at worst, does no good whatsoever. If this keeps working, I'll be thrilled."
66305,4,eq,1,322,"It does what it says, it connects to a computer via USB, or the USB port on a wall charger, and connects to you phone, tablet, or any other device that requires micro USB for charging.  Works with my fast charger and my Samsung Galaxy S7. Also allows very fast connections from the computer to the phone for file transfer."
57540,4,eq,1,1831,"I'm a big fan of the 8x32 style of binoculars. These aren't as bright or powerful as the 10x42 or 8x42 binoculars on the market, but they are 1/3 to 1/2 less bulky and lighter weight. I'm more of a hiker than a birder, so when I'm hiking 20 miles, the extra weight and space in my backpack is very noticeable. Realistically, the larger 42mm binoculars are mostly brighter than the 32mm size at dawn and dusk, which is not when I'm hiking. 8x vs 10x is a personal preference, but a lot of people prefer 8x because the image is easier to hand-hold (in addition to the smaller size and lower weight).<br /><br />Celestron makes a wide variety of binoculars, including a lot of basic-quality entry-level stuff that is not built very well and doesn't perform very well. This TrailSeeker ED model is a big step up from entry-level, both in price and performance. This model isn't quite as good as the top-rated 8x32 models like Nikon Monarch or Zeiss Terra, which both sell for around $400, but I think it is at least as good as any of the competition selling for under $300 that I have tried. I see a bright clear image with no noticeable chromatic aberration. Field of view is much better than most 8x32 binoculars and the image is sharp over a wider area than other under-$300 binoculars that I have tried. Field of view is very useful if your subject moves quickly or unpredictably (birds, wild mammals, sports athletes, etc). Build quality has been very solid and reliable for me so far.<br /><br />Some people complain that the Celestron warranty is not as good as the competition and this is true. Some of the other brands have a ""no questions asked"" return policy for a good period time. Celestron's warranty is very limited in comparison, so definitely take that into consideration, especially if you are hard on your equipment."
62834,4,hiss,1,205,"Seems to work fine with minimum hiss, but the power adaptor that it came with was either not sufficient to power the unit, or was defective itself. I found a spare adaptor that was able to power it better."
55682,4,hiss,1,347,"It's a great mic I have  a $250 one and I can't tell them apart , first thing first throw away the cables in the box they are garbage.  Get you self some decent XLR cables I say cables because for this price you should get at least two of these things!  if you are getting a hisses lower the gain or the input on your Zoom and you'll do just fine!"
60224,4,"instrument,eq",2,2713,"I purchased this PS 8/04/2016 for a project where I need some help, power wise. I am a dabbler electrical enthusiast.  I worked around electricity for years as a plant electrician in the oil field.  I've had some electronic training in the military, as an employee in service to a major oil operator, Top 3 in the US at the time, but I started after military service and when I needed a job, for some real money.  I got offered an opportunity to &#34;help&#34; out during a major installation with the electrical department and took advantage of it.  They told me maybe 3 weeks or more, just to get the installation wire pull completed and the equipment installed for electrically powered three phase motors, control equipment and lighting, Oh! and power feeds.  Really,  some good experience to see it done and I found, the work harder and less inviting than I expected, but I kept at it and learned about other aspects of the facility I was employed in, by working with the regular electricians and contract help, such as control, distribution, trouble shooting and other aspects of construction like conduit and wire sizing, and one day I looked up and all the others I worked around were gone.  I was left in the technical maintenance department, with one other experienced electrical hand and an instrumentation hand with about 10-12 years experience and we were it for a few years as management brought in some more help, over time, and some good help did finally came along that offered even  more knowledge to learn from, so I continued, with out really learning any real electronics.  I absorbed as much as I could and did about 15 years off and on doing technical maintenance there.  I was never in a position where I could do electronics, per se, but I did always want to do it.  I got a bit of minimal basic electronics training and I always wanted to do more.  I am retired now and I do and this power supply caught my eye after a couple of other PS failures.  This one seemed to be what I needed and I am giving it a try.  It just plugs in, no on and off switch.  It runs warm, even though you don't have anything plugged into it  probably should be in a project box with ventilation and has not meters, adjustments or whatever, it is just 12.8vdc coming out of plug ins and that's it.  I charged up a 6 capacitor bank of super capacitors which are soldered onto a balancing board, the trashed my last Power Supply and after several chargings and dischargings, it is still there.  I will return if it holds up and I think it should be upgraded or worse, but for now this is just a basic power supply that looks meaty and seems OK.  Made in the USA, as spouted. and it is only a power supply, so far."
13552,4,instrument,1,1030,"I received this as a free review sample. As a music stand light it's functional, but not ideal. As a night light or even a clip on to a book for night time reading when your partner of sleeping this is truly useful.<br /><br />Be aware that it's small and even at max illumination with all LEDs active it is not glaring. That is a good feature, but the tradeoff is as a music stand light you may have to keep adjusting the goosenecks to get optimum illumination.<br /><br />The goosenecks are a little on the thin side, which is another reason I think this is best suited to clamping directly on a book or headboard (if you can find a spot that the clamp can grip). On a music stand turning pages too briskly can change the position of the LEDs; not a problem when reading a book, but not the distraction you want when playing an instrument.<br /><br />Bottom line: if you are looking for a light for your music stand carefully comparison shop. If you are looking for a portable and effective reading light you will love this one."
66787,4,instrument,1,585,"This is a rather nice USB interface VGA webcam with a microscope lens. Once upon a time, instrument makers used the benchtop versions for fine work. From the software included, these were intended for circuit board inspection. They're obsolete now. Someone seems to have bought the leftovers and added a rubbish stand. A decent stand is $21 extra. Since I only spent $18 for the microscope & own plenty of stands, no thanks.<br /><br />Within those limits, this is a nice little microscope if you have a little patience. You could, for example, use it for showing details on a webchat."
9566,4,instrument,1,71,"I use these to connect to instruments in my old car, work fine for now."
61265,4,"instrument,eq",2,3117,"Even though I have always had an interest in astronomy I was never able to work a course in this subject in my college schedule or afterwards.  When I saw this telescope offered I realized that now I had both the time and the means to explore my interest a bit further.  I had very little difficulty setting the scope up, and spent some time familiarizing myself with the various components.  I practiced using this by checking out objects in my neighborhood, and managed to get an 'up close and personal' view of some birds in a neighbor's yard and quickly realized that this scope was powerful.<br /><br />That evening I took the scope to an upstairs window to see what I could see, and despite the pesky street light was able to get a great view of the full moon (btw did you know that it sparkles a bit?).  I saw details that I had only seen in photos before which was fascinating.  Then I decided to take a look at Mars, which was near the Moon that evening.  That is when things got complicated.  The finder scope and the main scope need to be synced, and I don't know how to do this (yet).  With some fiddling, and aided by Mars' close proximity to the Moon I was able to find Mars, which was exciting but for some reason it was distorted (it had a starburst appearance).  My husband and I fiddled with various lenses and combinations to try to eliminate this but were unsuccessful.  The experimentation was further complicated by the touchiness of the stand....it was difficult to make small, smooth adjustments and to keep the scope locked in position.  Some of this is no doubt due to our in expertise, some I think is due to the equipment.<br /><br />My enjoyment of this scope would have been much greater if more instructions had been provided.  We discovered, more or less by accident how to lock, at least partially, the scope into place.  We managed to make some focusing adjustments by trial and error.  Even some rudimentary instructions in a small booklet or even a sheet or two describing how to adjust, focus and lock the scope as well as an illustration of the scope with all the components clearly labeled with a brief description of their function would have been greatly appreciated. This is a basic instrument, one that will primarily be used by beginners or novices who will not necessarily be familiar with this equipment.  Basic instructions should have been included.  As it is my unfamiliarity with the various aspects of the telescope make following many of the instructions I do find on-line difficult to follow.<br /><br />Despite this problems I am enjoying my new toy.  I found the stand to be steady, and the tray located on the stand to be a handy place to put lenses and covers.  As I mentioned earlier this is a surprisingly (at least to this beginning user) powerful scope.  I'm going to play around with this some more, and will probably upgrade some of the lenses and add some accessories based on my experiences.  Besides star gazing I think this will be a great item to watch birds or wild life, and it is certainly portable and forgiving enough to take on a camping trip."
55178,4,instrument,1,701,This is a nice and sturdy tablet holder that can attach to an instrument stand or any small pipe/bar or even flat surfaces like a desk.  The only issue is that the way the round plastic holder pieces are designed makes it not work so well with some tablets which have rounded corners and very thin bezel like newer samsung ones.  It also doesn't work very well with my surface pro which is too big to fit in the horizontal position.. it can fit vertically but then you lose some rotation capability if you want to rotate it to be horizontal (it only has a 180 degree rotation so you can't flip it all the way around).  It does work well with my smartphone or with smaller tablets like the kindle fire.
95802,4,loud,1,409,Nice wireless keyboard. Easy instant plug and play and good signal connection. Keys press easily but provide nice resistance. Some clicking but isn't overly loud.<br />Mouse is small and comfortable.<br />It's a bit annoying that the mouse and keyboard run on a different size of battery (AA  and AAA). No off switch either that I found so you have to remove the battery to preserve if you don't use it often.
27179,4,"loud,noise",2,833,"These headsets are light, comfortable, and do a great job with noise cancellation.<br /><br />They do NOT have a longer range than my 10 year old Logitechs though, so don't expect the range to be much greater than your basic Bluetooth.<br /><br />My biggest gripes are:<br /><br />.  When you click on mute in Zoom or Teams with your mouse, you hear a loud MUTED.  When you click again, UNMUTED.  Every single time.  It's super annoying.<br /><br />.  The On and off switch is a tiny slider that you can only really move with your nails, and it has 3 positions, Off, Dongle, Bluetooth.  It's easy to pass up the middle position and all together it's not easy and comfortable to turn on and off.  And not something you can easily feel for while on your head.<br /><br />.  Finally it doesn't have USB C.  In this day and age, why not?"
63487,4,"loud,noise",2,342,"Works great.  multiple USB ports are very useful (was using lap top as charging, and phone, and charging kindle no problem).  One issue is that I was using it to charge my phone at night, and the noise from the converter (i'd say it's louder than lap top fan noise) is a little annoying when you are still in jet lag but trying hard to sleep."
30444,4,"loud,quiet",2,490,"Good value for a keyboard and mouse. The mouse is comfortable to use and quiet. The last mouse I was using had developed a squeak when using the scroll wheel - very annoying. My main complaint about this set is that the keyboard could be much quieter. I work from home and use the keyboard all day long and it does get a little loud sometimes. However, a lot of the quieter keyboards I looked at had a funny keyboard layout. The layout on this keyboard is great and very comfortable to use."
87793,4,"loud,eq",2,516,"We had a problem that occurred within the first year that required us to return the projector.  BenQ fixed it and sent it back to us.  Other than that one issue, it has been a great purchase. We have owned projectors before, and this one is the cheapest in price and the best in terms of picture that we have ever owned.  We use it all the time. I hope it continues to be a reliable product once we go beyond the 1-year warranty.  It's not too loud, although we live at 4000 feet so I have it in high elevation mode."
14082,4,"loud,eq",2,441,"Works as advertised. Yes, it is loud. It isn't the lightest in the world. But it works. I use it in a theatre in the booth with all the tech equipment.<br /><br />The one thing that bothers me is that there is a lock ball on the hose outlet on the main unit. But the pieces that connect have no hole to fit it. So they don't lock on.<br /><br />Needed to get a case for it. The box it comes in is too small to stuff it all back in each time."
98223,4,loud,1,452,"I realize that it is time to let go of the most famous player that is no longer being manufactured, so I wanted to acquaint myself with others and this one is a pretty good start. It does what I need it to do; I connect my headphones and go right to the songs I want to play and they are well organized. The speakers on the device aren't that loud but I never use them anyhow. Storage is good for favorite playlists and this is a very reasonable price."
4567,4,"loud,quiet",2,732,"I love the elegant design of this fan.  The only thing that holds this back from being a perfect fan is the unfortunate use of plastic for the wood grain parts.  That takes away the richness of the fan. It would have been so much better, so much classier had they used real wood.  In fact, I think I'll be fashioning wood replacement parts to make it what it could have been.<br /><br />The fan is very quiet. On low, it is nearly silent, on high it is not very loud at all.  Easily the quietest fan I have ever owned. The touch controls on the fan are good and work with a simple brush. The blades are soft when you brush them accidentally.<br /><br />I so wish they had gone with real wood, this is a beautiful and functional fan."
52827,4,"loud,quiet",2,420,"it pushes a lot of air for it's size, but mine is no virtually silent. It's louder than my computers case fan, so I may return it and get another one because this one may be defective.<br /><br />Update 07/19/17: I asked for a replacement and just received it. I have to listen to hear it now, so its pretty quiet and I have upgraded my rating to reflect that. Is it really virtually silent, no, but it's pretty quiet :)"
94924,4,"loud,noise",2,543,"My daughter gave SHE's BIRDIE for Mother's Day. I am so excited to hv She's Birdie.I like that it does hv just a little resistance to pull it out but still very easy.There will be NO mistake you meant to pull the alarm.Size&Wieght is good.I do wish it was a little louder.TO ME it is loud to be heard_but not loud enough to possibly interrupt the creeper or make some creeper hesitate.I wld be curious to know if anyone agrees with me.Even if it was louder,I am prepared for the noise; the creeper needs to be stunned for a sec or two,I think."
24207,4,muffled,1,660,"My aunt and uncle have a little property where we have a large garden, work shed, and pastures.  They are both retired and wanted a way to ""holler"" for each other without carrying around their cell phones, especially my uncle, who works with large power tools or the animals in the pasture.  I gave them these walkie talkies, which are a great, nice and small option for out and about.  The only real drawback is that they are not the clearest.  We have been using them, and it can be a bit muffled.  You really wouldn't want to carry on a conversation with these, but they are good for quick messages.  For what we wanted them for, they are working just fine."
13902,4,"muffled,volume",2,466,"It fits snugly and has a nice grip. The trifold works well as a grip when folded and you're sitting upright. Particularly helpful if you have average or small hands.<br />However, there seem to be two kinds of covers: ones that have slots for the speakers and ones that don't. This one is the latter. Not a problem if you use headphones but if you plan on relying on these speakers ( which i don't) then you'll have to turn up the volume and itll still be a muffled."
7187,4,muffled,1,1352,"I work for the United States Postal Service and recently purchased the OontZ Angle 3 Plus Bluetooth speaker for use in my LLV truck on my rural mail route. The speaker performs beautifully and I wanted to protect it to, from and while at work so I purchased this case. I was mainly wanting a safe way to transport and store the speaker, but after reading the other reviews I was hoping I would be able to keep it clean in the case and still enjoy my music on my route. I received the case and used it at work yesterday. The case is extremely nice and I appreciate the interior mesh pocket and the carabiner clip. I have no need for them now, but I'm sure they will come in handy if I ever take this speaker on vacation and need to take the charging cables along and want to clip the case to my day pack. As for playback while in the case? Yeah, it was terribly muffled. It didn't work for me as it apparently has for others. Yet, the case itself is exactly what I was wanting for taking it to and from work. I like how smooth the zipper is and how heavy duty/reinforced the stitching for the zipper is. The interior is not as thickly padded as I would have expected, however it does protect the speaker. I deducted one star due to the mediocre interior padding. I hope that, if the company ever revamps this case design, they beef up the padding a bit."
79677,4,"muffled,volume",2,662,"MillSo Headphone adapter 1/4 inch to 1/8 inch 16 ft cord is perfect for late night TV watching that allows you to set the volume at a level comfortable for you without disturbing others.  I live in a shared wall setting and the wall is pretty thin. I can hear my neighbors muffled conversations (no clue what they are saying) and TV, however with the headphone adapter plugged in to my AV amp they can't hear my TV very late at night. I can clearly hear the TV programs without upsetting my neighbors at 1 am. I highly recommend this product as a cost effective way to listen in a ""silent cinema"" way. Well made with quality materials and durable  use after use."
14198,4,"muffled,noise,eq",3,1905,"First and foremost, this is a monopod, and should not be expected to perform the duties of a tripod.  The two are not on the same playing field, especially if said field is not level, and the monopod's job is simply to hold the fort when a tripod can't go into battle.<br /><br />Pros:<br />1. This monopod comes with its own little stand, and is perfectly capable of standing on its own three feet.<br />2. It can easily support a DSLR with a medium telephoto lens.<br />3. Set up is simple, requiring only unscrewing the bottom section, opening the legs and screwing the base back on securely.<br />4. Extends over six feet tall with two adjustable sections<br />5. Perfect for concert and theatre events in low or changing light, when a tripod either isn't allowed or is impractical.<br />6. Great for weddings and museum visits<br />7. You can sit with the monopod braced against your chair and your feet anchoring the legs for extra stability. (I also use a cable release)<br />8. Padded grip<br />9. Handy against attacks by stray animals in the wild.<br /><br />Cons:<br />1. At the shortest it's still more than two feet long, and doesn't fit well in the external tripod section of smaller camera bags.<br />2. It's very heavy for all-day trekking around theme parks, museums, big city tours and the like.<br />3. No carrying case (but has a strap to fasten it on to stuff)<br />4. Little legs make a lot of noise when concealed (but see below)<br />5. A bit tricky on uneven ground if you want to use the legs<br /><br />Things you can fix:<br />1. Needs a Quick Release head (albeit adding extra weight and cost)<br />2. Rattling feet can be muffled with a rubber band<br /><br />Overall, I'm happy with this monopod, except perhaps for the length and weight. It does a great job when you're rushing around in crowded places where tripods fear to tread.<br /><br />Amanda Richards, June 19, 2013"
56231,4,"muffled,loud,noise",3,648,If you plan on being very active you should definitely think about investing in plastic clip ons for your airpods to make sure they’re firmly attached to your ears I have had them fall out plenty of times and sometimes you don’t even notice! You can find it with the app but you have to be in range and the peeping isn’t that loud espiecally if it’s being muffled you’ll have a hard time finding it. The noise cancellation could be a lot better but I also like the fact that I could be aware of my surroundings as well. It does feel kind of magical I can’t lie lol I would love to give it 5 stars but there’s definitely areas in need of improvement
89745,4,noise,1,1140,"PROS: Very good camera for most intermediate to advanced users. I have owned this now for almost a year. Great res with the high optical zoom and image stabilizer works well in most situations. This camera takes quite good video for a still camera, and offers an excellent choice for those wanting a still camera and video unit with a budget for only one; just get a large (1GB min, 2 or 4 recommended) high-speed SD card. Like all cameras, batteries get used quickly, get rechargeable Nimh's if you don't already have some, keep fresh in it and another charged set ready to go. Excellent creative tools and auto functions, good manual features as well. LCD screen pivots and tilts for getting overhead shots in crowds, etc.<br /><br />CONS: Wimpy SD card (32mb) from Canon included. Some noise and blurring in lower light conditions. Standard lens filters need an extender adapter kit from Canon and are too expensive and bulky, so I don't like having my lens unprotected without a UV filter, and wish it had Polarizer. LCD screen is way to small.<br /><br />I think the newer S3 has better improvements and is probably the one to buy now."
59396,4,noise,1,143,I have nothing to compare it to. It was far better than anything I had before - cheap and furnished ones. I had hoped for more noise canceling.
69538,4,noise,1,981,"They were a little tricky to pair with an ipad.  I don't see the app as particularly helpful for these.<br /><br />The best feature is one of the swap on ear pads.  It looks a little more matte than the others with a visible tiny circle in it.  Those crush up like earplugs, and then exactly like earplugs expand to keep the earbud in place.  Those are also the most  noise reducing.  I can't say noise cancelling.  These aren't that.  But it does help keep of the ambient noise down.  My main concern was one falling out, but with that pad, that hasn't been a problem and I doubt it will be.<br /><br />I had no problem with ear buds disconnecting from each other.  Once they got started, they were rock solid.  I got about two hours worth of use out of one charge, and then ran out of time to listen.  I think for me they will last long enough, and the case holds a charge for powering up on the go.  It uses a standard USB cable.  I like things that follow an industry standard."
96615,4,noise,1,123,"These don't actually completely cover the ears, but they do hold out outside noise fairly well. we'll see how they hold up."
37488,4,noise,1,457,"This unit fit my case and installed with ease. Obviously being non-modular left a bunch of cables tucked out of the way but I have a large case with plenty of room for them (but I don't have to store them). If you don't mind the non-modular cables this is definitely a recommend. Of course, it is too early to tell how it holds up over time, but my particular system doesn't draw much power, so I am not worried about noise or heat (B550m, R5 3600, RX 570)."
5418,4,noise,1,3145,"The most reliable and solid printer I have ever owned is a Canon Pixma i4500 which sits on my desk and is wired directly to my personal computer. It has been more dependable than any HP or Epson printer I have used and I have used and abused it for years. Because of my experience with my older Pixma, I had very high expectations of the MG5420. For printing, it performs quite well. For scanning, though, it is less than ideal.<br /><br />Setup of this printer is absurdly easy. I did follow the printed directions, not because I felt like I did not understand the device but because I wanted to determine if the included instructions are useful or if they are somewhat off in their guidance. They took me step by step through configuration, but it could have been summarized as ""plug it in, turn it on, follow the instructions on the screen"".<br /><br />This particular printer comes with a black pigment cartridge in addition to 4 color ink tanks. I like this configuration as it means I can print a lot more text pages.<br /><br />Initial configuration, while straightforward, is lengthy. It takes about 10 minutes of calibration and alignment (during which time it makes all manner of odd noises) before it is ready to go to work. Once it finished configuring itself, I plugged it in to the USB port and Windows 7 loaded drivers from online and it's ready to go. So, if the system has Internet access, the installation media isn't even necessary.<br /><br />I elected not to set up this printer on wireless, as it will be dedicated to a single machine and as such connected via USB. So, I can't really speak to it's configuration on a wireless LAN.<br /><br />Print quality is very good. I selected a high-resolution photo and sent it to the printer, and the printer dutifully produced a borderless letter-sized picture with fine detail, even set on regular paper and normal print settings. Color reproduction was slightly dull, though, and I will have to retry with photo paper and photo settings. More astonishing, though, is the print speed - my photo emerged from the printer in roughly 20 seconds, making this one of the fastest color printers I have used for printing photos.<br /><br />I then decided to scan an image with the printer. The scan was quick and painless. That said, the scan was very banded and the image was marginally acceptable. I tried another scan and got similar results - banding on the image and the overall quality was low. Other reviewers have had good success with the scanning, so I am hopeful that my particular unit is slightly faulty.<br /><br />I tried using the copy feature using a text-only document and the copy was nearly indistinguishable from the original. Because the copy portion relies on scanning I was unsure if the copy would have the same banding issue - it did not. So, this tells me that in the capacity of a copier this unit is capable of decent OCR work.<br /><br />My experience with this printer is mostly good. The photo printing and copying is good while the scanning of images leaves something to be desired. Overall, this is a decent printer for moderate use and is worth a look."
97885,4,"noise,eq",2,2334,"I recently upgraded my AV setup and one of the goals was to cut down on the mess of cables connecting everything. While I don't watch tapes very much, I didn't want to eliminate having a VCR since I occasionally will tape shows.<br /><br />Looked at a variety of VHS/DVD combo units and they all seemed to have their problems. Took a chance on the JVC, and so far (been using it for about 2 months), have been pleased.<br /><br />The best feature is that it will send both DVD and VHS signals through an HDMI cable. Just one cable connects this to my receiver -- no more tangle of cords! It also will upscale the VHS image but don't expect much. Yes, it's better, but not high def (or even DVD) quality.<br /><br />The built-in tuner works well for me, but I do live in a fairly strong signal area, so pretty much every tuner works well. The recording feature is pretty easy to use, and the tape-to-DVD dubbing feature is a snap to set up. I've been able to play the disks that I've recorded on other DVD players without any problem.<br /><br />The remote is not great. Lots of small buttons, and the layout is pretty poor. Load times for DVDs is pretty good. It does make more noise than my other DVD players. Not objectionable, but you can hear the disk spin up. It lags a bit when you hit the eject button. Upscaling for DVDs is decent. Clearly not on a par with an Oppo, but a solid performer.<br /><br />While there are better choices out there for just a DVD player, just a DVD recorder, or just a VHS player, this is a good choice if you're looking for a single player that does all the above, plus offers a built-in tuner and single-cable connectivity.<br /><br />Lastly, this is also sold at Sam's Club. You may want to check them out for pricing.  Amazon also offers a pretty good price as well.<br /><br />UPDATE: There's a firmware update available that fixes the problem with the recording shutting down in mid-program. According to JVC, it seems that some commercials trigger the copy-protection system, and it stops recording. It happens very infrequently, but the firmware update solves the problem. Easy to install -- just download the file from the JVC site, burn it to a CD, and pop it in. Full instructions come with the firmware file. Not essential to do unless you're having the problem of shutdowns mid-program."
28210,4,noise,1,1643,"I ordered this 'Klim Ultimate + RGB Laptop Cooling Pad with LED Rim + Gaming Laptop Cooler + USB Powered Fan + Very Stable and Silent Laptop Stand + Compatible up to 17"" + for PC Mac PS4 Xbox One + New 2020' for review.<br /><br />I ordered this Cooling Pad for my very heavy and large 17"" Gaming laptop which I am mainly using for video and photo editing. I was concerned that this would be too small and not durable enough to handle the larger laptop however I was pleasantly surprised. Though this Klim Ultimate is made of plastic, it handles the larger laptop just fine. As for cooling, I can say that it does help to cool the Gaming laptop down a bit and it is definitely better than when not using anything at all. This cooling pad has a USB cable that plugs into your laptop for power. I was worried that it was not going to work as the cable splits into two USB plugs and my laptop only has one USB plug on either side of the laptop so the cable will not allow for both USB plugs to plug into the laptop. When one side is plugged in, the other USB plug will not reach to the other side of the laptop. The cooling pad does however work if only one USB plug is plugged into the laptop for both the fan and RGB lights. I am not really sure yet if I were to use a USB dock, and plug both cables into that, if the speed of the fan would be faster but I doubt it. For my use it seems to work fine and although the Cooling pad has a speed control dial, I only use it on the highest setting and the noise level really isn't that bad. Overall for the money, I feel that this is actually a really great value and the RGB lighting is a fun bonus."
83312,4,noise,1,1559,"Trying to decide if we were ready to cut the cord, we installed this antenna to see if we could get all the local channels.  We got 40 digital channels about 20 miles west of Washington DC and the major networks are crystal clear.<br /><br />The network towers we use are clustered together about 20 miles away.  We have 2 or more topographical obstructions between our house and the towers (no line of sight).  The Noise Margin on the networks is 35-40 dB.  TVFool.com listed my location as &#34;yellow&#34; (which means use an attic antenna or higher).  The cable drop is about 25 feet and I did not use an amplifier.<br /><br />This antenna is supposed to be omni-directional but we did experience occasional signal drop on the networks with the initial &#34;eyeball&#34; installation (which was off about 15 degrees).  Standing directly under the antenna and looking through a compass I had my son walk through the yard until he stepped into the path to the towers.  Then I had him stand still, facing the antenna, and rotated it until he told me it was pointed straight over his head.  That seemed to fix the signal drops.  Given all the factors of our situation, I am probably maxing out the performance of this antenna.  If I have any issues I'll just buy the add-on the reflector shield to increase directional performance...but for right now I don't need it.<br /><br />Installation was easy (I just mounted it to the Direct TV mast).  This antenna is small and light which was a big plus when climbing up a 25 foot ladder.<br /><br />So far so good!"
99061,4,noise,1,373,"I really like Betron earphones, but these simply do not fit in my ear and is the ONLY reason for 3 star rating. If you have smaller ears, that don't have a lot of ""soft"" parts, these may not be the right ones to get. I was bummed because Betron has amazing noise canceling, but this design leaves little wiggle room to make them fit. Ended up getting an older model Betron."
40905,4,quiet,1,778,"I bought this as a gift, and decided to open it and check it out to see its quality. I simply loved it right away and decided to keep it for myself. (And buy another one later).<br />The design is sleek and beautiful with low-profile and quiet buttons, which is what I like. The buttons feel great and have an indent on them for your fingertips as well and feel more comfortable. Another nice feature is the calculator button on the keyboard which launches the windows calculator automatically.<br /><br />Pros:<br />Keyboard is ultra quiet<br />Very comfortable feel<br />Indented keys<br />Rechargeable, no batteries to replace.<br />Smooth quiet mouse<br /><br />Cons:<br />Keyboard lies that on my desk. There is no tilt or raise.<br /><br />Otherwise, this is good product."
61771,4,quiet,1,398,This is an excellent modest-budget power supply. It's quiet. It comes with enough connectors. It's super reliable and delivers steady power. The ONE issue I've had with it comes from installing it in a full tower that has a lot of wire management: some of the power module cables are barely long enough. Just another inch or two would have made installation much easier.<br /><br />Still recommend.
37973,4,"quiet,noise",2,507,"I purchased this to use as a time machine hard drive. Actually I am using it thru macOS on a headless Mac mini as a entire network time machine drive. Its working just fine and to be honest I forget its hooked up. The unit is quiet, making no noise so I forget about it. I just checked my MacBook to see if it had recently backed up. Its a nice complement to book collection of the mrs. She is a book worm and it blends as nicely as it could into her reading collection shelf.<br />I did reformat the drive."
99603,4,quiet,1,550,"This LaCie 2TB USB-C hard drive is light, small and very sleek looking.  Other reviewers have mentioned the drive's sharp edges which can scratch a table or couch, so that's one thing to take be aware of when using it.  I found the HD easy to set up and use with my Mac.  I set it up to save files and to allow for the Time Machine backup.  The HD was quiet, has a light that shows its progress and that it is saving files which is reassuring.  While the LaCie 2TB USB-C is pricey,  it does offer USB-C connectivity as well as a good looking product."
34725,4,quiet,1,546,"Great projector at a great price. I thought I would be annoyed at the light surrounding the image that others have mentioned, but with a black wall and black curtains, I don't even notice it. The only thing that really bothers me is the rainbow effect (I'm one of those people). Other than that, the image is vivid, bright with great contrast and the black level is quite good. It's also very quiet and the fan only runs for about 20 seconds after shutdown. I use this mounted on the ceiling with an HDMI wireless receiver with no trouble at all."
55397,4,quiet,1,307,"No issues so far, seems to runs smoothly and reasonably quiet.<br /><br />Battery life isnt great but its is meeting the my expectation which was fairly low.<br /><br />Only game I play is league of legends which runs great.<br /><br />Only con is the plastic feels fairly cheap,  I wish it felt more solid."
20069,4,"quiet,eq",2,1479,"I took this laptop to use for running a Cameo cutting machine.  The Silhouette folks suggest a gaming type platform for the machine so that there is enough memory and processing power.<br /><br />This is my first time to have an HP computer.  Set up was pretty straightforward once I found the power button. A little guidance on that would be nice from the manufacturer. It's on the top of the keyboard on the left. The unit runs quietly and does not get hot like some of the others I have. The keyboard is OK. The characters are backlit with a bright green light which doesn't do much for me and the alphabet is some sort of modern thing where the ""A"" doesn't look like an A. I'll adjust.<br />What I'm not impressed with is the construction of this. The top is very flimsy when you open and close it. Kind of bendy and thin. Not framed well like others I have had. It will be fine for me in my studio, but I don't think it would hold up to being carried around and banged about.<br />I also don't much care for the touchpad at all. It seems hypersensitive even set on medium touch and requires multiple fingers to scroll and capture. I never could figure out how to get it to grab something to copy and paste. I'm off to get a mouse as soon as I'm finished.<br />Processing time seems fast. The display is very clear and the colors are true. As an artist this is important for the work I do. Peripherals all connected and installed easily. All in all I am pleased to have this."
15279,4,quiet,1,127,"The clicks are very quiet, which is great. Range and accuracy and battery life are great. The middle scroll wheel is not quiet."
72059,4,quiet,1,246,This mouse is very quiet and easy to use. It is basic but responsive. Works well with my Chrome book. It is coated with antimicrobial material. Not sure how effective it is but not a bad idea. This mouse is the perfect size for travel. I like it.
4611,4,quiet,1,731,"I have been using this device for quite a while now and I have enjoyed having it as a network storage device.  Perhaps the best thing I can say about it is that it has been working quietly and steadily, acting as a file server and back up to my older Mac Laptop.  I have never had to recover from the backup, but I like the security of having the back up (I have verified files are backed up.)  The device is quiet and has needed no real interaction from me.<br /><br />When I first got the device I was wowed by all the possibilities, but I have not actually used any of the whistles and bells, just the raw disk space.  So I can't really say much about that, but I will say that it has been a great and dependable product for me."
5208,4,rattle,1,2105,"I recently purchased a new zoom lens for my camera after I broke the old one when I took a tumble. I had filters like these for my old lens but the thread size was different so my old filters were no longer useful. I selected this filter for my new lens, somewhat apprehensively because of the relatively low asking price. It has proven to be a decent filter but it is not useful in all situations.<br /><br />The idea behind this filter is light diffusion which will give an image a very slight haze or softness, depending on the lighting and subject. This is an effect that can be emulated in software during post-processing but in doing this type of enhancement I have found it is sometimes unnatural. It certainly is less fun than making it happen while shooting, which is why these types of filters are available.<br /><br />In use it works, though I have had mixed results. When using it with certain light sources, the filter seems to have no real effect at all, while with others it creates a subtle, soft glow around the subject. I am still working out the situations where it is most effective. I have had similar issues with filters like these with other lenses, and as such I assume the problem is in my lack of practice with them. It will take some time and practice to make my results more consistent, and for now I lay the fault on myself.<br /><br />The build quality seems to be good. I have received filters in the past where the glass rattles in the frame which is unsettling. This one is tight and there is no play between the glass and the frame. It screws on to the lens securely and is easy to clean.<br /><br />The asking price is quite reasonable. I have seen these filters priced much higher, and I have also seen much cheaper ones that do not work well. The pricing seems in line with the product, if not slightly low.<br /><br />I have no complaints with this filter. The issues I have with it are probably my inexperience, and I will keep working with it to improve my results. I will return here and update my review if my impression changes. For now, though, I am satisfied."
82423,4,rattle,1,110,the rattle people are complaining about is the retaining clips are loose in the battery no rattle when on tool
12155,4,rattle,1,1516,"My family got together and picked this up for me during Fuji's sale/promotion in March. This is going to cover Christmas and birthdays for the next few years  :)<br /><br />Build quality is top notch. The zoom, focus and aperture rings are all nicely sized and very... grippy. The zoom itself is almost, but not quite, too stiff. I noticed no creep whatsoever. Autofocus is, expectedly, a bit slower than the kit lens but still decent.  Image stabilization is impressive enough for hand-held shooting in low light at full zoom. Image quality is impressive. The included hood is huge, seriously huge. It's actually a little hard to get the lens cap on with the hood on. Speaking of the lens hood; my one gripe with this rig is when fully 'on' the lens the hood tends to rattle a little bit. I've found that backing off the connection a 1/4 inch or so keeps the hood from rattling and still keeps it firmly in place.<br /><br />It does make my X-E2 a little front heavy but it's not that horrible. I'm contemplating buying one of the extension grips from Fuji for the camera. A nicely padded neck strap is a definite plus when carrying a camera with this lens mounted on it. One thing I've had to pay attention to is when switching back to my 18-55mm lens I need to be careful of how hard I twist the barrel to zoom in and out this lens is MUCH stiffer to use than the kit 18-55mm that came with my X-E2. I worry I may break the smaller lens after using this lens for an extended period.<br /><br />Highly recommended."
2099,4,"rattle,eq",2,1201,"Overall this is a nice affordable zoom lens.  The aperture is nice and big offering great light collection. Used with my Celestron astromaster 130EQ, it doesn't maintain focus across the entire zoom range, requiring about a quarter turn of focus adjustment from 8 mm to 24 mm.  And yes mine does rattle too.  There are four lenses total, and the spacers and mechanisms aren't well-matched.  But none of this really impacts the quality of the images.  I unscrewed it all and tightened it which helped some, but not much.  I use some basic eyeglass lens cleaning wipes which unfortunately introduced more lint than it removed.  The Eclipse cleaning solution works well combined with a lint-free pad.  The focal points across the range typically focus precisely on at least one of the lens surfaces.  Which means that any tiniest piece of lint or speck can foul an image, especially bright ones.  So be prepared for that, and if the internal lenses are clean and you're trying to fix a slight rattle by opening it up, my advice is don't!  This aside, the lenses themselves are good quality, and I'm pleased with the bright sharp images and large field of view I can get with this zoom lens for the price."
19882,4,"rattle,eq",2,2708,"When purchasing a bluetooth mouse, or any bluetooth device, an important factor is how well it connects and how well it STAYS connected.  After all this time, the industry still can’t make up its mind about how bluetooth works:<br />- Microsoft with their mouse and Sony with their controller that pair without the need of a code (which Android’s bluetooth stack doesn’t support).<br />- Mice and keyboards that will not reconnect after it wakes from sleep mode.<br />- To this day, bluetooth devices still can’t wake a computer from suspend state.<br />So when I get a simple bluetooth mouse for a good price, and it actually works as expected, I was happy.<br /><br />For my review, I’m comparing the Bornd mouse to the [[ASIN:B006428K7I Motorola 89519N Bluetooth Mouse]] which I got in a set that included the [[ASIN:B004L9MBH6 Motorola Wireless Keyboard for Motorola ATRIX and XOOM (Motorola Retail Packaging)]].<br /><br />With the Motorola mouse, its frequency somehow conflicts with the Motorola keyboard, resulting in sticky keys, as in “I’m having a good daaaaaaaaaaaaaaaaaaay”.  Conversely, the keyboard interferes with the mouse where the computer would actually lose connection with the mouse for a few seconds after typing, or lose connection completely.<br /><br />What I liked about the Bornd:<br />- Pairing was simple using the button at the bottom of the mouse.<br />- Operating distance is about 5 feet, but this may be because of my computer’s bluetooth antenna<br />- Takes a single AA battery which lasts over a month of moderate use (2 hours per day)<br />- Mouse movement is good.  No need to adjust mouse speed in the control panel.<br />- Accuracy is good.  Editing images using Pixlr.com, I’m able to select precisely the parts of the image I need.<br /><br />What gave me trouble with the Bornd:<br />- When you first put your hand on this mouse, you will not feel that it is very well built.  The plastic is completely smooth and the mouse wheel seems to rattle when you shake it.  I got used to it after a few minutes, though.<br />- The mouse reconnects with the computer most of the time, but sometimes it was necessary to turn the mouse off and on again after the computer reboots or if the computer was out of range for an extended period of time.<br />- Lately, I’ve been experiencing double-clicks when I click on the left mouse button once.  I’m usually able to fix this by getting angry and slamming the mouse down a couple of times.  This may indicate a build quality issue with this mouse.<br /><br />In my specific case, the Bournd did not interfere with my Motorola keyboard at all and it seems the sticky key occurs only when the batteries on the keyboard runs low."
84617,4,"rattle,eq",2,2032,"Summary:<br />I bought this kit because I needed to recover the data on an 80GB Hitachi 1.8"" Drive from a dead Vaio notebook. No setup was required after I finished installing the drive in the enclosure, and it was recognized and read on my XP machine without a fuss.  The enclosure is a thin aluminum extrusion with channels on the inside.  The end caps appear to be pot metal castings.  One end cap contains the interface board with LED activity light and the USB connector.  A USB cable is provided.  The kit is cheaply made but did what I needed.<br /><br />Installation:<br />Installation consisted of mating a flex cable and connector, sliding the drive and active end cap into the enclosure, and screwing in the end cap(s).<br /><br />It  takes a bit of care and patience to insert the flex cable into the connector on the drive, but I was able to get it done in a few minutes.<br />The cable needs to be made to assume an S-bend after attaching it to the drive so that the entire assembly will fit into the box.  That is best accomplished by gently pushing the end cap and HDD together and guiding the cable into an S.  I suggest you place the assembly next to the enclosure first so you can see how much length the bend will need to take up.  It's not much.  Then, slide the drive into the enclosure followed by the cable and end cap, gently guiding the cable bend as needed.  Make sure the end cap fits properly in place before and while you install the screws.<br /><br />Here's the part I deducted a star for:  The screws go into unthreaded channels in the enclosure and their alignment is less than perfect.  It took quite a while and a better screwdriver than is provided to get the screws fully seated.  YMMV.<br /><br />If the drive rattles around more than you like front to back, you may wish to install one or two of the stick-on rubber bumpers that are provided onto the far end of the HDD or the inside of the blank end cap.  Be aware you'll have to deal with two more screws if you put them inside the end cap."
68226,4,rattle,1,2157,"I'm a smaller woman, and found the grip on my Canon 30D to be uncomfortable, but I wasn't willing to compromise on photo quality so a digicam was out.  When I discovered micro four thirds cameras, I tried out the Oly E-P1 and E-LP1, but preferred the feel of the GF1.  I also tried out the Samsung NX10, but it just doesn't offer enough native lenses for me.<br /><br />The GF1 is the most comfortable camera I've ever owned.  The image quality is very good, and although I hear it's good on full auto, I use mine on full manual or shutter priority, and it's very easy to use if you've had any experience with a full featured camera. The buttons and menus are very intuitive, the wheel at the top of the camera is easy to use and I like the flash to use as a fill flash.  At default I got a few blown highlights, but this is very easy to control by stepping down just a little.<br /><br />The only things that I didn't love are the rear dial - it's a little more recessed than I'd like, although I got used to it pretty quickly - and I would have preferred a flip and twist screen since the camera doesn't come with a view finder.  Otherwise I'm very satisfied with this camera.<br /><br />The 14-45mm kit lens is good quality.  It's solid with no rattles, turns with just enough resistance, and takes sharp high quality pics with very little chromatic aberration.<br /><br />One thing last worth mentioning is the stabilization.  It's in the lens, and it works better than I expected.  I got handheld pics reliably at speeds I haven't been able to shoot at before.  That being said, if you prefer your stabilization in the camera rather than in the lens, the E-PL1 is definitely worth checking out.<br /><br />I'm very happy with the GF1, particularly the easy menus and controls.  It takes the annoyances out of photography so I can concentrate on taking the pics rather than fighting the camera.  With good image quality, nice videos, fast auto focus and better than average auto features, this seems like a camera for anyone interested photography, from newbie to pros looking for a smaller second camera.  For enthusiasts like me, it's just the ticket!"
92925,4,rattle,1,789,"I bought this SDR device so I could listen to shortwave radio but I still can't get that band to work. I have tried the HDSDR software and some other software but it only seems to go as low as 25MHZ. I tried switching where the antenna is connected and it doesn't make a difference. It works a lot better than my other SDR device and has better reception but neither of my SDR devices will pick up shortwave. Is there a software or setting that you recommend for this??<br /><br />One other issue I noticed is the board inside the case seems loose. It rattles around. This isn't a big problem, just something I want to note. It has had a software crash a couple of times and I'm wondering if the loose board is causing this...<br /><br />So far I am really liking this SDR device though..."
98333,4,"sound,bass",2,428,"Sennheiser has a wonderful range of headphones from studio-quality to sports, and these headphones have the same lush sound sound as a pair of their high-end cans but pared down to earbud size and for those on the go who don't want to skimp on quality.<br /><br />The calls and pairing was simple, clear and crisp and nice bass as well. I like to wear these on my morning and afternoon runs and the price for these is excellent."
16527,4,"sound,audio",2,1545,"I was looking for a simple sort of cd clock radio to keep on a nightstand.  It's amazing how difficult it was to find something like that that fit my needs, and I ended up with this unit although I really wasn't intrested in the iPhone/iPod connections.  I went to a local electronics store and first tried a litte Sony machine, was set to buy it, and then the salesman showed me this Phillips unit.  The sound was overwhelmingly better on the Phillips unit.  I admit I'm not an audiophile, but I just want something that sounds good when I played CDs at bedtime.  I quickly dismissed the little Sony and went for this unit.  Since having it about a week now, I really like the sound from the CD player.  I did try my iPhone 4 on it to see if it would connect, and it did and it played music like a champ.  Strong and clear.  I have a rubber bumper on my iPhone and had to remove it to make the phone fit properly but that's no big deal.  In fact what I'm thinking of doing is reprogramming my older iPhone (first generation) with nothing but music on it and leaving that plugged in the Phillips unit.  I keep my iPhone 4 in a different charger in a different room so it doesn't disrupt my sleep AND so I won't forget it when I'm leaving the house.  So far I'm a happy camper with this little Philips unit.  The only con is the brightness of the backlit display which is rather bright.  I placed the unit in a different part of the room where the remote still works but the brightness of the display doesn't affect my sleep.  I like a dark room!"
98191,4,"sound,audio",2,1241,"I bought this particular receiver for my 85 year old mother.  Her old ""Scott"" receiver finally bit the dust.  She has a lot of vinyl records and I needed a receiver which I could connect a turn-table too and this one has phono outputs.<br /><br />I had it shipped to her house and after I arrived I had it set up in about 15 minutes.  I didn't even have to read the directions as it was pretty straightforward.  I also connected a CD player and the receiver has plenty of outputs.  It's kind of heavy but that wasn't a problem.  After it was all connected I turned it on and *voila!* music!  She's hard of hearing so I had to crank it up and it sounded great!  I can't remember the size of the two speakers but they are probably around 25 years old, big (sit on the floor) and this receiver powered them just fine.<br /><br />Mom can't quite understand how to work the radio....that could have been designed a lot more simply but I set it to her favorite station and she was fine.  I did have to consult the directions to figure out how to use and preset radio stations.  It was not intuitive at all.<br /><br />Overall, it's a nice receiver. It's not what a true audiophile would buy, but it was a great replacement for a very old receiver."
8286,4,"sound,volume,eq",3,242,"This little stereo is adequate. I can play radio, my cd's or a cassette. The sound quality is best on commercial cd's. There is no adjustment of the sound except volume. I wish there was a mixer but for the price it's a good little workhorse."
70665,4,sound,1,2170,"What I like about this watch:<br />- one full charge lasts several days<br />- good way to track your BPM, Blood pressure, calories burn, steps taken<br />- could make phone calls with the watch<br />- if you take the watch off for whatever reason (like to shower) it doesn't keep taking your BMP or blood pressure so you don't have to worry about your data getting messed up/ inaccurate.<br />- comfortable silicone band which has a lot of holes to adjust to your size wrist, I have a very small wrist and use the second to last hole<br />- good size screen, not too large and not too small<br />- you could set alarms (through the app) also features a stop watch and timer<br />- receive and check notifications for several apps plus text messages<br />- has a find phone feature if you misplace your phone<br />- you could add music to your phone (which I have not done, and not sure if I'm going to do)<br />- waterproof<br />- Compatible with my Samsung smartphone, and easy to set up<br />- Great to have at work, to keep track of time and if I receive any messages/notifications on my phone without having to check my phone<br /><br />dislike:<br />- only 4 different dial face designs to choose from<br />- speaker is towards the bottom so sound could be blocked by your arm depending on your position<br />- sleep tracker is not very accurate (while I'm laying in bed reading, watching a movie, or on my phone it thinks I am sleeping, and there is no way to edit the hours manually)<br />- no power button (to turn on or off)<br />- you cannot name or write notes with the alarms, there are only icons to label<br />- does not stay connected to my phone in my whole house. If I have my phone on charge in my living room and I'm in my kitchen which is 2 rooms over, I will not get notifications from my phone<br />- app doesn't not always update, I will have to go to the app and refresh (down swipe) for data to refresh and update<br />- charger connection is magnetic and a couple times it was bumped while on charge and the charger got knocked off and I didn't know, do it wasnt charging. Plus if the charger breaks for whatever reason I don't have a back up."
69339,4,"sound,noise",2,728,"I’m not a sound snob, so I can’t speak to the sound quality of these headphones. To me, they sound just fine. I use them almost every night, either paired with my laptop or phone.<br /><br />The active noise cancelling feature is my favorite. I’ve tried similar features on other headphones and sometimes I get nauseated after having the noise cancelling on for too long. I don’t have that problem with these headphones. The active noise cancelling doesn’t block out all sound, but it does a decent job.<br /><br />The ear cups are round and nicely padded. The headphones aren’t too tight on my head, either. If you have a larger head, this pair of headphones might not be too comfortable, as the ear cups are on the small side."
19052,4,sound,1,164,I brought this speaker for My Wallmount TV. This speaker perfectly to my LG TV and sound quantity is pretty clear. I can play music from my iPhone and iPad as well.
90589,4,sound,1,333,Sounds quality is good and I like that I can comfortably fit my sunglasses under the headset.  My only complaint is it's a little too big for my head! I don't think I have an abnormally small head (5'3 female) so i'm surprised that I can't adjust it to a shorter length. That can be annoying sometimes as it will start to slide down.
83960,4,sound,1,149,I only paid $11 when I got it and the current price tag seems a bit crazy high.  The Sony cable is durable and delivers decent/crystal sound quality.
94033,4,sound,1,1280,"This should go without saying, but you need a smart phone or smart device to use these cameras.<br /><br />Creating an account is free, each camera comes with a free 30 day trial of the premium service, after that the premium service is a charge per camera. This model, the Kasa Spot, does not have a free subscription available.<br /><br />The app does a great job of walking you through set up of each camera. There are sticker templates so you space the included screws properly to mount the cameras, which the app also walks you through. I found that to be really helpful since I’ve never installed anything like these cameras before. One of the cameras had problems setting up, but the app still walked me through resetting and trying again. Even for an inexperienced person such as myself, the set up was extremely easy with no need to contact technical support. For a tech savvy person, the install would be a breeze.<br /><br />You can set privacy settings, so certain cameras only record sound or video, and you can set “activity zones” for cameras to focus on, excluding the rest of the field of vision.<br /><br />This model is an “indoor” camera. It’s not weatherproof, but if you have front windows (like I do), you can install an indoor camera to view outdoor areas."
2322,4,static,1,656,"I like the look but actually causes some issues. The slick polished aluminum frame is hard to handle, I drop it on my desk because it slipped out of my hand. There is no power switch like I have on all my WD drives.  I wouldn’t get this to mobile with but for you desk or a static location should be fine and would look really nice. Data transfer speeds meet today’s standards, I was able to transfer about 1.5 TBs of photos and video in about 4 hours, at speeds about 143 MB/s. If you want to put this on your desk I can see where the look would be a selling point, if this will be tucked away somewhere than there may be more affordable options at 4 TBs."
18396,4,static,1,665,"I'd been using the same router that the cable company installed when I signed my contract back in 2009. I figured that any 2016 entry level router should be a noticeable upgrade. I've had movies stall in the middle of streaming, etc.<br /><br />This was a quick and easy install and yes, i'm not getting as much movie stalling...but it still happens occasionally. So I'm satisfied, but not ecstatic. I was hoping to eliminate stalling completely. Still, it does seem to be better. Maybe I should have tossed in the next $50 for the better version...I'll keep that in mind for when 2022 rolls around and it's time to upgrade again.<br /><br />Unit looks really cool."
27113,4,"static,volume",2,1093,"Instructions for this item were really clear and it was easy to setup. All I had to do was remove the plastic strips from the under the ear buds then they pair with the case. Then I turned my bluetooth on and found the item and they paired to my phone without any problem (I have a Samsung Galaxy S10+). I would have given 5 stars but the tap functions dont work so well. You are supposed to tap twice to pause or play music. This usually worked about 3 out of 5 when I tested on both ear buds. I tapped faster and slower to see if that would change the results, but it didnt. When it came to the three taps for previous/next song, the ear buds seemed confused and began pausing and playing the music at times. Again, I couldn't tell if I was tapping too fast or slow. This functions worked about 1-2 times out of 5 tries. The range is great though. I was able to leave my phone on my bed and walk out my front door (about 20 ft away) then outside to my front door and there was no static or insidication that the connection was fading. The volume is great as well with both or one ear bud in."
94671,4,static,1,929,"Recently my husband purchased a touch screen computer for my art studio for the whopping sum of 60.00 USD! I was ecstatic till I realized that there are only 4 usb ports to the sweet little machine and I am a peripherals l junkie. What is a girl to do? I purchased this Hub (and one other brand).. I plugged this one directly into the back of the-machine. The peripherals that I always use are now plugged not this. (one day I will get behind the computer and tidy up all the cords. Now my wacom tablet, two different label printers, and my plotter are connected to the computer.all I have to do is flip the power switch and the computer recognizes them! That saves me a lot of time in the middle of my art creations! So with just this hub I doubled my usb hub availability! I am very pleased. Here is a silly bit, I chose this one because it had the name Omi in it. My granddaughter calls me her Omi, so this one had to be mine."
27719,4,"static,loud",2,226,Good product but at highway speeds it is difficult to hear. Possible issue with install but every now and then I can hear static. Overall great unit and very user friendly. Great battery life. Just needs to be a little louder.
81816,4,"static,eq",2,602,"I installed this system on my 2007 Ford Ranger.  Pretty simple install, pulled the tail light, found the backup lamp hot line, tapped in, reinstalled the tail light, mounted the camera above the license plate, plugged in the monitor, but the truck in reverse, magic, there it was!  The picture get a bit noisy (static) depending on the parking location and the amount of metal around, but it shows adequately enough to back up and park.  I do wish the parking lines were more adjustable, but I get that it can't be perfect for every vehicle.  This does well enough for my needs and the price was right."
96223,4,static,1,730,"This is really quite large.  I mean, that's a good thing if you have a lot of AC adapters that all manage not to block each other on here (and some still will), but it's not great when depth is tight behind your stereo or wherever you're trying to hide this.  The flat plug is much appreciated, as is being white.  The USB ports are becoming still more useful, but I wouldn't get them unless you plan to use them (like, if you're using this in a static setup with no need for ports, why waste even a tiny bit of power - and space).  And the switch is good for some scenarios and terrible for others, so contemplate that as well before you jump into anything.<br /><br />It's very lightweight.  I guess it doesn't need to be heavy."
59088,4,static,1,3852,"I lived and breathed full-sized Kensington trackball mice from about 1987 until my last one stopped functioning and I couldn't find them anymore...probably in the late '90s. Tried some others; all had small, lightweight balls that gave none of the feel and control of Kensinton's...Expert Mouse? Was that what it was called back then too? Because it was the same general design as the current Expert Mouse, but the body was computer-case white.<br /><br />Anyway, I had several of those (the quality going downhill with each iteration, as I recall) and loved them, and since they disappeared (as far as I could tell), I adapted, first to trackpads, which I've never liked much, and then back to traditional mice which don't give nearly the control of a trackball. Now, at last, it seems Kensington has again begun to produce truly worthwhile trackball mice, and this is one. Oh, it's _so_ good to have one of these again.<br /><br />I'm doing that thing I hate when other people do it and reviewing the product as soon as I've gotten it up and running, without any kind of experiential history behind my assessment. I'll come back and update this in the future if necessary. But so far: I'm happy, happy, happy to have a real, full-sized Kensington trackball mouse again, with a heavy, substantial ball. There are only two things about this device that I'm not crazy about: In my old Kensington mice, the ball rested on physical rollers and I could give the ball a good spin and it would keep spinning for a second before stopping; it spun much more freely in its cavity than this ball does (so far...maybe that's something that will break in?) [Update: yes, after about three days of use the ball rolls more smoothly and silently than the old one on rollers ever did]. And the other thing is the scrolling mechanism. It's weird. Despite the KensingtonWorks software trying to make us believe otherwise, the ""scroll ring"" itself actually has nothing to do with scrolling, nor with anything else - the ""scroll ring"" is not even a control, but just a static piece of chrome trim. What makes the mouse scroll is twisting the ball this way or that from the top, as if it were a knob. At first I thought the ""scroll ring"" wasn't working because I was trying to use it without touching the ball...which does nothing. And now that I've figured out how scrolling works (you rest your finger on the ""scroll ring"" and push and pull the side of the ball)...I'm not crazy about it. I'm getting used to it, but it's just a weird way to scroll (I can't for the life of me remember how I used to do it on the Expert Mouse decades ago). It does work though.<br /><br />(Update on the scrolling: I'm also not crazy about the way the KensingtonWorks software handles the scrolling speed adjustment. When you make the base pointer movement speed faster, the pointer continues to move smoothly, but just faster. When you make the scrolling speed faster though, you lose all smoothness - the software makes the scrolling faster by breaking it into successively larger and more jarring jumps. At the slowest speed, it's pretty smooth; at the highest speeds it's no longer really scrolling, but simply jumping abruptly from one screenful (or page) to the next. Increasing the scrolling speed just increases the size of these jumps, but I find them jarring and annoying starting at the second or third lowest speed setting.)<br /><br />I also had to figure out how to program one of the buttons as a click lock, since Kensington doesn't call it that anymore, but calls it ""left drag"", ""right drag"", and ""middle drag"" (and I have no idea what the difference is between those three - I just chose ""left drag"" and it's working fine).<br /><br />So far, those are my only gripes, all minor. So happy to have one of these things again!  =) (Did I mention that?)<br /><br />Enjoy..."
87887,4,"static,volume",2,525,"Great set of Bluetooth earbuds.  When I am talking through the earbuds, my volume is normally on low. Even with a low setting, the people I am having a conversation can hear people across the street on the basketball courts.  It does pick up your surroundings well.  No static.  Very clear voice.  It is waterproof  I did shower with them on.  Only issue was that it turns off when the water hits it.  Unsure if it’s because it’s water or because it thinks I pushed them to turn it off. That’s why I am giving it a four star."
96270,4,static,1,632,"I was definitely surprised how inexpensive and still pretty good this dual monitor mount is.  Admittedly, it is not as slick as the ones that cost 4-6 times the price, but it is still relatively acceptable in most situations.  As another reviewer mentioned, I'm not certain it will hold the weight of some 27"" monitors well.  I've seen better cable organization, although this one's is not bad, and it does not seem as smoothly and infinitely adjustable as one of the high end models.  All that said, if you just have two mid-size monitors you want to mount in very static positions, this is a great way to clear up some desk space."
67739,4,tinny,1,287,"I wanted to listen to old cassette tapes but I have no stereo system available and I didn't want to buy one just for this purpose. This old players are still useful for basic listening and recording. The front speaker is a little tinny but I didn't expect more. The price was right, too."
67304,4,tinny,1,1081,"My 8-year-old loves books on CD, so we got this to replace our old player. It's perfect. Kiddo has been carrying it around and keeps swinging it by the wrist strap but the player doesn't skip a beat! The controls are easy to use. There is some processing time between functions, the computer is not very fast. It feels very durable.<br /><br />The speaker is mediocre, but you can hear the words just fine; it's tinny as expected for something like this. It is what it is. Plugging in headphones works great.<br /><br />The one issue we have is that the Bluetooth doesn't seem to be able to pair with objects that can't ""pick"" it. Because my headphones just pair with whatever picks it, the two devices just have the Bluetooth lights blink until they time out. The manual only says to pick it in the menu, but all my Bluetooth devices are old and just have a pairing function, no menus. There is not much information for troubleshooting so we gave up.  I docked one star for that.<br /><br />I received this item for free through Vine for an unbiased review,  my opinion is my own."
19808,4,tinny,1,2516,"What sets the INNOCN 15.6"" portable monitor apart from other type-c portable monitors is the built in battery and the touch screen features.  In the box, a soft silicone case is included with a cover that folds into a stand, making it feel like an oversized tablet.<br /><br />Other portable monitors with built-in battery are usually a little bit thicker or have a bulge at back of the screen.  The INNOCN doesn't have that.  It is a thin slab that is around 3/8"" thick.  I actually use it as a secondary screen on a daily basis and while the monitor has an all aluminum casing, there is almost no heat generated by the screen during use.<br /><br />The touch capability of this monitor brings touch support to any Windows PC without the need for drivers but even more, connect this to an Android phone such as my LG V40 and not only does the phone go into desktop mode, the touch screen works to turn the phone into a 15.6"" tablet!  The built-in battery will help to keep the phone topped off and allow fully wireless (no need to plug into the wall, but there will be a wire between phone and screen) tablet.<br /><br />My previous monitor was a LePow 15.6"" type-c portable Monitor.  It is representative of many other portable monitors on the market.  Compared to the INNOCN, the INNOCN is a lot brighter and the colors more vibrant.  The LePow was instant on but the INNOCN can take about 2-3 seconds to turn on after receiving a signal.  Both have speakers that are tinny and quite weak, but serviceable if you're on-the-go.<br /><br />If you are purchasing this monitor to work with the Nintendo Switch, you will be disappointed.  The Switch is very picky about the conditions that must be met before it goes into docked mode, mainly a 19v type-c PD.  The power output from this monitor simply doesn't supply that, even when plugged in to an original Nintendo power adapter (the adapter will serve to charge the screen, but will not supply the 19v to the connected switch).  It will only work with the switch through a dock, which really defeats the purpose of a portable monitor.  On the other hand, the LePow does actually does work with the switch.  Connected a power adapter or portable phone charger to the LePow and the monitor will supply the necessary 19v to the Switch.<br /><br />So overall, a great monitor for most uses, especially the ability to turn a phone into a large touchscreen tablet, but if you want a portable large-screen solution for the Nintendo Switch, go for something like the LePow"
69230,4,tinny,1,2111,"The BOIFUN Portable Monitor really IS portable. It’s not that much bigger than my 13-inch MacBook Pro, and it weighs less. I could see packing the monitor for a trip, to use for work and play. I have used the monitor with my Mac and my Nintendo Switch, and it works great with both devices.<br /><br />The monitor has USB-C and Mini HDMI input options. It comes with cables for both options, which I appreciated. That’s one small downside, you’ll need to make sure to take the Mini HDMI cable with you.<br /><br />I used the USB-C input with my Mac, it worked. I used the Mini HDMI to HDMI input for my Nintendo Switch, it worked. With both devices, the picture on the monitor was clear and bright. The monitor is plug and play, no instructions really needed.<br /><br />I did some online Splatoon matches with my Switch to see if there would be any noticeable lag or freezing on the monitor, there were no problems. The game looked great, although the built-in speakers are very tinny.<br /><br />I do have a few complaints about the monitor. The “smart cover” is super basic. The pictures show folding the cover and using it as a stand, propping the monitor against it. Like a tablet smart cover. But that’s seemingly impossible to do. The cover is very floppy, with no support to hold itself in any stand-shape. The box does include a basic plastic stand, but I wish I could use the cover as pictured, since the stand is one more thing to pack if I go somewhere.<br /><br />Also, the cover is like a file folder. There’s no way to attach it to the monitor. It relies on magnets alone to stay in place. I wish it had some sort of clip or strap inside, to secure the monitor.<br /><br />Secondly, the input ports are on opposite sides. The USB-C port is on the same side as the power port, but the Mini HDMI port is on the other side. So if you want to use the monitor in landscape position, you’re limited by input type.<br /><br />The monitor is powered via USB-C, a cable and wall adapter are included. The wall adapter is a basic 5V USB-A wall adapter. I like that it isn’t some proprietary charging cable."
34093,4,treble,1,252,"Works well with all Apple devices, Great treble. Takes less than 1 minute to sink with any Apple device. The stand is metal and durable and  comes with a speaker application with said Apple devices so you can talk in phone conversations---very clear!!!"
14245,4,"treble,static",2,417,"When it comes to movies, these speakers are amazing.  Like being in a theatre all by yourself.  You can hear every word clearly through the centre speaker, and the subwoofer can shake the house if you're not careful.<br />However, it is less than amazing for music, as it is deficient in the tweeter category, so your treble gets lost.<br />Movie buffs and gamers can rejoice - music fans won't be ecstatically happy."
37539,4,volume,1,717,"Nice, robust case. Used it on a Samsung Tab A. It fit perfectly. People absolutely need to watch the video showing how to install the tablet. It is an easy install when you follow the directions. The video also nicely illustrates the right way and the wrong way to use the built in tablet stand that is part of the Seymac cover. I had one problem with the volume buttons not aligning properly with the tablet. The Seymac customer service people are sending me a new cover but in the meantime i cut two small pieces of a wine cork (no shortage of them in our house) and used them to make the alignment work at least for the time being. All you need is a knife, a cutting board and a cork. I would buy thus cover again."
37953,4,"volume,eq",2,1786,"Earlier this year I purchased this (880) at a truck stop. I use the radio occasionally, mainly for work communication between transport and chase vehicles.<br />It so far it has been a very good purchase. Its held up well to construction work (heavy equipment movement). I have had no issues with the radio at all.<br /><br />I think the stock speaker has too low of a volume (well for fast approaching 50 it is). I purchased a remote speaker and mounted it in the rear window area of my truck (F150) I have no trouble hearing now, as I often have to turn it down. The remote speaker works well when you have the car radio lightly playing on the long trips. Then the iPhone giving NAV reports over the car stereo speakers too (CarPlay). That remote speaker still allows plenty of volume to properly hear your other vehicle.<br /><br />Since my job varies and I don't always need this unit hooked up, or for quick changes. I elected for a slightly different approach. I used 3 magnetic car phone mounts and attached them to the front slide out cup holder assembly of the F150. The magnets will latch onto the radio allowing me to choose various angles of mounting it at. We always run ch 19 so really changing or seeing the display while driving is almost always not necessary for me. However it is easily accessible if needed. I find it helps cut down on the amount of light distractions with the unit side ways. Though the CB does have day/night mode if you want to use it.<br /><br />I have not seen any issues with the CB and the magnetic mounts. The 3 mounts have held the radio in some bumpy construction, terrain and it hasn't fallen off yet.<br /><br />I am not by any means a power user, I just need a good, well made, radio that will hold up over time. This unit fits the bill."
51647,4,volume,1,138,I misplaced my original headphone cable which had a volume control switch attached to it. This model doesn't have a volume control switch.
15292,4,"volume,loud,noise",3,682,"There is a lot to like with this computer: The small size is great. There are 2 USB-C ports instead of just 1 like with a lot of others. There is no bloatware. You can hook up your monitor to either the DisplayPort or USB-C connection. They include a USB-C to HDMI adapter. There are 4 USB 3.0 ports. Good speed for regular computer use with the I7 processor and SSD.<br /><br />The biggest thing to dislike is the volume of the fan. You wouldn't think a computer this small would have such a loud fan, but it does. It's annoyingly loud. If you're going to be working on the computer a lot while in a silent room, I would recommend to not buy this computer because of the fan noise."
69286,4,"volume,noise",2,2351,"The Logitech Folio Touch is a JOY to type on. I really love typing on it — I’m writing this review using the case. I’ve typed quite a few long documents on it. I turn to this keyboard when I want distraction-free writing.<br /><br />The keyboard reminds me of Apple laptop keyboards before the disastrous butterfly keyboards. The keyboard is backlit, and the brightness of the backlighting can be adjusted via the function keys. The row of function keys is another good feature for me. I find it much faster and easier to adjust the iPad’s brightness or volume using the function keys.<br /><br />I downloaded the Logitech Control app, but it doesn’t seem to give any options for customizing the keyboard. All I see the app do is check for keyboard firmware updates. When I wanted to change the trackpad scrolling direction, I had to hunt through the iPad’s settings — I thought that would be in the Logitech app. (I learned those settings became part of iOS, so the Logitech app seems … unnecessary.)<br /><br />I don’t really like the trackpad. I’ve used Logitech mice for years. My current daily mouse is the Logitech MX Master 3, so I *know* they can do a good Mac mouse. But I just feel like they dropped the ball with this trackpad. The trackpad works but it could be better. I notice drag at times, and I don’t like the noise or tactile feedback when I click it. I can adjust a few settings (scrolling direction, tracking speed, tap to click, and two finger secondary click) in the iPad’s General Settings, but I want to be able to customize more through Logitech.<br /><br />The corners of the case are reinforced. The bumper is a bit thick, too thick for some hubs or USB-C cables to fit without using an extension cable. There is a cutout for the power button so Touch ID can be used. There’s a spot for the Apple Pencil, it can rest inside the bumper or fit through a slot on the latch.<br /><br />The Folio Touch pairs via the Smart Connector, so it’s super easy to set up: just stick your iPad inside and it’s ready to go. The iPad powers the keyboard, so I don’t have to remember to charge it, which I like. I haven’t noticed it being a battery hog.<br /><br />Overall, I really like the Logitech Folio Touch. I actually use my iPad more now, since I like typing on the keyboard so much. The case has made my iPad more functional for me."
75772,4,volume,1,135,Works well but the volume seems a bit low. Getting it into the mic holder is very difficult and once in you'll not want to take it off.
52337,4,volume,1,155,Easy to use. Volume control is low and can't be overridden so on the plane it was hard to hear.  Quality was good. Holds up in luggage and with a 3 yr old.
86508,4,volume,1,32,Volume diminished after 2 months
61104,4,volume,1,171,"Worked really well the entire length of a 15 hour car trip and back. The volume may come back a little low when traveling at highway speeds, or maybe my car is just noisy."
73849,4,volume,1,1598,"First the pros:<br /><br />Inexpensive (mine was $23)<br />Excellent radio<br />Good video quality (Not iPhone quality, but certainly not too much less)<br />Large memory<br />Mostly intuitive controls (although it has some odd symbols)<br />Light<br /><br />Now the cons:<br /><br />The On/Off button is very annoying. A better quality (and less painful) switch would have been worth and extra dollar or two and wouldn't have killed Coby.<br />The headphone jack is located on the bottom of the unit. This makes it odd to change, say, volume while it is in your pocket.<br />There is no cover for the mini USB port, so that could get dirty.<br /><br />Recap:<br />Just as I bought this, I was given a new iPod Shuffle which goes for about twice the price. The Shuffle beats this unit as far as quality and ease of use goes, but cannot compare to this unit's features. Apple obviously spent a lot of time making a good product a great product while Coby spent a lot of time cutting corners on the little things to stuff more features in, turning a potentially great product into a good product. Still, if you want lots of features and don't want to cough up the money for an iPod Classic, this could be the product for you. Or, if you, like me, only wanted to spend $30 or less on an MP3 player, then this could definitely be for you. I am very pleased with both my Shuffle and (now my mom's) Coby. However, since I have not used it much yet, its durability is still in question.<br /><br />Just as a note though, iPod Shuffle earbuds don't work so great with this thing, although other earbuds do."
21379,5,audio,1,242,install was surprisingly easy. everything is labelled and it comes with everything including drill bit. video is pretty good. still working to tweak motion settings so every neighborhood cat doesn't trigger it. audio is terrible and unusable.
43179,5,audio,1,333,"With the USB C being used so much in today's phones, laptops, desktops and more, you will find it so much easier to insert the hdmi cable from the television or monitor or projector to the USB C device. This cable fits comfortably in the USB C slot and is not wobbly. You get better video and audio than with the normal hdmi to hdmi."
73971,5,audio,1,248,I always drive older cars. This lets me plug my phone in and listen to YouTube or audiobooks on my car speakers.  Works great and when I lost it I bought another one.  Take the time to find a compatible radio station (not a strong one in your area)
87748,5,audio,1,548,"This item was great! It really met all my needs and I'd purchase again.<br />I'm very satisfied with the quality and value for the price.<br /><br />I bought this for my NAS or what I'm calling my NAS. I'm not actually using this with RAID or anything like that, but simply to store my media for Plex streaming in my home network.<br />If you don't need the RED line NAS HDs..get this and save 20bucks.  I'm happy this one is designed for Media streaming (Audio/Video) and for the price you can't get better for 2TB quality WD HD.<br /><br />Fast!!"
21813,5,audio,1,589,"I have my record player hooked up to the same speaker system I use to air-cast my iTunes from my computer over an airport extreme.  They don't play well with each other so I was getting feed back when I just used a Y splitter.  This now switches them between dedicated channels so whichever I'm listening to comes in perfectly clear without disruption.  No lag or reduced audio quality, just turns one channel off to allow the other control of the speakers.  Easy to switch from one to the other with convenience.  Solved my issue, allows two systems to use the same speaker independently."
83712,5,audio,1,153,Purchased when I discovered that my previous camera had not microphone. This was easy to install (plug and play) and audio/video are good quality. Happy.
90617,5,audio,1,214,I have been very pleased with my other Polk Audio speakers.  This one is just as good!  I needed a center channel speaker that was not too big.  I would easily recommend Polk Audio speakers for any home audio need.
4875,5,audio,1,754,"Tested on first generation iPad and also an HP Touch.<br /><br />my only question is that I had never heard of iHome and wondered at a connection to Apple. The answer is no, got this from the iHome web site:<br />iHome (a division of SDI Technologies: key brands include iHome, Timex and New Balance and are built to meet Apple MFi standards to work with the iPod, iPhone and iPad) was launched in 2005 to market iPod Electronics. In its first year, iHome became the #1 brand in that market, its iPod Clock Radio continues to be the #1 selling iPod Speaker System in North America. iHome offers alarm clocks, clock radios, portable speakers, home audio systems, headphones, earbuds, charging stations, and computer accessories for iPod, iPhone, and iPad."
16040,5,"audio,volume",2,304,"I had a gen 1 as soon as it came out. I regret not getting this gen 2 sooner!<br />It is way faster, I'm using WiFi and content loads right away. With gen1 I had to wait.<br />I finally get Atmos audio.<br />And the addition of buttons like volume on the remote is great.<br />Very happy I got this gen 2"
31999,5,"audio,noise",2,490,"[[VIDEOID:161b26570ef185cb8d280b19b2082877]] I don’t love having ear buds in my ear.  I’ve got a ton of them and they’re all great but the noise cancelling becomes too much sometimes!  I can’t hear anything.<br /><br />I got this so I can still hear the world around me. Now, the con is that people hear what you’re listening too. I plan to use these when I’m cooking outside by myself and want to listen to an audio book though.<br /><br />They’re light and not a nuisance in my shoulders."
99253,5,bass,1,68,"These work well. They have a lot of bass. Love the look, very sleek!"
991,5,"bass,volume,noise",3,310,Cute product. Love the color. Easy to connect immediately. Quick charge. Love how small they are. And they have great noise cancelling and volume/bass. I am not one to buy extremely expensive products that I will not use more than 1-3x a week and these is not too pricey but not too cheap and is great quality.
41748,5,bass,1,56,Great subwoofer! Provides plenty of bass. Easy to setup.
11885,5,"bass,volume",2,411,"I couldn't wait to get this! I had the PS-100 for several years and loved it, wore it out! So I stuck with the brand. I loved the idea of an amplifier and control so I could change the volume without having to reach for the radio. And I love the slim design of the speaker. My only complaint would be it doesn't have as much bass as the PS-100. But it's well worth it's weight in gold for us night music lovers!"
12348,5,"bass,eq",2,696,"Have some patience with these. I needed a new pair of plugs since my five year old Altec Lansings started falling apart. I tried many others as replacements, but none were as good as the Lansings, most notably on the bass side. I read the reviews about these and figured what the heck.<br />When I first got them and fitted them to my ears, they were terrible. Why would Panasonic make this junk? 2 stars at best. Bass was horrible. But as time went by, I started to notice that not only the bass but the high end frequencies were getting better. Now I am more than satisfied!!! These even beat my old Lansings.<br />In short, have some patience. These need a break in period. You won't be sorry."
96391,5,bass,1,765,"I'm totally impressed with this sub.  I always see Boss branded items and think they've got to be bad considering how inexpensive they are.  No way.  This sub is impressive right from the start:  the magnet is much larger than expected, the dual voice coil @ 4 ohms each is the most versatile type available on the market, and it delivers serious bass, even with just an old Rockford 300w RMS amp (I'll admit, I assume the RMS power is low on this item relative to peak power because it is not listed, but when talking about this wattage, who even cares?).  I'll be anxious to try it with a newer and more powerful amp.<br /><br />Oh...the lights are actually done well.  Not cheesy at all.  The whole thing actually looks great.  And super inexpensive.  Good deal."
81100,5,"bass,noise",2,72,"Needed cheap headphones, these are great. Good bass and noise canceling."
95344,5,bass,1,2945,"👸My house is, and will probably forever be, owned by Alexa!👸<br />First, let me say, that I bought the Echo 2nd Generation, and the Google Hub at the very same time, just to try them both out. And boy, I could not send that Google Hub back to where it came from fast enough! It may be great for smart home only users, but it is no fun or really that useful, other than that, at all! You cannot even get answers or videos that come even close to what Google gives you on your cell phone!! And, it is not for the sight impaired- meaning me. If I needed to know the time after 6pm, I asked Alexa. I don't get it...<br />And, oh yeah baby! I love lyric mode on this thing! This bad boy can rock your booty off, for sure! The bass vibrates everything on my kitchen counter! I love it!!<br />I call mine Alexxx sometimes... it answers, most of the time, no matter which name- Alexa or Alexxx. I do wish it had a man's voice, sometimes.... really could use hearing one once in a while! It's kinda funny, sometimes, I just get ignored- similar to a man lol. Like, when I asked her to repeat the same song for the tenth time. Or, she will just decide that I need to listen to a certain playlist, instead of said song. It's annoying, but sometimes the first song is so good, it gets me to listen. Still... If I say play this song, and she says, I'll play ""this"" instead, it's rude!<br />Another thing I absolutely love, is watching YouTube. I've saved my Channel to the homepage in the Silk Browser, so all I have to do is just tell it to open YouTube. It goes straight to my homepage. I can go to or watch my subscription feed and playlists, go to my watched history, watch recommended videos, and easily search for anything I would like to watch. It is so quick and easy to navigate! My most favorite thing to watch, is Criminal trials, and they last for weeks. So, while I'm working in the kitchen doing other things, or just sitting around the table, I can pick up where I left off on my Fire Stick, and watch them right there on my echo.<br />I can search the internet for anything! I can type it in, or make it even faster by using my voice and just hitting the enter key on the onscreen keyboard.<br />I've heard a lot of people complain that there are too many steps to do things on the Echo. But, I can get to anywhere on mine almost as quickly as I can on my regular computer.<br />I hate to say that I haven't ventured out into the many, many things this thing can do, other than these few things, but they're the ones that I enjoy. One day, I'll try venturing out into unchartered territory for myself on this lovely device.<br />I know I can tell you one thing is for certain. I will definitely be buying more of these wonderful, booty shaking, singing to the top of my lungs, mind blowing gadgets very soon! I just have to have them in several rooms! I highly, highly, highly recommend the Echo 2nd Generation to everyone! REALLY, EVERYONE!!"
97613,5,bass,1,822,"I'm very pleased with these speakers. I'm using them as the front speakers in a 7.1 setup with a Polk S35 as the center speaker (and older KEF speakers as the surrounds and subwoofer). Could not be more pleased with the performance. They are crisp and clean, but have enough bass that, along with the S35, a sub is not critical (but is valuable to have for best performance). The build quality is excellent, and the size is nice and compact.<br /><br />I tried the ES15 and ES20 and, while they are technically better, these Tsi100 provide me with 95% of the performance but at a much nicer price and a more compact size. It integrates very well with the ES35 center even though it's a different Polk speaker line. I'm using an Onkyo receiver.<br /><br />Very pleased with all aspects of these speakers -- a solid 5 stars."
90983,5,bass,1,514,I have a 2014 f150 screw cab xlt and the sub fit was pretty good under the back seat it only sticks out about an inch in the front it doesn't interfere with leg room at all the bass is amazing after the tech installed it he was blown away and started asking me where and how much I paid for It i gave him all the info now only if there was a referral program looking at you Rockford fosgate 🤠 but all in all I love it I cant speak about longevity since I really just got it installed but the sub seems very durable
70772,5,clarity,1,202,"This is a nice port and it does exactly what I needed it to. The picture, color and clarity are all great. It was easy to use and the braided cord is nice because it gives it a little more flexibility ."
64281,5,clarity,1,152,"Works like a champ. Great fit, clarity, and function. As with any screen protector application, make sure the surface of the screen is flawlessly clean,"
55736,5,"clarity,volume,eq",3,717,"All needed features while retaining a compact, but not too small, design.<br />I've had this unit 3 months and it performs extremely well. Maintains correct time, alarm works great, charges my Samsung 20 faster than my old Qi charger, dim function on clock display is well thought out, speaker clarity and volume are more than adequate, and the buttons/controls are easy to use.<br /><br />The buttons just make sense.  There's often a lot of functions within small electronics that we'll never use (often because we don't care or we throw out, lose, or don't want to bother consulting directions)...but you truly don't even need any directions on this unit to use all of its functions.<br /><br />Strongly recommend."
95421,5,"clarity,eq",2,1132,"Have both the 10x42 and their 12x42 binoteck brand binos. This review is for the 10x42. For the price point, these are very good binos for reqular use between me any my kids. TBH, when compared to their 12x42, they seems identical. The 10x42 is slightly less than 10 power, but extremely close, compared to my other name brand binos.<br /><br />Kids are hard on binos (dropping, touchy, etc.) and they have held up well in the past week we have used them. The texture on the binos have a solid grip and it would be hard to have them slip out of your hands, even with gloves on.  Compared to more expensive binos, I am very impressed by this product.<br /><br />I find that prism binos are much easier on my eyes and these fit the bill. For well lighted conditions, the images are crisp and clear. These are ok for lower light conditions but if that is important to you, then you are easily going to be paying LOTS more for a named-brand binos to get the extra clarity/crispness needed in those conditions.  This was a balancing act and it worked for my purposes. I can keep a pair in the truck and not worry about them being stolen."
3474,5,clarity,1,273,I loved the easy install and it's hiding in plain sight and the clarity on the camera is amazing. Only thing is that the app on android work properly maybe I just received a new update on the phone but it works flawless on apple so no complain thier but overall very happy.
87659,5,clarity,1,15,Great clarity 👌
34230,5,"clarity,quiet",2,139,"After auditioned this pair, I immediately put my other pairs into the garbage. The quietness and the clarity that are extremely convencing."
27974,5,clarity,1,6312,"I have been building computer systems and troubleshooting for a long time.  I really enjoy taking parts in and out and programming systems to do what I want.  I remember looking at a commercial for the new tablets and saying to my family- &#34;What the heck would anyone want one of THOSE things for?&#34;  It was not long after they became bored with my insistence that tablets were a total waste that I had my chance to take my first tablet for a test run- the Acer Iconia A1-830.<br /><br />The Acer was a fantastic little first tablet.  It performed as well or better than a few Samsungs and older Apples that we had the chance to put it up against, and for the price, it was a great little tablet.  I found some use for it and found myself reaching for the tablet when I didn't want to do work at the computer.  It was more portable than a laptop and easier to do quick surfing and simple tasks on, and GAMING.<br /><br />I thought that all was well until I began to have a few issues with the Acer.  It was at that point that I saw a great price on the new Samsung Galaxy Tab S2.  I was hooked.<br /><br />WHAT IS THIS TABLET LIKE?<br />I plan to write this review to people who are not as interested in the detailed specs of this unit, but instead I will write this for an average user who might not be as technically astute.  There are quite a few well done reviews that have lots of specs and details that will satisfy those who really need that information to make decisions.<br /><br />SCREEN<br />One of the things that I did not like about the older Samsungs was the size.  I preferred the more squared screen of the Acer than the Samsungs I had worked on.  My daughter has one and although it seems nice, I just was not keen on the screen.  This model has exactly what I wanted to have.  The shape makes it easier to work on the web , use as an E reader, and play games.  I find it easier to read than more elongated screens.<br /><br />One of the things that I found to be frustrating is the slick surface of the screen.  For web surfing or book reading it is fine, but games can really get frustrating as I find the screen to be very sensitive and it is easy to mess up.<br /><br />As for the brightness, it is very bright.  I have it turned down by about 75% and it is plenty bright enough most of the time.  Also, the color contrast is breathtaking.  The screen is very sharp and the blacks are BLACK and the colors are very saturated.  This thing is eye candy squared!  It is hard to look at other screens when I am done using this.<br /><br />COLOR<br />This is not really gold in color.  I would say it is gold tinged platinum in color.  Do not expect a bold gold.<br /><br />SMOOTHNESS AND UNEVEN EDGES<br />There are a few things which bug me about this tablet, but not that much.  Getting a good case from Fintie took care of it.  The button on the bottom of the vertical positioned screen stands out from the unit.  That means if you are going to get a keyboard in the case, it could press on the button and cause problems.  The Fintie case is raised enough to protect the button.<br /><br />There is also the camera lens on the back that sticks out quite a bit.  Again, the case takes care of that problem.  The back itself might be plastic, but it feels like metal and looks like metal so it is not cheap looking.<br /><br />SPEED AND FUNCTION<br />WOW is this thing FAST!  I have to say that it really has blown me out of the water with the speed and smooth operation of everything I have tried to do.  It works smoothly, load up is fast.  I know part of that might be due to the inclusion of Lollipop but also the hardware and set up.  I have not found it to lag at all.  Great performance.  I also know that this model is scheduled for the Marshmallow upgrade sometime this year which could change performance to be even better.<br /><br />I have  32G microSD card in this right now but it is expandable to 128.<br /><br />BATTERY LIFE<br />I was very concerned about all of the complaints about battery life.  I was so concerned I almost didn't get this tablet.  I am SO glad I did, however. I keep location turned off and bluetooth as well unless I am using it.  The battery stuns me with how long it has lasted.  I loaded that baby up to 100% last night and this morning about 11 AM I began to work intensely on the tablet, trying to back up files from my Acer and transfer them over to the Samsung via bluetooth.  That means that the bluetooth was on all day, I was downloading and installing all day long.  I have to say that I am shocked.  It is about 12 hours later and there is still over 50% battery left.  I had to recharge my Acer once during all of this time.<br /><br />So, compared to what I am used to (which is about 2-4 hours of work on a tablet before recharging, including no location turned on) this tablet is dreamy for me.  The battery is way beyond what I am used to with the Acer, so I am very happy.<br /><br />THE BOTTOM LINE<br />I will update as I find things to tell you about, but I wanted to start off with the basics as that is what I was looking for when I was trying to decide if I should get this tablet or not.  I still do not find tablets to be useful for all of my work, but they are great for smaller web surfing, quick look ups, apps for certain things and of course games and skype.  As for the keyboard and typing, it is not really practical at least for me to use this for heavier loads of work- desktop or laptop are best suited for that.<br /><br />Is it worth the price?  At $300 it is a very powerful device with a screen that blows anything else I have seen out of the water.  The colors are a feast for the eyes, the clarity is crisp, and the smooth operation is delightful.  If you really enjoy having a tablet you can depend on, I would say that this fits the bill.<br /><br />Could you do with something less expensive?  Yes.  But you might have more frustration with that lower price tag.  The set up of this tablet is easy to work with, great operation and having two windows open at the same time is delightful.  I am very happy with this and despite my misgivings after reading so many reviews with disappointment in them I can say at this point, I am very very glad that I went ahead and got it.  It is a really great tablet."
38616,5,clarity,1,387,I use these for conference calls for work.  I'm a consultant and I'm on calls all day long and half of the night since we have an offshore team.  I can wear these comfortably for long periods of time without issue.  I also haven't received negative feedback regarding the clarity of my voice as I have with other headphones like this.  I would definitely reorder and recommend to others.
11499,5,clarity,1,368,"I Purchased this for my mothers house who is 95 so that I can watch her in her kitchen, and den as she lives by herself. I had a regular blink camera, which did a good job, but this allows me to look around the room as she does move around a bit, and sometimes out of view of the other camera, I would highly recommend this, as it is easy to use an outstanding clarity"
97717,5,crackl,1,792,"These are very handy to have to minimize (or eliminate) cord tangles.  The coil is tight and holds its shape well.  When &#34;at rest&#34; (e,g., not stretched) the cable is about 26 inches end to end. You can get it to 12 feet if you stretch it out fully, but the coil strength is such that it will pull whatever it is attached to.  If you need the full 12 foot length, it would be better to get a non-coiled cable.<br /><br />The ends are well attached, and the wire sheath seems pretty durable.  Zero complaints about quality -- no crackling even when I jostle the ends while they are plugged in.<br /><br />A great way to add some positioning flexibility for attached speakers without having to deal with excess cable that gets tangled. Highly recommend.<br />[Sample provided for review]"
97630,5,crackl,1,341,"No complaints about this adapter. It's well-made, with a decent amount of heft to it. Tolerances for both the male and female plug/port are good, providing a tight fit but not so tight that it's hard to remove. Functionality is good as well -- no crackles or pops in use.  A simple adapter that works well, and is a good value for the price."
77562,5,crackl,1,863,"The only thing I don't like about the Roku Express is that you can never turn it off once it's plugged in - the only way you can shut it off is to turn off the TV together, so it basically becomes an umbilical cord to the TV. Otherwise it's great though I'm aware that Roku is packed with advertising - the buttons are marked ""Paramount Plus,"" ""Netflix,"" etc. - so if you don't have these streaming services it's a not subtle attempt to persuade you to sign up for these services. The Roku Channel is fun, there are stuff there that I didn't see on other channels. But note that there is a lot of repetitive stuff on all the ""free"" streaming channels - it seems like there's a limited amount of content that just keeps getting recycled - one minute Pluto has it, next month Crackle has it, next month Tubi has it, etc.<br /><br />Overall it's fun and easy to use."
10242,5,crackl,1,41,"They work well, no crackling. Hear clear!"
61829,5,crackl,1,2829,"I have some cognitive impairment and mobility challenges from lupus, and I was able to set up Fire TV really easily.  The batteries go in the remote; the hdmi cable goes where it goes, and the power plugs in where it plugs in.  The interface is simple and intuitive, and you can get everywhere with the home button, the directionals, back, and select.  The only painful part for me/my hands was logging into my wireless network via the onscreen qwerty keyboard.<br /><br />The screens are responsive with virtually no latency, thanks to the quad core processor and 2 gb ram.  And video streaming is also very smooth.  I have only been using this a day, but I haven't had it pause to buffer yet.  I have a Chromecast in my son's room, a recent model Mac Mini in the living room, an older C2D Mac Mini in my room with Boxee on it, and a Raspberry Pi, and they all buffer at some point during just about every movie.  I stayed in a vacation home with a Roku 2 last summer, and it was great, but it also had to buffer a lot.  We also have three game consoles that have streaming video apps, and they buffer, too.  I think the Fire's secret may be its wifi card.  I am sure that, at some point, my ISP will find a way to slow it down.<br /><br />So, yeah, I am giving the Fire TV four stars for doing exactly what I need it to do.  I had come to Amazon to get another Chromecast, but I saw this and thought it would probably be better suited to what I need in my bedroom (I need my husband to be able to watch a tv show without my help - he is completely tech-challenged and cannot work the Dish remote - too many buttons).<br /><br />The reason it doesn't get five stars is that there aren't yet enough content apps.  There is a manga channel, a documentary channel, an art house channel, along with Crackle and Flixter and Plex (Plex is a for pay service that lets you stream your home content).  There is plenty to watch if you are a Prime member (I am - and I appreciated having that already set up on my Fire TV - Thank you, Amazon!) I am also a Dish subscriber, with HBO and a Hopper.  I have apps for those directly on some of my devices.  I can get them on the internet on the tbs I have hooked up to computers.  I can even blast them over to my Chromecast from my tablets.  But they aren't on Fire TV, and none of my tablets will screencast to Fire TV.  Soon as they are, this is a five star device for me.<br /><br />I read in Entertainment Weekly that HBO and Amazon Prime have come to an understanding that will make lots and lots of HBO shows available through prime, which will also make them available through Fire TV.  For the ones that are not, HBOGO will have an app for this.  Between that news and my son's enjoyment of an eight dollar (as opposed to 40 to 60 dollars) platformed on this thing, I am adding a star."
95610,5,crackl,1,1376,"I bought this just before holidays in 2015 and love the quality and the ease of use. I have used this LED TV to watch movies from my laptop and also watch satellite television on this smart LED TV. It has built in Wi-Fi and with internet connection to my router I am able to enjoy YouTube, Amazon video services, Netflix, Hulu Plus, Pandora, Crackle and many more. It has one HDMI and one USB Port. You can use a flash drive on the USB port to play music or video.<br /><br />Connecting this to the satellite receiver or the laptop is a breeze and the little manual that comes in the package is brief and very informative to get this baby started. You can also go online and get a more informative user’s manual which gives lot more details but you don’t really need that.<br /><br />This LED TV will work without internet but only as a regular TV; but you will have to get cable or satellite services. All smart TV's need Internet to use features like Netflix, Amazon, Crackle, WSJ, Yahoo Sports, Facebook, EBay, etc. I have used Crackle to watch many 1980s and 90s sitcoms. It is a joy to access these TV shows.<br /><br />The device is light and measures about 21.6&#34; x 13.8&#34; x 2.1 inches without stand. Very easy to setup and the package was delivered on time and the product was intact. Great buy and very reasonably priced. I am very satisfied with this purchase!"
51873,5,"distortion,eq",2,1573,"If you are serious about doing aerial imagery, you need this set. DJI does an EXCEPTIONAL job of equipping their aircraft with the best cameras, with the best features you can get in a pro-consumer aircraft. I honestly believe that the Mavic Mini 3 Pro cannot be improved upon. In the 'under 250 gram' class, this is the best you can get.<br /><br />However, not even DJI can equip their aircraft cameras to get the highest quality, most striking, most enhanced images that true experts want. So, DJI has collaborated with a few quality lens filter makers to give us what we want.<br /><br />Skyreat is one of those companies. I have their lens filter sets for all of my DJI aircraft. I get stunning images, every time. It takes some training to understand which environments and which desired results lead to which filter to use. But, as any professional imagery artist will tell, you need to know how to use your tools, to get the product you want.<br /><br />Skyreat has done an excellent job (as usual) with this set. Every filter is perfectly made and does exactly what you expect it to do. They fit in place of the stock lens ring without fuss. The light weight and super sturdy aircraft grade aluminum frames are made to exacting specs. Every lens is crystal clear, no flubs, no distortion, with exact perfection over the entire image.<br /><br />The carrying case is well made, protecting all the filters and fits easily into the aftermarket carrying case that I use for the aircraft. Overall, I am very pleased with this set of Skyreat lens filters. Good purchase."
73816,5,distortion,1,505,"I love this lens. It's perfect for my Sony A5100. Due to the crop factor, I thought it would show less distortion but I'm still okay with that. I use the Sony as my everyday camera and for professional photos, I use my Nikon D850. If you like the wide lens look, this is perfect. Much more affordable than the Sony brand. I did look at a lot of reviews on YouTube and here prior to purchasing. I can't really compare it to the Sony brand but I purchased this one based on price and I'm very happy with it."
14360,5,distortion,1,164,Bought for use as protective filter for use with new Nikkor 24-120mm 1.4 VR Lens.. No distortion with ED lens.. good fit.. reasonable price.. no issues with quality
95513,5,distortion,1,561,"but it does work as advertised and low, to almost no distortion. I was about to send it back until I realized what I thought was a 60 hertz hum, was actually coming from the fan on the ceilings motor in the same room directly above towards the center. I moved my sub from the front wall, into the back by my sofa so it was actually closer to me and ear height. After testing my monster cable I had from bestbuy (years ago). This one worked just as well. It also came a day early, something I notice this vendor tends to do.  I would buy it again if I needed to."
73867,5,distortion,1,152,"Shape was a little awkward at first.  Takes getting use to bc the lenses are not adjustable.  Light weight.  Clear.  No distortion.  Overall, satisfied."
79595,5,distortion,1,729,"First some reviewers have said that it is plastic mount. The bottom of the lens is plastic but the mount itself where it touches the camera is blackend aluminum.<br />I have used this lens on a Nikon D200, D300 and currently on a Nikon D7100.<br />It has the field of view of about 45-450 mm lens on the DX cameras.<br />I  have been using this lens for 5-6 years. It is reported that the AF is slow, well I have made bird photos with the D300. I have used it in very dusty conditions.<br />Lab tests show that this lens has some distortion and is sharp enough for digital displays and 8x10 prints.<br />I have used this mainly for landscape and close ups, I am pleased with the results.<br />All in all, it's a good, cheap lens."
95535,5,distortion,1,132,"Not much I can say about an HDMI cord. Solid, works and slightly flexible. Transmits everything I need perfectly without distortion."
52054,5,distortion,1,411,"I have purchased a LOT of action cameras. I think I've finally decided what I want to seen in a camera that I plan to install on my drones: 90 degree field of view (no distortion), 1080p60fps (the best of the most commonly used ratio and speeds) and image stabilization. This camera has all of these features, is built very well, very easy to set up and use and is the most economical of the comparable cameras."
14846,5,distortion,1,449,"I have the 25 foot length so we could connect a tv directly to the router. The tv was losing WiFi signal since it's several rooms away from the router - we only stream and don't have cable, so a clean, clear internet connection is a must.  This cable was easy to use and run through a hallway wall with little drama. It's flat and that makes a difference. I haven't noticed any distortion of signal or buffering and it fixed the lost signal problem."
18712,5,distortion,1,153,"I use it mainly to protect the front element of my telezoom, but it subtly cuts haze in landscapes without distortion or color bias. I like it very much."
74186,5,eq,1,670,"[[VIDEOID:f7e7d074f3f059b557b3af2376f73a58]] I really like this power strip. It solves the problems that I have encountered from other strips. The 6 outlets are spaced apart so it makes plugging in items a lot easier and convenient.  The 4 USB ports charged my laptop and phone quickly. I think the design is very pleasing and has a new look. The 6.5 ft extension cord is what I actually needed to plug in my current devices. I like the idea that I can take it with me if I travel. This model accommodates the power requirements of the US, UK, EU and AU. I highly recommend this power strip to meet your needs.  I was given this product in exchange for an honest review."
18472,5,eq,1,487,"I've never had a gimbal so this has been a learning experience for me! Had to learn how to use it and set it up but once I did- this things great! It's very well made and is a complex amazing little device! It does exactly what it should and it's movements are insanely smooth, I'm truly impressed with this! Definitely worth the price they're asking for it! As with any fine tuned piece of equipment- handle it with kid gloves, it's well made but like cameras, very fragile feeling too!"
80372,5,eq,1,3085,"I'm not a fan of the ultra-thin profiles of most tablets.  Understandably if its a smart phone you want it to slip into a pocket easily but with a tablet for home use there isn't much occasion where it needs to be ultra-slim and consequently unwieldy and as secure as a wet bar of soap.  That being said, I know these are meant to be travel friendly and as such I'm glad that they are small and sleek and, in the case of the Lenovo M8 HD, power misers as well.  I'm okay with this because I occasionally travel with my tablet and because the remedy for the non-tactile properties of the ultra-sleek tablet is a silicone case like this one.  They're not expensive, they do a darned good job of protecting the tablet, and they make the tablet much easier to handle in and around the house.<br /><br />Normally I don't look for a feature rich version of the silicone case.  It's usually going to be just a simple stretch into place ""skin"" of sorts where corners are protected and screen is recessed to where it is protected from drops and such.  Those usually hover around the $10 mark or so.  What intrigued me about this case was the rotating stand and the handstrap feature.  I use the tablet in bed often as it sits on my nightstand.  I also occasionally use it in the kitchen or bathroom too.  So those features would undoubtedly come in handy.  My first thought was that paying double the cost was a little out of form but that was followed by, ""what's another $10?""<br /><br />The case installs in parts that are intuitive and easy to fit.  Some stretching is required and some massaging of corners to get everything to fit.  But once in place everything fits perfectly.  Buttons work great and have good feel, the power jack is covered by a silicone flap which is easy to access as needed.  Cameras front and back show fine and the speaker is exposed.  The case itself is nice and hefty, easy to carry, non-slip in enough areas, and dare I say ""bouncy"" in all the right places.<br /><br />I removed the shoulder strap retainers that came pre-installed as I don't see myself carrying the case that way.  I put those away with the shoulder strap as a just-in-case item for later.  The handstrap adjusted with velcro easily and the stand works great.  The fact that the stand/strap mount rotates 360 degrees is awesome as it adapts to whatever angle your hand is at whatever orientation that you're standing the tablet on any flat surface.  This was of instant benefit as I slipped my hand in and it felt both comfortable and secure.<br /><br />The one feature I do wish it had was covers for the cameras.  I ended up 3D printing some covers for it.  I also feel like there is little to no bezel clearance for a tempered glass screen protector although the case itself has enough flex to accommodate it anyway so I'll be adding one in the near future.  That being said the case provides a substantial amount of protection for the screen as long as it gets dropped on a flat surface.  Conclusion: Well worth the money as it is grippy, wieldy, standy, grabby, and functionally perfect."
14344,5,eq,1,568,I have always used these eye cups on my Nikons..both film and digital bodies. The adaptor that turns the rectangular eyepiece to round are not as eye friendly...too deep.  The identical magnifying eyepiece is a nice accessory and since it just takes a few seconds to spin one off my D810 and transfer to D500... having one if each is all you need..  Folds flat if you wear glasses... not a required accessory...you love em or hate em... personal choice...Nikon Brand.... 1st application requires pulling ring out of supplied eyepiece... but in a minute... you are done
90833,5,eq,1,2750,"This auxiliary lens support is superb and works extraordinarily well.<br /><br />If you want to put a long lens on your DSLR or Panasonic GH4, and you have a 15mm rod system, this is indispensable if you want to achieve a solid rig, especially during focusing or zooming.<br /><br />Pros:<br />- Solid machined aluminum with hard black anodizing<br />- No parts can escape; it's cleverly assembled as a unit<br />- Thin profile (about 5/16"" thin); it fits under the lens, supports and doesn't take too much room<br />- Quick disconnect from the 60mm-spaced 15mm rods, but attaches firmly<br />- Adjustable height<br />- Locking knobs are easily accessible, not under the lens; no tools or pesky allen wrench required<br />- One knob locks the device to the rods, the other locks height<br />- The height locking knob bites into a machined groove so as the aluminum becomes nicked by the lock, it still allows for smooth movement up and down. This is good engineering.<br />- The brilliantly-designed rubber hold-down strap is about 3/8"" wide and adjusts to any size up to my 4-3/8"" diameter [[ASIN:B004JHY5LU Rokinon 800M-B-AI 800mm F8.0 Mirror Lens for Nikon (Black)]]...which really needs this support at that focal length.<br />- Mounts faster under the lens than fiddling with a bridge and 1/4-20 bolt, should the lens have an aux tripod shoe, which many lenses do not. Much faster to mount my 70-200mm Nikon lens that if I bolt it down via its tripod foot.<br />- Works with any lens as long as there is a part of the lens that doesn't rotate that you can wrap the rubber strap over; you obviously cannot strap this to the focus or zoom rings<br />- Is amazingly stable; the rubber strap really holds, even though it's flexible<br />- Goes on and off in a flash<br />- Stores compactly<br />- Light weight and simple<br /><br />Cons:<br />- The rubber strap, I fear, will only last so long, and will eventually rot or harden and crack. It is a molded strap that is attached to the device at one end via a hinge pin that doesn't appear to be removable. Even then, I'm sure a small bungee or something else could be pressed into duty. And if I keep it sealed in a ziplock poly bag away from UV and ozone, it should last years and years. Also, don't keep it under tension; let the rubber relax between jobs.<br /><br />- A bit pricy in absolute terms, but in relative terms compared to other supports I shopped for out there, this is a bargain. Some are hundreds of dollars. And Amazon got it here in two days.<br /><br />Bottom line, this firms up the lens, especially when equipped with a follow focus unit, eases downward pressure on the camera flange and allows steady tracking when using a good tripod and head.<br /><br />Couldn't be happier."
11740,5,eq,1,250,"My Adult Nephew recently developed an interest in the stars and the night sky. Bought this for him as a surprise. Works great, more is visible than I originally thought would be and it comes well equipped. Doesnt take up a lot of space which is great"
98397,5,eq,1,547,"We used this on our vacation to Curacao where we spent most of our time in the water and this was used to document almost every second. The camera is soooo easy to use and while you worry about such an expensive piece of equipment in the water, it worked with NO problems. We didn't test the literal waters as far as depth range but it was perfect for snorkeling and jet skiing and we got footage that truly made us live our vacation all over again. That in itself is priceless, and I am going to order the pocket cam for my son so he has his own!"
95446,5,eq,1,598,"This is the best purchasing choice that I ever made in my whole life. Excellent picture quality, easy to use.<br />Their apps store provides various choices like hulu, netflix and Facebook. I love the fact that I can watch something<br />that I used to watch on my computer, I can watch in 50inch flat screen TV now!. It requires fast broadband internet<br />to use it smart. Otherwise, it's a TV with a lot of useless functions. Anyway, I love how it organized in the smart hub.<br />But sometimes it's not very convenient to type something with the remote so I think I will buy smart TV keyboard."
61045,5,eq,1,2938,"My D5000 was delivered yesterday evening while I was at work. The lovely wife opened the box enough to pull the battery out and charge it for me. After a grueling 12 hour shift at work I had forgotten about my new toy.<br /><br />I had purchased the D5000 w/ 18/55 kit lens then separately purchased a 55/200 VR kit lens. It was cheaper that way. Go figure.<br /><br />After many doggie slobbers when I arrived home I noticed the D5000 box on the kitchen table. My heart started palpating. I tried to control my self to no avail. My new toy was here! I carefully unpacked everything. I actually followed the quick start guide and was ready in no time.<br /><br />I'm a big guy with the requisite big hands. The D5000 felt good in my hands. Not too heavy, not too light. The black body was finished with a slightly rough tactile coating. Very nice. My right thumb fit nicely in the thumb spot while my right index finger felt at home on the shutter. With a firm grip on the D5000 I was able to fully articulate my wrist and point the camera in a variety of positions. The camera felt good in my hand. I could tell that I could lug this beauty around for a full day and not get the dreaded ""photog's wrist syndrome.""<br /><br />I attached the 18/55 kit lens. The lens seemed to provide a better balance when attached to the body. The VR switch, on the lens, was factory set to OFF. My first few images didn't utilize the VR. I was so excited and getting more excited by the minute that I forgot the properly look at the lens. I could notice the difference between the VR switching. This 18/55 kit lens is quite amazing. Sure it's made out of plastic, but it does a great job. If you don't already have Nikon lenses then the 18/55 kit lens is a no brainer. Well worth it.<br />As the quick guide said...Frame your first subject...then BAM!<br /><br />I was looking for subjects to shoot. Since I work nights everyone, except the dog, was asleep. So I can't run around flipping light switches, move knick-knacks, or anything that could involve waking the baby. God forbid I wake the baby. My wife would have my testicles drawn and quartered within 7.9 seconds. Of course it's been raining for 2 days straight. So I'm stuck in the house...with a new camera. No worries!<br /><br />I really like the D5000. Coming from the ""superzoom point & shoot world"" this is a welcome, although a little scary, change. I used film SLR cameras up until the late 90's so I have some experience with SLR photography. But the digital advances sure make everything so much easier. I'm not a ""all manual all the time"" kind of guy. Like most of us, I want the added feature of full-manual to play with, but like having an excellent and fast AUTO feature. I like to spend time with my family when we're all out and about and don't like to fiddle with any settings. The family gives me plenty of time, on my own, to experiment.<br /><br />I added some images above."
98760,5,eq,1,1703,"This sleeping bag is designed to keep you warm in temperatures as low as 14 degrees Fahrenheit, yet still be comfortable to sleep in without becoming too hot at temperatures up to 50 degrees, so it's a cold weather bag not intended for 0 degrees or below. Weighing slightly under five pounds, it comes in a compression bag that could be lashed  onto a pack and comfortably fits an average adult.<br /><br />The bag has a water shedding nylon shell, soft flannel lining, and cotton fiber filling that provides comfortable padding.  The lowest temperature we had to try the bag in was 36 degrees Fahrenheit early this morning, so we tried it on our back patio and can safely say that the flannel is soft and cozy feeling and it definitely helps to retain warmth. I didn't have any trouble rolling it back up and getting it back into it's case when we finished with it either. Just be sure to fold the bag over lengthwise then roll from feet towards the head compressing as you go, and then work the edge of the bag around the bag before starting to pull it up over the bag.<br /><br />This bag feels very comfortable without feeling too hot inside, but I can't say how well it would do in under 30 degree temperatures since we had no way to test that. Here in South Texas this sleeping bag will be perfectly adequate for the weather we get however, and the inflatable travel pillow that comes with it is a nice touch. It really is comfortable so we will definitely be using it for camping, but if you are looking for a zero degree or extreme weather bag this probably won't be the right one for you.<br /><br />I purchased this sleeping bag at a reduced price for testing, evaluation, and review purposes."
72490,5,"equalizer,eq",2,217,"I enjoy the screen very much.  More extras than I know what to do with, like the equalizer screen.  Looks great, graphics could be better, but good enough for the price.  Has a lot of features and was easy to install."
31362,5,"equalizer,eq",2,769,"I received these headphones early yesterday and wanted to write a review with some early impressions.<br /><br />I like the quality, they feel very sturdy. The charging case has some nice weight to it. Each earbud has an individual charging indicator which is a big plus, most headphones don't have that.<br /><br />They fit well in my ear. I prefer this style of earbud, they are lightweight and perfect for running for the gym. The falwedis have a very strong mid-to-high response which is pretty great for pop music, I imagine you can strengthen the low end with an equalizer. There has been no problem with anything like latency. This was all tested on an Android Moto G7 Power.<br /><br />Overall, I like them so far and will be updating my review as time goes on!"
39923,5,"equalizer,eq",2,110,"Best amplifier / equalizer I have purchased. Just need a separate power supply, but works great unlike others."
36470,5,hiss,1,207,"Well, thiss is part of what I need, so 100% for that. Now I just have to get the thunderbolt into a..... thunderbolt. Mac needs to change names of ports to this slightly less nuts. But this piece is helpful."
61336,5,instrument,1,477,"I LOVE this microscope! It is easy to work with and sets up in about five minutes. My homeschool science group used it recently.  Seven students were all looking at the screen and could see the same image at the same time. The dials for focusing are very sensitive, so should be turned  gradually for best results. This instrument is extremely lightweight! The plastic may not last as long as the heavy older types, but it is also far less expensive and is easier to transport."
70099,5,instrument,1,590,"The instrument is mostly a photographer's and EHS tool. That's not the application here.<br /><br />In this case, it's a quick use personal tool to establish and adjust controlled and uncontrolled machine vision lighting conditions. The calibration lab determined it spec and tolerance accurate. The cosine and color corrected sensor is an improvement. Maybe the one I replaced was so old that they hadn't invented 'hold' and 'min-max' … easy on the short-term memory for data logging.<br /><br />It's conveniently smaller than the one it replaces.<br /><br />5-star improvement. I like it."
48625,5,instrument,1,100,I love it. Can hear every instrument when I play music. It does everything a large speaker set does.
17511,5,instrument,1,244,Fun and easy to play.  Horse Concert Ukulele 23 Inch Sapele Ukulele Uke Starter Kit for Beginners with Gig Bag Strap Strings and Tuner. In my opinion the ukulele is the easiest string instrument to play and this is a good size to play with.  OZ
98494,5,instrument,1,1409,"I was never a watch and certainly not a smartwatch person, but Fossil changed that for me because of their wonderful designs, ability to change up the bands and style, and their true affordability. Watches are made that fit every type of person and style imaginable, and this classy new Q Venture for is definitely the cream of the crop. I'm a little perplexed by the negative reviews when it states outright what the watch comes with and what it does/does not do. Everyone surely has a USB charger to plug the watch charger into and not having a speaker is what keeps the price point so fantastic.<br /><br />I love using Android Wear because it pairs to your phone so effortlessly, and is set up within minutes. All you have to do is have fun in the app store so you can choose hundreds of different faces to suit each mood and outfit! Receive notifications from every app you have on your phone. Answer the phone from the watch and take the call on the phone. Reply to emails and text messages. Check your fitness, the step counter has been instrumental in making sure I receive lots of exercise each day. Receive calendar alerts so nothing ever slips your mind again!<br /><br />How did we survive without these watches? We have everything right at our wrists and fingertips these days, and this watch is a necessity and a pleasure. Don't pay for a &#34;brand&#34;, pay for a GAME-CHANGER. And this is it."
95257,5,instrument,1,89,Excellent bag for the storing the Meade Instruments Infinity 70mm AZ Refractor Telescope.
99396,5,instrument,1,359,"I like this dash camera, it's fun to see what idiots there are out on our highways and streets. It's clear and great instrument to use if you are ever in an automobile accident,  caused by an absent minded driver. It has a 64m memory chip that is easy to down load and play back on your phone or computer. Thought about buying another for my other car.<br />."
57487,5,instrument,1,917,"This backpack is rated at 20 liters, but it seems roomier than that. Maybe that is because this backpack doesn't have lots of little pockets. There is only 1 big compartment and a padded laptop pocket in the bottom of that compartment. One big compartment gives me a lot of flexibility to haul different sized items, especially when I'm bicycling. The backpack is narrow enough to be very stable when I'm bicycling. Contoured padded shoulder straps and a chest harness make the backpack even more stable and comfortable. I love the rolltop closure which is sturdier and more rain-resistant than a zipper. The rolltop also allows me to adjust the height of the backpack, especially when I want to carry a taller item (like a musical instrument). Chrome is a top quality bike messenger brand that is very well designed and built. Their products are expensive, but I think they are worth the price if you use them daily."
85381,5,instrument,1,44,Great for connecting motorcycle instruments.
29426,5,instrument,1,2648,"These binoculars are all about quality in the largest field of view.  If you want to see a wide expanse of nature or the heavens downrange from your position, these are the way to go.  I got them specifically to frame smaller constellations and asterisms, the detail of which can be further examined with a scope.  They help tremendously to put the object in the scope into context.  Ordinarily, observing half a degree of field tends to abstract objects almost entirely from their surrounding.  Since it's not practical to really ""zoom"" in using a single optical instrument, using these in combination with something of higher power is ideal.  Don't get me wrong, I do have a zoom on the scope... it zooms from 25x to 50x -- amazing but you have to understand that this is a field of view of 2.4 to 1.5 degrees -- essentially like looking through a pipe to a drinkstraw.  These Nikons however, show over 9 degrees field of view -- something which is unsurpassed in the highest-end binocular out there.<br /><br />There are compromises necessitated by the optical principles used to make these function.  They do not have a very flat field of view, meaning objects in the center of the field (circle) can be focused, but objects nearer the edge of the field are out of focus.  This is because the focused field is curved not flat.  This problem is also evident in most 10x50's for example.  It's less of a problem in good quality 8x42's like Nikon's Monarch for example, and obviously the high end Swarovski, Leica, Zeiss etc.  This problem matters more when you have a narrow field and highly magnified image where the subject tends to fill the field of view.  It matters less when the subject is focused in the center of the field and the background surrounding it is slightly out of focus.<br /><br />Still, even if you pay the biggest bucks for bright, flat, and sharp images from the top of the line binoculars, you'll still only see about 8 degrees true field of view, whereas these give you over 9 degrees.  Furthermore, they give an apparent field of view of over 59 degrees, rivaling the top-of-the-line binoculars.<br /><br />If you're looking for a handy, all-purpose binocular, the roof-prism 8x42's are proven to be far more popular for a number of good reasons (more compact, more magnification while not yet needing a tripod or IS like 10x does, more competition and choices etc.)  But if you're looking for the best field of view with high quality optics, this is it, and fortunately it comes at a very reasonable cost.  I don't know what other 7x35's are out there, but I can tell you this is far better than Celestron or Bushnell."
59188,5,loud,1,170,I like these and my 2nd purchase.  Easy to install and I like having a fair warning if door opens.  I live alone and do not have security.  It is very loud which is good!
50681,5,loud,1,1738,"This is an extremely well thought out and designed tripod.  They truly thought of everything and I don't know how they can afford to sell it at such a great price.  You can adjust everything on this including each leg independently meaning you can set it up on practically any surface not matter how uneven.  I have spent a lot of time with this Joilcan 80-inch Tripod and can safely say that it is incredible.  It's still light enough to carry comfortably and to travel or hike with but sturdy enough for anything you want to do.<br /><br /> It has withstood some serious abuse and isn't even scratched.  It folds down to about 18 inches and stands up to 80 inches tall.  The larger then average 38mm ball bearing makes a big difference in stability and adjustability.  Have better metal materials makes a huge difference as well.  To top it all off the legs are much thicker then average which makes it much more durable and stable.  There didn't appear to be any cheap plastic parts on this anywhere which is great.  There are so many different configurations you can use to shoot your photographs.  I still haven't done nearly everything possible with this yet and I have been using it for a good while.  The mono-pod is even sturdy enough to safely use as a crutch or hiking stick if you needed it.<br /><br />The things you can do with this and use it for are too many to even begin to count.  This is probably one of the best purchases I have made and couldn't be happier with it.  I have zero complaints about this tripod.  I had a whole video on the many things I did with this, but unfortunately the camera with it on it was damaged before I could upload it to the cloud.  Thanks so much for making such and incredible product!!"
21160,5,"loud,eq",2,1857,"Ok, I have to admit I'm pretty impressed with this little camera. At first I thought I had to use the Haven subscription, especially after reading the reviews here which said it is necessary. I was kind of bummed about that at first but it turns out this is really useful even without! Sure, being able to record videos and store them in the cloud require a subscription as well as many of the advanced features, but you can still ""arm"" the camera to snap a photo and alert your phone when it detects motion, which it does splendidly even without a sub. The way I currently use it, it alerts my phone and I can then go to the live view and see and even interact with who is there (talk feature is really cool!).<br />On top of that, I set ours up with Amazon's Alexa voice service and it is EXTREMELY COOL! I think the speaker seems a bit louder than an Echo Dot, which surprised me. I'm mounting ours by the front porch so we can see people come to the door and interact with them, but we can also use it to play music via Amazon's Alexa when just sitting on the porch drinking coffee. That's an amazing perk that I wasn't expecting before we got it!<br />I do wish you could combine it with device music groups in Alexa (so I could say, for example, play this song on the everywhere group and it will play inside on our Echo and out on the porch with the Ecobee), but sadly only echo devices can be grouped. That's OK, I knew that before getting this as other devices in our home can't be grouped either (Facebook Portal or Kindles, for example).<br />If you want to spring for the subscription service, there's a TON of goodies and advanced features beyond even the cloud storage things. But even without that, the live view and photo motion alerts combined with the voice assistant / Alexa integration makes it worth it even just for the hardware alone!"
75007,5,loud,1,663,"I have had this for almost 2 years now and backed up my main computer several times.  It is really quite easy - plug it in to a USB port (for my PC, the back USB ports work for this, however the front ones do not), and windows explorer recognizes the drive.  Then just copy and paste or drag and drop files and folders to the drive.  Not the fastest process, but safe and secure.  Just got a new laptop with a big hard drive (I am not a cloud guy), and copied and pasted in about 100 gigs of photos, art, music and docs to the new drive.  Maybe it is easier to upload to the cloud and back up that way, but I prefer this way, and for under $20, it is really good."
54028,5,"loud,noise",2,807,"I have a Noctua NH-D15 in another case that I use as a workstation. When I was building a Ryzen x570 with a 3700x system I wanted to install something that was more manageable and was more sturdy (I had to ship the end result).<br /><br />Heat and noise<br /><br />I was concerned that the end result might be louder, but it ended up working rather well. I settled on a slightly higher idle temperature of 45-50c for the CPU to keep the fans from revving up and down. In the end the issues I had with my build were not with the CPU but rather with the south bridge of the x570 instead.<br /><br />Clearance<br /><br />I had no issue with clearance with the board and ram.<br /><br />Sturdiness<br /><br />There was no damage to the heat sink. I shipped with fedex in a double box in a fractal define C case."
43709,5,"loud,noise",2,518,"Works great! Use em to keep an eye on my 3d printer when I'm in another room.<br /><br />Gave one to my mom to use as a front door lookout.<br /><br />Haven't set the other one up yet, but it's a simple process. Great little cameras with terrific picture quality.<br /><br />Support is pretty on the ball too.<br /><br />Only downside I can think of is the noise when the switch in the camera clicks over to night vision mode. It's just a loud click, but still, until I found out what it was, it was a little worrying."
328,5,loud,1,351,This is a nice speaker- I am bummed because I ordered the red and I received the blue- I didn’t want to deal with returning it because I wanted it right away for an outing. It is bigger than I thought- But I can clip it to my belt and walk or hike and it is nice and loud. No instructions came with it but you can figure it out and it synced right up.
88320,5,loud,1,430,"Powers through most new games on highest setting and temps stay reasonable even when you overclock it. The fan can get a little loud  but if you are buying this video card it's not for silence but raw performance which this delivers in abundance. I don't plan on replacing this card for a while, will get a second one and SLI for even better results although I can't imagine any games would give it much of a challenge even as is."
89997,5,loud,1,820,"I couldn't be happier with this purchase. I bought this on sale for $139 and it's exactly what I needed. If you're looking for something reliable, fast, light, and thin when folded up, then this is just right. I was looking for something to bum around on the couch, check email, surf the web, use chrome cast, etc, and this performs wonderfully. Also bought a 64GB card from Amazon and have it installed as well. I really love using Windows 8.1 and it performs nicely on this device. Also came with 100GB Windows OneDrive for 2 years and Asus 500GB cloud storage. Seriously, you can't go wrong with this one. You also cannot beat the battery time on this, what is it, like 10 hours?!? The only negative I can say is I really like my wife's touch screen, which this doesn't have, but her's also cost double what mine did."
67401,5,loud,1,434,"If you go through a lot of canned air, this blower, though a bit pricey, will eventually pay for itself. It's really convenient since it is battery powered (and rechargeable). It puts out a stream of air that to me seems a lot stronger than canned air. It comes with an extension to reach into small places and direct the air flow.<br /><br />It is pretty loud though. That's the only negative, but not enough of one to deduct a star."
79621,5,muddy,1,732,"Somebody screwed up. I only ordered one bag but got two. The one was a test bag to see if this was what I wanted. Yeah, I know if I was a super professional photographer I would have the expensive stuff. But being retired and all, gotta budget, (read cheap). I just unpacked the bags and am well pleased. I carry my stuff on a ranch in really dusty conditions (recently muddy) and I need a bag that has a zippered main compartment with a rain and dust fly. Which these bags have.<br />I will keep both bags. Of the several years and hundreds of items I have ordered from Amazon, this is the first error, either on my part or theirs, makes no difference. I know I could return one, but the price can't be beat and they are nice bags."
36597,5,muddy,1,2120,"After retiring my well used and beat up Welt tripod after 35 years of field use and began looking for a new tripod I was shocked when I saw the prices of medium to light weight tripods for 35 mm camera use.  $200-$300 -- are you kidding me?  I like quality and long term durability (as was my Welt, but...no longer made) and am usually willing to pay for it.  However, I decided to give this relatively inexpensive Benro a try and couldn't be happier.  I've had it in the field 8 times already, setting it up in water, on muddy slopes, in freezing temperatures and it performs very well for me.  The legs extend easily.  It is firm.  It is light, and with the attachment of a shoulder strap is comfortably carried.  I also purchased the Benro BR268 Ball Head for it and it too is of high quality and excellent functionality.  This is a great value.<br /><br />----<br />Update March 2012.  This may be moot, as Benro no longer makes this model.  It has been updated to the A0580F as far as I can tell.  Anyway, this inexpensive aluminum tripod has performed great in the field.  I've done my best to beat it up everywhere from a hike to the bottom of the Grand Canyon to sloughing through the Everglades.  It works fine.  The Benro Ballhead BR268 is another story.  The quick attachment/release spring loaded button/pin now longer works and the entire mechanism has too much play in it.  I only paid $38 for it.  So I upgraded to a Manfrotto 496RC2 which works wonderfully, smooth and tight.  As I was researching ballheads I checked out tripods.  Nothing comes close to the value, portability, and toughness of this cheap Benro.  There isn't anything out there with the stability and light weight of this Benro.  At 2.4 lbs it is lighter than all Carbon Fiber tripods of the same relative size costing $250 and up.<br /><br />Note to reviewer who complained that Amazon.com should have better details on the size and weight.  He is right, but I think most people do the research and find that information elsewhere, then come back to Amazon.com to buy.  Benrousa.com is easy to find and has all the data you could want."
27842,5,muddy,1,1313,"I got this really small portable DVD player.  That way if we lose the internet again (like we have so much this year already for days at a time) I can put in a DVD of some of my art classes and carry it on site where I want to paint or draw my lessons.  The problem is it had no case.<br /><br />HOW THIS COMES<br />This comes in a plastic cellophane sleeve.<br /><br />STRAP<br />There is a strap inside with a little padding on it for the shoulder.  It is adjustable.<br /><br />HANDLES<br />The handles are easy to carry if you don't want to use the strap.<br /><br />POCKET<br />There is a zipper pocket on the front which is perfect for the charging plug and cord.<br /><br />INSIDE<br />The inside is padded and larger enough to include the plastic folder where the DVD is so that I can easily carry both to my location and they are protected.<br /><br />DESIGN<br />The pencil design is bright, colorful, and not overly blurry so it looks pretty and not muddy.<br /><br />THE BOTTOM LINE<br />This is the perfect case to help protect my portable rechargeable DVD player when I want to use art classes in my shed or when we lose the internet.<br /><br />MY RATING<br />FIVE STARS.  Although this is not hard and does not protect a lot, it is perfect for what I need at this time for my player and DVD cases."
69676,5,"muffled,noise",2,601,"Let me start out by saying the noise cancelling portion is super excellent.  My husband puts these on and he cannot hear anything but the TV or his music.  He cannot even hear a muffled version of me.  Good?  Bad?  You decide, but as far as noise cancelling it is well above average.  Hooks up wirelessly easily.  Charge lasts a long time.  Comfortable.  to wear all day long binge watching or listening.  We have a couple of other pairs of headphones ... MPOW and Panasonics.  Both good in their own rite.  But these are hubs favorites now and he uses them most often.  Overall ... no regrets at all."
70035,5,muffled,1,1118,"It can't possibly be made easier to avoid losing your vital stuff.<br /><br />If you haven't traveled by air with covid, there might be 2x more opportunities to lose your stuff doing the pocket herky-jerky responding to worthless questioning queues than the last time you flew somewhere. You'll do it at your departure city. You get to repeat at your arrival city. You'll be taking orders from muffled mouthed people you don't want to talk to while flapping credentials more often than El Al security through TelAviv airport. I was thinking about hooking all my stuff to my body with chains to stay organized, but that sets off metal detectors, and someone will certainly claim a wallet chain is a WMD worse than nail clippers. This little gizzy solves that and I'm thinking about more cards. It is really tough to stay organized. Turn on the proximity alert if you get more than 10 feet away from your stuff.<br /><br />The main thing I need to guard against loss is the wallet, passport, DL, and vaccination record that will be multi-inspected ... Your papers, please!<br /><br />Excellent design for modern purpose."
92793,5,muffled,1,69,"Exactly as described, easy to use. Voice quality is a little muffled."
84786,5,noise,1,97,Has very good outside noise reduction quality. Great for listening to my Amazon Music collection.
74424,5,noise,1,260,I love the texture of the rubber. It seems to hold well and not slide around. It offers good bump protection on all the edges. I personally like how it covers up the glowing blue light that indicates the speaker is on. I don't notice any noise muffling either.
79734,5,noise,1,648,"I actually bought this 400w because I only plan on using 200w, the 40mm fan in it causes a little bit of noise as other has pointed out. I actually replaced it with a noctua fan, but keep in mind that it's dangerous, It needs a high speed 40mm to stay cool and me putting in what is a much lower rpm 40mm can cause it to over heat. The fan does have a temp control so the fan that is provided spins up and down as needed. But I purposefully over bought in watts so that I wouldn't need as much cooling and could keep the noise down. tiny fans like 40mm are notorious for whining. But voltage is still rock solid and it looks to be having no issues."
54050,5,noise,1,302,"Have mine for several years now, still works perfectly. The fans do not make much noise and still going strong. Right now it seems about 5% faster than the GTX 960 and about 30% slower than the GTX 970. Though I feel no urge to upgrade since most of the stuff I'm running now is still getting good FPS."
49411,5,noise,1,160,It works well in the living room of my home.  I use it both on my desktop PC and via screen mirror to the TV.  Noise level is excellent.  Exactly what I needed.
27809,5,noise,1,356,I had a 250GB Toshiba Ext. Drive and lost it and that one was good but not as good as this. I just got it today and it is awesome. It makes no noise like my Toshiba and it does not get hot like the Toshiba did. I have put more than 10gigs of stuff on this thing and it is only warm! I love it and would recommend it to anyone looking for a ext. hard drive.
44420,5,noise,1,47,"Great headphones, keep out ambient noises well."
48954,5,noise,1,506,"I returned by jabra elite 65t for these things. The jabara was better at noise canceling, but phone calls were terrible. Constant echo's.<br /><br />I turned to the TOZO T10 after a random encounter on Amazon. And I can say that it's an easy replacement. I've used these for music, working out and phone calls. With the latter being my main use case for work.  The battery life could be a bit better, but it's a moot point since I can charge it up rather quickly.  These are a must have at the price point."
32758,5,noise,1,682,"I was looking for a decent but compact VGA card for my computer at home to do home office (i do design related jobs). Came across this 1050Ti from MSI and i was suprised how powerful it was. First of all it barely has any noise while you work and then i tried a few modern games too (recent releases from last year) and it could easily handle them in 1080p resolution. Of course during the gaming sessions you'll hear the fan power up but still for the price you can't go wrong with it. I've been using a factory re-furbished one for 4 months now, it came in perfect shape, i don't think anyone used this, haven't found any scratches anywhere. I'm super satisfied with the purchase."
58555,5,noise,1,633,"I used this on a trip to France and Spain for charging my electric toothbrush and it worked perfectly.  I saw another review with a video reporting sparks and noise, that was not my experience perhaps hers was a defective unit.<br />I love that it's so light. I had one before with a transformer that was so heavy it came close to putting me overweight on my luggage.<br />One note: for most computers and units with a battery pack, they do the step down automatically, check your manuals. In that case you only need an adapter and there are many cheap adapters at Amazon.  Make sure ulyou don't buy this if you don't really need it."
2762,5,quiet,1,134,"I purchased these for a long drive with my grandchildren. They were easy to hook up and allowed us to have a quiet, comfortable drive."
57237,5,quiet,1,58,"So quiet, no clicking. No downloading, just plug and play."
65810,5,quiet,1,87,Very quiet device. Three fans vs one fan. Legs to tilt the product. Works like a charm.
6122,5,quiet,1,395,"This is the first time I've considered a build, and I was fortunate to receive this to put in. It was very easy install, but as I mentioned I'm a newb and therefore am not sure if ease of installation is usually as simple. The lights are pretty easy to control as well.<br />The lights are pretty unobtrusive, and it seems to work great overall. It's quiet and the lighting is subtle in my case."
56449,5,quiet,1,121,"Great fans.  Exact fit, quiet..  Have been in operation now for a few months without any problems.  I recommend this fan."
66577,5,quiet,1,2631,"You know, when before this board was to be released, it was rumored to be at the $200 price point.  If you purchased quality PBT keycaps and an aluminum case separately, you would already exceed the price.  This is probably the best keyboard you are going to get for $130 dollars.<br /><br />This is my first keyboard with PBT keycaps and while it gives the feel of quality, I'm not sure If I prefer ABS instead. There are several layers of programming possible, and you can program any key to just about any other key, or macro key combinations.  Ultimately, this board has more features than I will ever need.  I like that there are no feet; it gives typing a very sturdy feel.  Unless you like typing at a very high incline, but that would be easy enough to make minor modifications to elevate it.<br /><br />If you are looking at this then you are probably also looking at the KBP V60, which costs virtually the same.  The only reason to get that board is you prefer illumination, ABS keycaps, don't need the programmability, and prefer a lighter board.  I also purchased the V60 and am waiting for it to be delivered.  I want to make sure that I am making the right choice.<br /><br />Other boards to consider are the Choc Mini, although this is a lower class board, it may meet your needs.  There is the Ducky Mini which has an aluminum bezel which makes it larger which kind of defeats the purpose of the 60% board IMHO.  There is the Tex Beetle.  These are all at a similar price point and similar layout.  I will post back after I have had the V60 for a few days.  Who knows, maybe I will actually prefer it.  I'm not 100% sure I like the PBT keycaps as they feel like typing on cubes of concrete, although I would be in the minority.  Also worth mentioning is that the space bar kind of creaks when it is depressed.  I'm not sure if it is the stabilizer, spring, or defect, but it is mildly annoying. (One more thing I want to mention is that my favorite mechanical keyboard ever is the Cherry MX Board 3.0.  It is more of an economy board, but the keystrokes are the smoothest, the board is quieter, and it has great low profile keys which really do make typing smoother.  I don't know why these have not caught on).<br /><br />Edit: I wan to add that have since purchsed the Poker 3 LED.  It gives typing a different feel.  In comparison, the PBT keycaps make the keystrokes feel stiff and mushy.  I actually prefer the LED version with the ABS.  They are fairly high quality, not the crap you get on a typical Dell keyboard.  My preference for ABS goes against the grain as most prefer PBT, but this is all subjective."
33937,5,"quiet,noise",2,1021,"We got this to try out for our laptop because it was getting so hot it started shutting down after a couple of hours of use.  It got so hot on the bottom that it even cracked our dining table that we were using it on.  We've been using this cooler for a few days now and it works great.  We positioned the fans to be right under the hottest parts and it really helps prevent the laptop from getting hot.  The fans are really quiet and I love that you can move them around to where you need them.  The laptop sits nicely on the stand and it doesn't slip at all.  I don't know how well it well hold up for long term use but so far we love it.<br /><br />Update 9/28/11<br />This cooler is still working great and is very quiet.  Every now and then it will start making noise but I find that if I unplug it from my laptop for a few seconds and then plug it back in, it's back to being quiet.  It doesn't happen very often but when it does, it's easy to fix.  I am still very happy with this purchase and highly recommend it."
90946,5,quiet,1,271,"These ear cushions were perfect for my Bose QuietComfort 2 headphones! The original ones were disintegrating everywhere, what a mess! I watched a video on how to replace and did it myself with no problem at all. Now my headphones look brand new! So glad to find this kit."
72057,5,"quiet,eq",2,258,"This,mini pc is terrific for a home office or basic functions like surfing the net. It is reasonably fast and quiet. Wouldn't use it for gaming but it is terrific as an office adjunct. Super light it is easy to set up and use. Comes equipped with Windows 11."
13171,5,quiet,1,1059,"So , a while back (&lt;1 yr) I did a whole bunch of research for a friend who needed a new laptop. Everything I read pointed to Asus, so we went that route. Everything worked out just fine, so when it came time for me to upgrade, I followed suit. I got this box, with a slightly faster processor and a 500GB HDD for $299 on sale elsewhere two weeks ago. Happy with it thus far. The keyboard layout is a little unusual, and definitely takes some getting used to. Battery life is excellent, and even at the dimmest setting, the screen is totally fine indoors. I wish it had another USB port, and the lack of Bluetooth seems silly (I miss it though). Built-in cameras is not great, but for Skype, its just fine. Love how quiet this thing is. Yet to feel any heat from it. Happy camper.<br /><br />---<br />UPDATE: After using this for a while now, I can safely say it is a great laptop except for one, glaring fault: the keyboard is terrible. Worst layout I have ever had on a laptop. Makes me want to replace the laptop. If only this was not a problem... *sigh*"
5238,5,rattle,1,1768,"I have worked with K&F Concept filters in the past and generally had good experiences with them. They're good, mid-range quality filters at (usually) a budget price. I haven't worked with any black diffusion filters prior to this one so I have no basis against which to compare, but so far it seems to work as designed and seems to be made very well.<br /><br />In a nutshell, this type of filter softens light a bit, causing some gentle halos around light sources, without impacting image sharpness or detail. Where I have seen the most noticeable impact is in images where there otherwise would be a lot of shadows and contrast; instead of stark contrast and strong shadows, the filter has the effect of brightening up the shadows somewhat and creating smoother color gradients. Sure, this can be done in software after the fact, but it is a lot easier to do this at the time the image is taken and it certainly is a lot less work.<br /><br />The filter is very easy to install. This is my first magnetic filter and it is as easy to attach to my camera as I could have hoped. The threaded ring attaches to the lens in the same manner as a step ring or another filter, and the filter itself just snaps securely into place due to the magnetics. Removing the filter is just as simple, especially if you choose to leave the magnetic ring in place on the lens.<br /><br />The assembly seems to be well made. I have had filters in the past that have been poorly constructed and rattle in the frames when shaken, or have been mildly blemished, or just felt cheap. This filter has none of those issues and appears to be well made.<br /><br />This is a nice black diffusion filter. It's easy to install and use, and it just works. I will be using it more in the coming weeks."
7406,5,rattle,1,134,Easy to use and won't rattle. I also use these to attach filter screens and they're much simpler to remove and clean than with screws.
60692,5,"rattle,eq",2,3782,"I think I'll just do a simple pro and con list for this one.<br /><br />Pros:<br /><br /> + It starts up fast when switched on and immediately reconnects to the last Bluetooth device selected.<br /><br />+ The ability to store multiple device profiles and switch between them with the press of a button is awesome, and it saves a lot of time over having to open the Bluetooth settings on each device to reconnect.<br /><br /> + And of course it has a 2.4g wireless USB dongle, so you can use it with things that don't have Bluetooth or which require a stronger wireless signal.<br /><br /> + There are visible-yet-unobtrusive lights on the top that allow you to tell at a glance which device pairing you have selected.<br /><br /> + The shape of the mouse fits my hand perfectly and is very comfortable.<br /><br /> + The scroll wheel is easy to grip and roll back and forth. It has a very satisfying sort of ""bump"" feeling as it rotates from one position to another, whereas some wheels just turn freely, leaving you little control over how much you're actually scrolling. And most importantly, the wheel doesn't rock side-to-side like those ones that supposedly allow you to scroll left and right but never seem to work except by accident when you don't want them to.<br /><br /> + There's no branding that I can identify on the packaging, the instructions, nor on the mouse itself. I see this as a pro because well, frankly, a lot of these random brand names are weird and bother me (though admittedly, I did once buy a product on Amazon primarily because the brand name was BULLETFACE *cue electric guitar solo*).<br /><br /> + I really appreciate how every feature on this mouse serves a purpose. There are no dumb shapes or graphics added just to make it look ""cool"". It's cool enough as it is.<br /><br /> + It's great that it has a built-in rechargeable battery and a USB-C port on the front so that I can charge it wherever I can charge my phone. But because there's no battery access door, the dongle rests in a recess on the underside of the mouse and is held in by a really strong magnet. That's better than other attachment methods I've seen where the dongle either snaps in with plastic clips or press-fits into a slot, as those will both wear out and fail eventually, where a magnet will not.<br /><br />Cons:<br /><br /> - The ball feels a bit loose and rattle-y in its socket. It's not an issue when the mouse is on a level surface, but if you're carrying it around or trying to use it on the arm of a sofa, it can wiggle a bit, which feels weird.<br /><br /> - All but the lowest DPI setting is way too fast for anything I can imagine doing, but maybe I'm just not used to it yet. (Update: I guess I wasn't used to it. I've since moved up to the middle DPI setting now that I've gotten better at making fine movements)<br /><br /> - This may not be a con for some people, but the dongle really, really stays put in a USB port, to the point I was afraid I'd need pliers to get it out (though I managed to do so without them).<br /><br /> - Update: I thought of one more con. It's a shame I can't re-bind the little forward and back buttons on the far left to something more useful, like shift or ctrl-z.<br /><br />Conclusion:<br /><br />I'm currently very satisfied with my purchase, and I expect to get a lot of use out of this mouse for years to come. The best thing I can do to thank the manufacturer and seller for making a great product at a great price is to leave my honest feedback to help others find the product, so that's exactly what I've done. Oh, and I swyped (typed via path input) this entire review on my phone's on-screen keyboard using the very trackball I'm reviewing, if that gives you an idea of how comfortable and accurate it is to operate."
76340,5,rattle,1,186,"Long, but very solid pole. The metal GoPro mount is solid and when you extend this pole, it has zero rattle. It is solid! Not too bad on weight, considering how well built this thing is."
5220,5,"rattle,eq",2,1760,"I have gotten more into creative photography and I have enjoyed playing with lens filters like these. I have worked with star filters in the past and I thought it might be fun to experiment with this light streak filter as well. So far I have no complaints, though it is the type of filter that should be used sparingly.<br /><br />This is a gold streak filter that works in the same way as star filters, only it channels light in a straight line across the frame instead of in multiple directions. That is, it can make lights look smeared as if swept from one direction in a straight line. The color of the filter lines alters the light slightly and it has a mildly warming effect.<br /><br />Some thought went into this filter and it allows for turning the filter (similar to a CPL) so that it can channel light in any single direction.<br /><br />As with any filter like this, it should be used sparingly. It is possible to have too much of a good thing and as such this can easily be overdone. When used properly and used infrequently it can make some very striking and impactful photos.<br /><br />It seems to be well made. There are no hitches in the turn when making directional adjustments, and the glass does not rattle loosely in the metal frame. I have found no damage to the glass or metal right out of the package either.<br /><br />One question that might come up is, why should you use this kind of filter then it is easy to do the same thing in software? The answer is straightforward - it's fun!<br /><br />This is very much a fun and useful filter but it is a special-use thing that should be used with some restraint. It seems to be well made and it does generate the desired effects. It is not particularly expensive either which is a plus."
97132,5,rattle,1,545,I purchased this ring light instead of others because of the foldable design. When it arrived I was happy to see that the quality was much better than a previous light I had gotten which rattled whenever you touched it. This light is solid and is a space saver which packs nicely in the supplied bag. I also like the shape of the light which is a more rectangular design rather than a circle. The color and brightness choices are standard. I wish these lights would come with a standard wall plug and long cord but overall I recommend this item.
70209,5,rattle,1,413,"These are a good value for the price. I've got a competing brand's binoculars that are very similar, cost 25% more, and aren't quite as nice. These Bushnells are clear, bright, and sharp. There might be some color fringe, but if so, it's really small, unlike my others. All the adjustments are firm and smooth, with no rattle. I've got four pairs of binoculars, and these are the first I'd grab on most occasions."
90847,5,rattle,1,1453,"The only thing problematic with these stands is that they are 40&#34; long when closed and difficult to pack and carry simply because they are so long. (To carry them effectively, you need a light stand bag. I can vouch for the Hakuba 400 -- sturdy, good zipper, good handle, a shoulder strap, good padding and with external pouches for other gear -- but it's 46&#34; long. There are other offerings at Amazon. But I digress.)<br /><br />This stand is excellent. It extends to about 13 feet tall! Or it can be used as a wide-stance light stand or it can be converted to a boom for holding a shotgun mic or you can use the built in clips to hold a diffusion panel or reflector.<br /><br />It's a bit fragile compared to a solid steel C-stand, but it's also lightweight and more compact, except for its length.<br /><br />There are two extensions in the base and two extensions in the boom.<br /><br />There is a threaded hole in the end for attaching a counterweight and a cross-drilled hole for attaching weights. As with any boom, balance is key. don't expect this to hold up a ton on one end of the boom without counterbalancing it at the other end.<br /><br />I use it all the time for holding a shotgun mic. It would hold a small hairlight too.<br /><br />One trick: be sure to tighten all the knobs after you fold it up. They rattle loose and back out. You'll lose knobs and washers and possibly the built-in clips that hold the diffuser/reflector."
23089,5,rattle,1,430,"My granddaughter with the MacBook Pro finally came to visit, so I was able to get her reaction to this Adapter.  She is quite pleased with it - gets a faster charge than usual - and rattled off a number of benefits she didn’t expect.  In her job, keeping her MacBook up to speed is essential so she is very happy to have this tool.  She is very tech savvy, so I trust her judgement - and if she says this is a good product, it is!"
93151,5,rattle,1,281,"Installed these in a 2008 Avalanche and they were a great fit.  Saved me from drilling holes. Even after tightening the screws down holding the adapter I felt it might rattle a bit, so i used the foam off of the factory speakers and used it where needed.  Overall I'd buy it again."
37068,5,sound,1,254,Just using it for a bedroom clock.  But i can also ask questions and get answers.  Sound quality is fine.  Don't know how to use it with my TV yet or with my phone.  Ai technology is great but I don't know how to fully take advantage of all the features.
18811,5,sound,1,435,This DVD player is awesome and is perfect to travel with. Even when we are on vacation the trips are always long and being able to rent moves and watch them whenever we want is great.<br />The picture quality is great and couldn't ask for anything better along with the sound. It's easy to plug in some headphones and watch any movie I want. It's a great size too. It's super easy to use and works great for all of our traveling needs.
85431,5,sound,1,145,I have the Energy surround sound system in another room.<br />I prefer this system.<br />The sound is exceptional and the price cannot be beaten.
33116,5,"sound,instrument",2,1636,"The [[ASIN:B009FHFFIG Sennheiser Momentum Over-Ear Headphone]] are circumaural  which means they cover the whole ear and they have a closed-back.  They are lightweight, gorgeous with soft brown leather cushioned earpieces, have two easily switchable cables, one for general use and the second for specified mac devices.  A MacBook is not one of the specified devices, but my iPod is.  With its swivel plug and embedded on the cable remote, I'm sure iPhone and iPad users will be as thrilled as I was when I tried it on a friend's devices.  Crisp, clear, complete, these need no amplifier, but they do need ears which are not larger than average or the whole ear coverage is lacking and therefore, so is the desired effect of a circumaural earpiece.  I've listened to music on a MacBook, an android phone, a Kindle Fire, and tested these on the aforementioned iPad and iPhone.  In each and every case, the sound was outstanding and my ears did not tire, nor did they feel uncomfortable or overheated.  Most sounds surrounding me were not heard and those nearby did not hear what I was listening to at any time.  Watching movies is enhanced every time and I'm finding that even when impulsively finding a video on the Web in my usual activities, I tend to grab these headphones to listen instead of simply hearing through the computer.  My favorite music in these earphones thus far today has been John Coltrane's [[ASIN:B000V698WE A Love Supreme]].  I tend to switch genres throughout a day, but thought this was worth mentioning.  Nothing like really hearing the instrumentals as they were intended to be heard!  Outstanding headphones."
7124,5,"sound,noise,eq",3,831,"My first Dre Beats ear buds (with wires) are about 15 years old and still producing amazing quality sound, as is my Beats Pill. I knew when I wanted wireless buds that Beats would be the brand.  I’m not disappointed.  With three sizes of bud cushions included, you’ll find the perfect fit for comfort and noise cancellation.  Compact case doubles as a charger and a single charge can provide up to 24 hours listening time.  Nothing equals the sound quality, sorry AirPods, and if you use an iPhone you’re already set up for Beats.  Just open the case and device detection pops up on your phone.  There aren’t even “instructions” as you might expect, because you don’t need them.  If you do, you’re directed to the Dre Beats website where you’ll easily find your answer.  From box to listening in zero seconds.  Buy with confidence."
81161,5,sound,1,380,"This is a beautiful TV and is a little more formal for our living room.  We have enjoyed the art reproductions on the screen as well as the superior picture!  The colors pop on this screen.  The frame gives a streamlined look. One nice surprise is that the sound is actually perfect for our needs in this room!  After spending so much on the TV, we did not need a sound bar!  Yay!"
35658,5,sound,1,232,I am blown away at the sound coming from this tiny inexpensive speaker. It rivals my JBL dock and my Bose dock. I am a stickler for sound quality & you really have to depend on the reviews for these items. You won’t be disappointed.
27865,5,"sound,distortion,volume,loud",4,1730,"I recently came across some tapes that I had kicking around which I really wanted to hear.  They were books on tape which they no longer have available in digital format.  I decided it was worth getting a tape recorder to hear them.  I was not expecting much.  So many tape recorders in the past were awful, but I tried anyway.<br /><br />PLUG<br />This has a tranformer style plug which means you will need room on a power strip or outlet bar for a larger plug.  It has a jack that goes into the tape recorder and the cord is thin but several feet long and it works for me.<br /><br />TAPE<br />This even comes with a blank tape you can use to record with.<br /><br />MICROPHONE<br />The microphone is not bad for a small cheap mic.  It works fine for basic recording.<br /><br />SOUND<br />This machine is AWESOME!  Seriously.  I can not believe how loud it is even on halfway volume.  There was no buzzing, distortion, or problems at all that I have had in the past with other machines.  This one played the tapes beautifully and I had no issues hearing at all.<br /><br />THE BOTTOM LINE<br />This machine exceeded my expectations greatly.  It not only is easy to use, but the sound quality is fantastic.  I am very happy with this tape recorder and will finally be able to use some of the tapes that no longer are available in digital format.<br /><br />MY RATING<br />FIVE STARS.  This was a pleasant surprise.  I highly recommend this tape recorder if you want to hear some tapes clearly that you can not get in digital format for whatever reason.  For recording, it seems more cumbersome than using a digital voice recorder, but maybe a walk down memory lane would be worth using this instead if you want to have some fun."
79193,5,sound,1,320,"10 min. after I set these speakers up, I got back on line and bought a second set.<br />The sound quality for the price is unbelievable. These speakers are just not for your desk top computer or laptop.<br />Just plug them into your mp3 player and then you can shake the windows in your home.<br />10 stars is my rating."
67621,5,sound,1,40,It paired easily and the sound is great.
97418,5,static,1,547,"I recently started working from home and have been using my AirPod pros to make and take calls. Using my AirPods 8-10 hours a day has really irritated my ear drums. Came across this headset and thought to give it a try. I really like the comfort feel of the headset versus sticking my AirPods in my ear. Now don’t get me wrong the AirPods are great for my runs and going to the gym, but having a headset separate for work and not irritating my ear drums is a MUST. My clients can hear me clear and there’s no static. Truly a great item to consider"
13382,5,"static,volume",2,631,I bought this adapter because the other one I have always caused static and I’d have to turn my stereo up quite a bit to get the volume at a decent level.<br />I have had far less issues with static when this is plugged in while listening to the radio (weaker channels are always going to be an issue either way).<br />I am also able to turn the volume up about 25% less than with the other (knob was at 22 with other adapter and this one works well on 16 or 17).<br />Thoroughly pleased with this one and I got it because we are slowly moving toward the USB c style charging cables (as newer items seem to also be doing the same).
96172,5,static,1,270,"These are rolled on both top and bottom, which is the single best quality identifier I can think of for something static made out of metal.  A flat plate would be easy to warp or bend if treated improperly.  These will keep their shape well and look good in the process."
13674,5,"static,volume,eq",3,2809,"I purchased this for two specific reasons: (1) safety because too many accidents are caused by drivers with a phone to their ear, and (2) I love music and my Droid X has become my MP3 player (among other things as well as a phone.<br /><br />Installation was a snap, although I did have to read the directions, which were clear and easy to follow. In less than 5 minutes after removing it from the packaging I was listening to music through my car radio!<br /><br />This device comes with a fairly short USB charging cable that connects to a port on the head. The length made it inconvenient, and it was pretty flimsy too, failing after about three months. I added a [[ASIN:B0042X8XQO PowerLine 90310 Auto Socket Splitter with USB Power Port]] (which cleared my console in my 2008 Mazda 3 with the GOgroove and [[ASIN:B000S5Q9CA Motorola Vehicle Power Adapter micro-USB Rapid Rate Charger]] plugged in), and the combination, while unwieldy, has worked perfectly ever since.<br /><br />Music and calls are reasonably clear. I do have to turn my radio volume up when a call comes in, but that may be an issue with my phone and not the GOgroove. And, like a hands-free system should work, when there is an incoming call or you wish to make an outgoing one, the MP3 player feature in my Droid X pauses the music until I am finished using the phone. After calls are terminated any paused music will automatically resume.<br /><br />For long trips where you pass through areas with radio stations, your clear signal set in one location may start to degrade and you will notice static. That is caused by you coming into the range of a strong FM signal that is competing with the one you selected. You will need to seek and switch to a new frequency when that happens. For example, if I am traveling from, say, Ormond Beach, FL to Jacksonville, FL, I will need to change my frequency twice going up and twice again returning. It's the nature of any such device and there is nothing that can be designed into the GOgroove to fix it - at least not at the price point at which this device is selling.<br /><br />I've had friends connect to it with their iPhones, and it works without a hitch. The icing on the cake is the GOgroove remains paired with my Droid X, and automatically connects to it as soon as I start my car if I am playing music. This is a convenient feature that I wish my [[ASIN:B0047T79VS Belkin F8Z492TTP Bluetooth Music Receiver]] that is connected to my home stereo had - I have to manually connect to that device anytime I want to use it.<br /><br />Overall I am thrilled with my GOgroove and if it dies I would not hesitate to purchase another. In fact, I am considering purchasing a spare anyway because I spend a lot of time in my car and life without this wonderful gizmo would not be the same."
88574,5,static,1,310,"Works ok, be sure to check near the stations you set it to around your area so you can find one that's not near another station. That fixed any static problem I had. Works better than the belkin one I had a few years ago. Great for if you have no aux input or what to use it on a home stereo without bluetooth."
53476,5,static,1,421,"What's to rate on this? If you're looking at this listing, you're pretty much sure this thing does exactly what it's supposed to - split a 3.5mm head phone jack into two separate RCA channels for connecting to things like amplifiers and recorders. Cable is braided and pretty flexible, there's no static in the line and seems to be well shielded to not pick up any interference from a power supply the cable runs next to."
67619,5,static,1,353,"I received this the next day. The flash drive connected to my computer and I quickly moved everything to a folder so I can add them to my microSD card in my smartphone. The entire folder takes up about 3.3Gb. I listen through my music player. These are not remastered so there is static and skips from aging. However, they are authentic and I love them."
26207,5,static,1,606,"Overall this card came on time and was well packaged! This was very easy to install in a PCIx1 port on my computer.<br /><br />Pros: Easy to install. Definitely can run at speeds 2.5 Gbps. Windows easily and quickly installed driver for this. Came with an adapter so you could install this in a server rack! Also came in a anti-static bag!<br /><br />Cons: None that i could find. (I may add an update if I find one, I don’t foresee one though)<br /><br />Overall this is a cheap Network card to add to any computer where you need to have a faster connection. It works great and I totally recommend this!!!"
77190,5,"static,volume,hiss",3,313,"worked fine--plug in and no issues whatsoever.  No problems with fit, not static, no volume issues, no hiss.  All good. Cord is a good length--long enough so not too tightly tethered (or to reach to the back) but not so long as be annoying. Seems well made/constructed. Very happy--does just what it's supposed to"
99039,5,static,1,55,"This is awesome :-) no static, the price is just right."
84610,5,tinny,1,689,"This enclosure/cable worked perfectly and allowed me to recover a failed external drive.<br />My 6 month old external Seagate 1 TB USB drive failed.  The drive inside the tinny Seagate case was a 2.5"" Toshiba SATA HDD that seemed to be spinning OK so I assumed it was likely that the junky interface had failed and not the HDD itself.<br /><br />I ordered a Sabrent Ultra Slim 2.5-Inch SATA to USB 2.0 External Aluminum Hard Drive and attached it to the Toshiba drive.  It worked perfectly right away, allowing me full access to everything on the drive.<br />I'm using an old XP (SP3) machine with USB 2.0.  The drive was recognized immediately and ran fine with only the single USB cable."
97848,5,tinny,1,1369,"I needed an inexpensive DVD player to use in the basement, but still wanted to have good picture quality. I gave this a shot (bought it used) and have been more than pleased with the results.<br /><br />Setup was a snap if you have an HDMI port (basically just plug in the HDMI cable, plug in the power cord, and you're done!). The on-screen setup menus were decent. Lots of options to choose from including several picture quality choices. The manual sort of explains the options, but some ""lets see what this does"" is helpful as well, especially with the picture quality options.<br /><br />The player feels a bit ""tinny' but that's pretty much par for the course for low-ended DVD players. The remote is decent - the buttons could be bigger, but it's acceptable. No eject button on the remote, however, which was an unexpected omission.<br /><br />The picture quality is excellent - rivals a much more expensive Oppo DVD. Much, much better than I was expecting at this price point.<br /><br />I've tried to unlock this to play region 2 disks but have had no luck. Tried a couple of options listed on AV discussion boards, but so far nothing. If anyone has had success unlocking this to play something other than Region 1 discs, I would love to hear how you did it.<br /><br />Overall, a great DVD player, and a good value even at the regular price. Highly recommend."
35280,5,treble,1,95,This is by far the best pillow speaker I've used. It has a nice range of treble and base tones.
3793,5,vocal,1,2185,"Ordered to help with my own angst… My teenage son lives in basement at opposite end of the house. With door shut/music on and phone silenced- it’s impossible to reach without walking downstairs anytime I need to communicate.. I went looking for an easy fix to yelling or stomping on floor-<br /><br />GLCONN Walkie-talkies was the simple and ideal  solution! Best of all, when I need contact… It’s my voice he hears over the walkie without any need to answer or push any buttons- it’s leaves no escape from communication! Of course, to respond one simply needs to push in a button to do so. These have also proved helpful on larger size property we reside on in Utah- my husband can take this out to the north 40 letting me reach him with ease.. range is approx. 700yds. and we still have crystal clear com.’s- impressive!! These would be ideal for small businesses where a stock room or outdoor space is out of vocal range.. they are not commercial grade to suffice a large multi level building or campus- but these do the job far above a child’s toy for sure. Which brings up a useful idea if kids are outside playing on your street- These would be easy to keep contact both directions..Great to meet smaller need options.<br /><br />To use: simply turn on and program both walkies to the same channel. Easy to do- how do you change option a recorded voice lets you know exactly what channel you are on. Then it’s as easy as depressing the button to speak… Letting go to listen! Comes with rechargeable batteries and charge cord for both devices- fully charged gives users a green light. Note: these are still usable plugged in to a power source as well. We charge each night and battery lasts all day to avoid a low battery issue- keep things easy!<br /><br />Light weight- One won’t be encumbered with excess bulk it’s size of adult hand- save photos included for up close charging, size comp.’s, green light, etc.. each unit has belt clip and also can be connected to lanyard as well. Small enough to fit in pocket. Simple design has not much to it.. it’s what I like! Easy usability- 100% happy with purchase!!<br />Hoping this info may help in your decision- stay safe everyone."
49115,5,vocal,1,294,I bought this to read books on. I wanted a little larger screen than my phone. I really haven't added much else. I do like the vocal commands. The battery seems to run down a little quick considering all that I do is read books on the Kindle app. All in all a great value and I'm happy with it.
88209,5,vocal,1,884,"I can't compare this to any other brand or model as it is the only GPS I've ever owned. I think it's a great starter model for much less money than I would have expected to pay. Garmin is generally rated higher than the other brands and I've known people who own and like Garmin products. This model, as other reviewers have said, does not vocalize the street names. It will tell you to turn left in 100 feet, but won't tell you that's Main Street. It does include street names on the display, which is very easy to reference when driving. I wear bifocals to drive and still had no trouble quickly referencing the display screen. It's a basic unit, but that's all I was looking for. It's extremely easy to use; you'll figure it out in no time at all.<br /><br />Don't buy a separate car charger, as one comes with the unit. It does not include a USB cable to connect to your computer."
13676,5,"vocal,eq",2,1966,"Prior to Alesis coming up with this and its larger sibling, the [[ASIN:B005NIVLX4 Alesis Mic Tube Duo Stereo Tube Microphone Preamplifier]], I was sold on the venerable [[ASIN:B0002D0KG4 PreSonus Tubepre Single-Channel Vacuum Tube Mic Pre]] as the ""gold standard"" in lower end tube microphone tube amps. I personally think this and the 2-channel model that Alesis offers are game changers, mainly because the features and reliability are on par with the PreSonus competing products, and the price point is significantly less. In other words, bang for your buck.<br /><br />Before rushing out and getting one of these (or its larger sibling - or even the competing PreSonus), make sure you need it. I have found that on a reasonably decent PA system this product makes a dramatic difference with the older technology mics like [[ASIN:B000CZ0R3S Shure SM57 Microphone]] and the [[ASIN:B000CZ0R42 Shure SM58-LC Cardioid Vocal Microphone without Cable]], or the lower end SM58 clones that are bundled with PA systems and otherwise flood the market (the [[ASIN:B00009W40D NADY SP-4C Dynamic Microphone]] comes to mind). On the other hand, not only have I found that these tube pre-amps not very useful with more modern design microphones like the [[ASIN:B002SQJL9U Blue Microphones enCORE 100 Studio-Grade Dynamic Performance Microphone]], the [[ASIN:B00006I5R7 Sennheiser E835 Dynamic Cardioid Microphone]], etc. In fact, with the more modern designed microphones, which run much hotter in signal, a pre-amp in a live PA needs to have the gain turned to the lowest level in many cases or feedback becomes a problem.<br /><br />If you do need one of these devices, I recommend - unless your budget is severely limited - that you consider the [[ASIN:B005NIVLX4 Alesis Mic Tube Duo Stereo Tube Microphone Preamplifier]] instead. The reason is for a slight increase in price you get an extra channel that you may not need now, but may find to be a requirement in the future."
72505,5,"volume,noise",2,144,"I hear absolutely nothing when these are in; they cancel out all other noise, and the volume goes way higher than I need. These are good to get."
95346,5,volume,1,593,"From this Fire TV Stick, to the other two Fire TV Sticks, to the Echo Dot 2nd Generation, to the 2 Echo Speaker 2nd Generations, to the Echo Show 2nd Generation and to the Echo Auto's we own.... Well, I'd say we love all things Alexa!!<br />The best thing about this Fire TV Stick is the remote having the volume buttons on it!! Now, I'm gonna have to replace my other ones with these!! I got this one for the grand kids room, so I just steel the remote when they aren't here.<br />I guess, as long as they keep making and selling these gadgets, I'll keep buying, using and recommending them!!"
64955,5,"volume,instrument",2,197,"BF swears this is one of the best speakers he's ever owned, and he's someone who listens to music every night.  Clear notes, he's says he's hearing instruments he never noticed before, good volume."
72654,5,volume,1,417,I had the original stick and like most technology I noticed it glitching and freezing and restarting more and more! It was maddening so I finally snagged a new version and I’m so glad I did! Not only can I now tell it to open my ring front porch camera but I can now control volume and turn my tv on and off with the remote! This was so worth the upgrade and what do you know!......freezing and glitching is gone now!
96486,5,"volume,eq",2,3395,"I was able to do a direct comparison between this and the SwissGear SA1908 ScanSmart Backpack.  And it turns out that deciding which pack to grab on the way out is surprisingly one of the hardest decisions one could have to make.  Both packs are obviously of the best quality with a similar nylon shell, strong stitching, and smooth zippers.  Both are designed to fit 17"" laptops and have similar interior volumes, and yet the features vary widely.  Let's have a look at key points:<br /><br />-The Targus is perfect for a user carrying a laptop and a tablet and/or Kindle.  In front of the laptop compartment is a soft fabric lined pocket to hold a tablet against the laptop and protect the screen from scratches.  The very front pocket is also soft with a piece of padding that fits the newest Kindle nicely.<br /><br />-The SwissGear may be better for carrying just a laptop or two laptops.  It has the ScanSmart feature, which is great when TSA allows it to work (sometimes they make you remove your computer anyway, either out of ignorance or their suspicion that you packed incorrectly for it to work - that makes it easier just to remove it sometimes rather than risk a fight with them).  And I often store a second laptop in the ScanSmart opening.<br /><br />-I love that on the Targus, the zipper pulls for the main compartment and the two side compartments can be placed between the bag and your back, thwarting casual thieves.  As an extremely paranoid person, this gives extra peace of mind.  For that matter, I really like the unique design of these pockets.  The side pockets can be really useful, and the big compartment can be accessed from a larger opening.  But that uniqueness comes at a cost...<br /><br />-...and that cost is the looks.  I didn't like the looks on the picture, but then it grew on me.  In person, I don't really like it that much, but it might be growing on me.  I guess the tradeoff is simple:  you get a very unique design that works great and you get some serious padding for your electronics and some extra comfortable straps, but that all equals a slightly awkward looking pack.  It's not too bad, but I think an accent color would go a long way.  In contrast, the SwissGear under observation is quite beautiful and more traditional, yet not as padded or protected.<br /><br />-The Targus came in a very thin box.  It has a semi-rigid pad on the bottom that can fold up to flatten it out or fold down and attach with velcro to add some structure to the main compartment.  This is also a very smart feature.<br /><br />-The SwissGear has a phone/MP3 player holder with earphone exit, for those interested.  That's not the best one I've ever seen though, as it is only a hanging cradle for the device.<br /><br />-The Targus has more padding, while the SwissGear has a better airflow system for your back.<br /><br />Conclusion:  I really love both of these backpacks, and I'm surprised how different two top notch backpacks can be.  I can see how the designers have to pick and choose the features they want to incorporate, because you really just can't have it all without making the pack bigger, and I wouldn't want that.  They both deserve five stars, absolutely.  The Targus strikes me as the pack for someone serious about the transportation and protection of their electronics, or anyone else who is intrigued to try this unique, excellent design."
80883,5,volume,1,3215,"Update: A good pencil sleeve to use with this case after stretching it out a bit with a crayola dry erase marker is the Hydream Silicone Case for Apple Pencil Holder Sleeve Skin Pocket Cover Accessories for iPad Pro 9.7/10.5/12.9, Cute Soft Grip Pouch with Charging Cap Holder and 2 Protective Nib Covers.<br /><br />TL:DR - a fantastic case and looks amazing with a screen protector on the device. Does not interfere with screen protectors at all. Great utility and angle options. Looks good on the fridge too. If you don't mind the case feeling a bit awkward to hold when looking at things in portrait and the fact that your Pencil Sleeve options are limited due to the super tight elastic (I used a crayola dry eraser to stretch mine and now the fit perfect) this is the case for you.<br /><br />Pros:<br />8 Adjustment points<br />The packaging and info included on the company<br />The quality<br />The looks (at least in black for me)<br />The pencil sleeve built in<br />The wake/sleep utility<br />Solid positions minus the last one if you're really pretty on it. Like heavy handed drawing hard.<br /><br />Cons:<br />The tablet is hard to hold in portrait especially if the pencil is in the case<br />I know the 2018 Pro model had yet to be released when this case was made, but I wish the placement of the Pencil sleeve was in a better location or allowed enough space for a wider variety of pencil sleeves. It makes me worry that it sticks out a little from the case. Kinda wish it was on the top or had a similar elastic sleeve loop on the top where an Apple Pencil 2 would sit magnetically. More or a nitpick though.<br />The tightness of the sleeve out of the box! This was very annoying, but another nitpick since I can always stretch it out.<br />A little awkward to use the rear-facing camera since when holding with the front panel touching the back of the case it covers the camera completely. Even when in landscape you have to tilt it high enough to free your view.<br /><br />Quality of Life Cons: (basically super nitpicks. Feel free to ignore. The case is great!)<br />Would have been nice if they added another small sleeve near the rear pencil sleeve for the small charging Pencil dongle. It looks like there is enough room in the back.<br />Like the little indents where the power and volume buttons are located I'd have liked to see a little notch above the charging port center of the charging port. Why? Because I often find myself inserting the connector low of the actual charging port and a little notch where the middle would generally be would have been a nice touch or at least some more material to alleviate confusion on the port's location. If you look at the charging port with the case on you'll see what I mean, there is a little lip which can make it confusing on what I'm inserting the plug into (done this a lot lately, but getting better at it).<br />A somewhat more rigid hinge on the panel that covers the screen. Why? It can get really floppy when holding it in portrait mode and a slightly more rigid hinge kind of like the surface pro keyboard cover would have been nice. The panel itself is solid but the material connecting it to the case can be a little floppy."
16646,5,volume,1,381,"I’ve loved all my beats! I have them FOREVER (sweat, exercise, cold, volume up, no issues!), the only thing they can’t put up with is my dog, who has unfortunately eaten two pairs already 😂😭 100% recommend these, reliable seller, I keep buying them every time, can’t use other earphones, plus 5 min battery charge gives you a ton of listening time, totally saves my ass at the gym!"
47174,5,volume,1,584,"I ALMOST returned this, because I think Alexa can hear me from pretty much anywhere in my &#34;mansion&#34; (ha ha). But I thought I would give it a try, and I'm going to keep it. Although Alexa can hear me from pretty much anywhere, I was raising my voice a little and with the remote it is unnecessary. Also saying &#34;volume up&#34; in the middle of a song or the news makes you miss part of it. I got a holder with it that attaches to a flat surface with sticky foam.<br /><br />It's not necessary, but come on, if you're an Amazon shopper like me, we passed necessary years ago."
17741,5,volume,1,493,"THE GOOD:<br />--------------<br />* You get two headphones.<br />* Colors are perfect if you happen to have one boy, and one girl.<br />* Bonus headphone jack splitter is included.<br />* Built in microphone.<br />* Headphones are limited to 94db safe volume.<br />* Ear muffs are very comfy.<br /><br />THE BAD:<br />-----------<br />* Nothing at all. Because of Covid, schools are asking that our kids bring our own headphones for computer time. These are perfect for that purpose. 5-Stars!"
31145,5,volume,1,119,"Cutest pair of headphones I purchased for my 4 yr old. He loves them, the volume control is great, and they’re durable."
