编号,原文,人工判定(1=音质差评/0=不是),备注(可选)
S2-037,I have a GeForce 750Ti and I broke the HDMI output on it.  I bought this because I found that my video card can provide audio via the DVI output.  This is a good product.  There is one issue that I find when playing video.  There is a hangup/buzzing that occurs periodically and in close succession.  It isn't something most folks would put up with.  I cannot say it is caused by the cable.  It may be my card.  I obviously did something to make the HDMI port stop working and it is reasonable to question if that impacted the card overall.,,
S1-040,The USB3 chipset is seen by the system and the drivers were installed successfully but the two USB3 ports are dis-functional. Wast of money as far as I am concerned. Bought a USB3 external drive that works fine on my other system which has USB3 on the motherboard. Installed the card into my game system and neither USB port works on this card.,,
S3-071,Left earbud hardly has sound coming from it. The sound quality is just not matching the price and can be staticky and flat at times. Not worth the price.,,
S1-037,I like the feel and comfort and have purchased several for my staff.,,
S3-076,"Two of the three only have sound in one ear and the volume adjuster does not work on any of them. Disappointed, big time",,
S2-053,"Long, but very solid pole. The metal GoPro mount is solid and when you extend this pole, it has zero rattle. It is solid! Not too bad on weight, considering how well built this thing is.",,
S1-020,"I purchased the RCA ANT1450BM Refurbished Multi-Directional Flat Amplified antenna to give antenna digital feeds a try.  I wanted to try the refurbished antenna due to it's reduced price, as I have purchased refurbished tool regularly and have yet to get burned.  The price savings is like a little gamble; will it pay off? It has again with this little inexpensive antenna.  This review is as much a review of the refurbished part as much as the antenna.  This antenna is pulling in feeds from 35 miles east and 65 miles west of my location. I do live on a little elevated area for my location so I am guessing it is working in favor of my reception of these signals. I do not know what refurbishment this unit could have received, as unlike a drill or a power saw, it just either works or not, I guessing as there appears no getting into it and fixing anything like a tool.  I am happy with the results of this purchase and would recommend this antenna to others or friends.",,
S1-070,This works as expected. Easy to install.,,
S2-081,Great subwoofer! Provides plenty of bass. Easy to setup.,,
S3-095,The first week I had the unit I was extremely impressed w the power and clarity of the Nova300. Then it started making a very annoying high-pitch whine when it was on. Sent it back to Peachtree for repair.,,
S2-044,"I have some Definitive bookshelf speakers.  Originally,I got some stands from Best Buy that were very unstable.  These are rock solid.  There is a fair bit of assembly required and the instructions are C+ quality, but all you need is a philips-head screwdriver.  You can finish in &#60; 1 hour.<br /><br />I have what looks like a standard-height TV stand.  I wish these speaker stands were 2&#34;-6&#34; taller.",,
S2-093,Very quiet device. Three fans vs one fan. Legs to tilt the product. Works like a charm.,,
S2-095,"My aunt and uncle have a little property where we have a large garden, work shed, and pastures.  They are both retired and wanted a way to ""holler"" for each other without carrying around their cell phones, especially my uncle, who works with large power tools or the animals in the pasture.  I gave them these walkie talkies, which are a great, nice and small option for out and about.  The only real drawback is that they are not the clearest.  We have been using them, and it can be a bit muffled.  You really wouldn't want to carry on a conversation with these, but they are good for quick messages.  For what we wanted them for, they are working just fine.",,
S2-068,"I recently started working from home and have been using my AirPod pros to make and take calls. Using my AirPods 8-10 hours a day has really irritated my ear drums. Came across this headset and thought to give it a try. I really like the comfort feel of the headset versus sticking my AirPods in my ear. Now don’t get me wrong the AirPods are great for my runs and going to the gym, but having a headset separate for work and not irritating my ear drums is a MUST. My clients can hear me clear and there’s no static. Truly a great item to consider",,
S2-026,"I'm a smaller woman, and found the grip on my Canon 30D to be uncomfortable, but I wasn't willing to compromise on photo quality so a digicam was out.  When I discovered micro four thirds cameras, I tried out the Oly E-P1 and E-LP1, but preferred the feel of the GF1.  I also tried out the Samsung NX10, but it just doesn't offer enough native lenses for me.<br /><br />The GF1 is the most comfortable camera I've ever owned.  The image quality is very good, and although I hear it's good on full auto, I use mine on full manual or shutter priority, and it's very easy to use if you've had any experience with a full featured camera. The buttons and menus are very intuitive, the wheel at the top of the camera is easy to use and I like the flash to use as a fill flash.  At default I got a few blown highlights, but this is very easy to control by stepping down just a little.<br /><br />The only things that I didn't love are the rear dial - it's a little more recessed than I'd like, although I got used to it pretty quickly - and I would have preferred a flip and twist screen since the camera doesn't come with a view finder.  Otherwise I'm very satisfied with this camera.<br /><br />The 14-45mm kit lens is good quality.  It's solid with no rattles, turns with just enough resistance, and takes sharp high quality pics with very little chromatic aberration.<br /><br />One thing last worth mentioning is the stabilization.  It's in the lens, and it works better than I expected.  I got handheld pics reliably at speeds I haven't been able to shoot at before.  That being said, if you prefer your stabilization in the camera rather than in the lens, the E-PL1 is definitely worth checking out.<br /><br />I'm very happy with the GF1, particularly the easy menus and controls.  It takes the annoyances out of photography so I can concentrate on taking the pics rather than fighting the camera.  With good image quality, nice videos, fast auto focus and better than average auto features, this seems like a camera for anyone interested photography, from newbie to pros looking for a smaller second camera.  For enthusiasts like me, it's just the ticket!",,
S3-067,This product is very cheaply designed and made. When I opened the shipping box the package (a plastic bag) had already been torn open and there were no screws. Threw it in the trash.,,
S1-002,Easy installion.  Superb Customer service. Wifi connection in the home is improved. We could not be happier with product at this time,,
S2-058,Just using it for a bedroom clock.  But i can also ask questions and get answers.  Sound quality is fine.  Don't know how to use it with my TV yet or with my phone.  Ai technology is great but I don't know how to fully take advantage of all the features.,,
S1-084,Works great picks up more channels now thanks,,
S3-011,"One of the few headsets that has no volume control.  This alone disqualifies the headset.  The mic quality is actually decent and as a spare headset for travel, this may be an OK option - but not a default option.  There is no active noise cancellation (obviously), may block some noise - but on an airplane system, this didnt give enough volume or noise blocking to be useful in airplane entertainment systems either.  Not worth taking a chance on this model.",,
S2-087,"With the USB C being used so much in today's phones, laptops, desktops and more, you will find it so much easier to insert the hdmi cable from the television or monitor or projector to the USB C device. This cable fits comfortably in the USB C slot and is not wobbly. You get better video and audio than with the normal hdmi to hdmi.",,
S3-045,"Very very disappointed. I own a 350xt from the same manufacturer and it works great.<br />This &#34;point&#34; product does not have clear sound, it feels you are far away from the speaker...and then for the people you talk to, they do not hear you well. They tell me &#34;you are far away from the microphone&#34;. I dont know if the unit I have does not work well..but this is really making me upset..<br />Hope the manufacturer will see my review and react fast...<br />I regret my purchase. I got rid of the packaging thinking it was going to be a great product...I guess I am now stuck with it....and will never use it...",,
S2-059,I have been very pleased with my other Polk Audio speakers.  This one is just as good!  I needed a center channel speaker that was not too big.  I would easily recommend Polk Audio speakers for any home audio need.,,
S1-009,"I bought this when I ordered the Kindle Fire because I love a quick response when looking for information and loading programs.  Since I put the card in my Kindle right when I got the reader, I have nothing to compare the speed to and haven't bothered to take the memory card out to check the difference, because what would be the point.  My Fire loads OK, but not at the speed I anticipated.",,
S3-055,"Note: I would love to love this speaker set, but it has inconsistent performance with various devices. I received a review sample and was pleased by the sound when I plugged this into the phone port on my ThinkPad T61. The sound was clear and I could hear every note on the album that I use to test speakers (Miles Davis' [[ASIN:B000002ADT Kind of Blue]]). I use that album because the instruments in the ensemble cover low, mid and high range frequencies. The bass was a little thin, but with the speakers less than two feet away the sound was rich and I was happy.<br /><br />Where I started to experience problems was when I plugged this into the 3.5mm port on my Samsung Galaxy Note 3 phone. There was static in the mix. The same with my [[ASIN:B00D029NNA Samsung Galaxy Tab 3 10.1 inch]] - static interfered with the music. My final test was to plug the 3.5mm cable end into an [[ASIN:B00AEJJRBK Avantree Cara Bluetooth 4.0 Handsfree stereo Car Kit with mic]] and connect via bluetooth. The sound was crystal clear.<br /><br />I am not sure what conclusions to draw. It could be something wrong with the Samsung phone and tablet, although both work perfectly with headphones which I have directly plugged into their 3.5mm ports. It may be that the 3.5mm cable and interface on the input of this speaker is overly sensitive to impedance and the slightest deviation will induce static. I am not sure, but because I was unable to get the same quality consistently across all devices with which I tested these speakers I subtracted two stars.<br /><br />Construction is exceptional, although I wish the design employed removable USB and 3.5mm cables instead of the fixed ones that provide power and signal inputs, and connect the two units. As it stands if a cable breaks it will take some skill to repair it. With removable, off-the-shelf cables a broken one can be rectified with a trip to an electronics store.<br /><br />Overall, on the two devices that I tested with which these speakers worked the sound was spectacular. On the other two it was unlistenable. If you are connecting this to a bluetooth receiver it's probably a safe choice, but if you are connecting this to anything else I would proceed with caution.",,
S1-073,"Alexa sings, tells jokes, plays music, and answers all your questions. We'll probably get more for other rooms in the house.",,
S1-079,Perfect stuffing for a stocking in Christmas,,
S2-090,"Works well with all Apple devices, Great treble. Takes less than 1 minute to sink with any Apple device. The stand is metal and durable and  comes with a speaker application with said Apple devices so you can talk in phone conversations---very clear!!!",,
S1-048,"I ordered the beats and was ready to send them back because they kept falling out my ears. It didn’t matter if I had the small medium or large size earbuds on the beats they would always fall out. I happen to come across these and ordered them and it made an immediate difference. My beats are now secure in my ear and I can do almost anything without worrying about them falling out! The best part about it is the variety of colors that I have! I would definitely recommend these, worth the money!",,
S2-021,"it pushes a lot of air for it's size, but mine is no virtually silent. It's louder than my computers case fan, so I may return it and get another one because this one may be defective.<br /><br />Update 07/19/17: I asked for a replacement and just received it. I have to listen to hear it now, so its pretty quiet and I have upgraded my rating to reflect that. Is it really virtually silent, no, but it's pretty quiet :)",,
S1-046,"Was disappointed on the noise canceling and the quality of the music.  Other than that, they fit great, they are well built",,
S3-089,"I bought this NAS to replace a desktop PC that I had loaded with drives and used as a server.  It put out too much heat for my new office, so I wanted something more efficient.  After some research, this is the NAS I selected and I have no regrets.<br /><br />The NAS is very quiet and low heat.  The drives 'sleep' when not in use and performance in accessing drives is much better than the 'server' it replaced.  I am very impressed.<br /><br />Set up was easy, using 2x1TB drives from the old PC.  Install drives, format drives (all data lost), update firmware, set up functions and your off to the races.  I use an external USB attached drive to back up selected contents of the NAS for 'belt and suspenders' backup.<br /><br />There are quite a number of functions the NAS is capable of that I simply don't exploit.  If you're looking for a media server, etc, check out the functions that this device provides in a space not much larger than a pair of 3.5&#34; drives.<br /><br />I think this device provides a great value.  Just remember that it's diskless - so factor in the cost of 2 drives to your setup.<br /><br />Steve",,
S3-097,I bought two of these to install in a FreeNAS 8.3.1 p2 box. They worked immediately without a fuss. Very happy and excellent value.,,
S3-093,Useful especially because it's a way to monitor your battery as well,,
S2-013,"Quality of build is evident in the Canon SX260 HS. Buttons and levers appear to be solid in both function and design; audible shutter activation is crisp and professional. The ability to set the F Stop, Shutter Speed and ISO manually, other than using the Auto setting is what makes this camera very special. The CMOS sensor adds to the total package, delivering crisp, professional photos. Images taken with the long zoom lens, despite it's 20X capabilities and being hand-held, were devoid of any distortion and held a high degree of resolution.<br /><br />Cons: Battery life appeared notably short, perhaps due to using the zoom and GPS feature often. This has yet to be confirmed.<br />  The location of the pop-up flash is where one would normally place an index finger over the top of the camera.<br />  A conscious effort must be made to not interfere with the flash mechanism when using this camera.",,
S1-091,"For the price, this is just about unbeatable.<br /><br />There is literally not one thing I do not like about it. It preserves the action of the keyboard. It's not sticky. It stays put but comes up easily to be cleaned. It doesn't obscure the lighted keyboard.<br /><br />Everything I wanted.",,
S3-004,"This case looks good enough and protects the device well.  However, it's pretty expensive, and I don't care much for how it works as a stand (I paid $50 for my tablet, and the case was on sale for $28.)",,
S2-092,"I purchased these for a long drive with my grandchildren. They were easy to hook up and allowed us to have a quiet, comfortable drive.",,
S1-065,"This is a good office/home/dorm power strip (not so much a travel one).  Works fine so far, no complaints.<br />Pros<br />the spacing is convenient for multiple adaptors instead of just regular pronged plugs (not sure why we're still fighting that battle, but we are)<br />I like the USB ports on the side<br />good number of outlets<br />not too large a footprint<br />flat plug<br /><br />Cons<br />none so far",,
S2-084,"There is a lot to like with this computer: The small size is great. There are 2 USB-C ports instead of just 1 like with a lot of others. There is no bloatware. You can hook up your monitor to either the DisplayPort or USB-C connection. They include a USB-C to HDMI adapter. There are 4 USB 3.0 ports. Good speed for regular computer use with the I7 processor and SSD.<br /><br />The biggest thing to dislike is the volume of the fan. You wouldn't think a computer this small would have such a loud fan, but it does. It's annoyingly loud. If you're going to be working on the computer a lot while in a silent room, I would recommend to not buy this computer because of the fan noise.",,
S2-078,"Smart watches have gotten more popular with the release of the Apple watch. They tend to have a standard set of functions, such as access to instant messaging, email, time, alarms and a lot more, typically tied to your phone. Not all smart watches are alike, though, and offer different sets of functions, better connectivity and other various differences from one another. This particular smart watch offers the mainline set of functions, setting itself apart through the user interface which is more polished and clean than most others with which I have worked. That said, I have a couple of quibbles with it, leaving room for a little improvement.<br /><br />This is a standard-sized watch with a rubber wristband that can actually fit a larger wrist like mine. I have trouble finding watches and watch bands that fit me, so the fact that this one fits me is a pleasant surprise.<br /><br />Powering it on, the user is immediately greeted with a complex and fairly complete visual menu system with tiles for every function available to the user. This is a standard presentation for a smartwatch, but this one looks a bit more polished and clean than the others I have seen. Switching to other menu screens just requires a swipe gesture, as to be expected. I have big hands, and this means that, for me, using a stylus makes working with this watch a lot easier. This is not the fault of the watch but a reality of working with a small device.<br /><br />My first issue with this watch came when I paired it to my phone. The date and time on the watch were off, so I expected that it would grab the time from my iPhone when I paired it. It did not. Instead, I had to dig for the clock application and manually set the time. I dislike this and think that having it set itself when it is paired is much more accurate and cuts effort on the part of the user. For Android users, there is an application to allow for syncing up the time, date and more, but iOS users are out of luck for now. To the manufacturer's credit this is made clear on the product listing so this is not a surprise. Regardless, I am of the opinion that the watch should fetch the time, not rely on being sent the time. In the grand scheme of things, though, this is an annoyance, not a deal breaker.<br /><br />There is a fairly comprehensive list of functions provided by this watch in addition to time/date and phone answer. Through the menus the user has access to call logs and function, Bluetooth functions, a remote finder function, a pedometer, a sleep monitor, a reminder function to get up and move on occasion, calendar and clock functions, audio functions, video functions and a few more.<br /><br />One of the interesting functions that this watch offers is a camera. So, I tried to use it and it complained that there was no memory card available. Reading through the limited documentation included, I was unable to find anything about a memory card. I finally noticed that the back of the watch has a small groove where it can be popped off, and when I removed the back I found the battery which is removable (replaceable - another pleasant surprise). Under the battery is a slot for a micro SD card.<br /><br />Adding a memory card comes with a big catch. It requires removing the battery to get at the holder which in turn clears the clock and resets it to midnight 01-01-2015. So, adding the memory card requires me to set the time again. And again if I remove the card.<br /><br />Although I think the time sync functions of this watch are lacking, it is otherwise a good smartwatch. The interface is professional and polished and the whole provides access to a large number of useful functions. It's priced well too. Overall, this is a solid offering worth a look if you are wanting a smartwatch.<br /><br />Disclosure: I was provided a sample of this product in exchange for a fair, honest and thorough review. Even though I received this product at no/minimal cost I have rated and reviewed this product without bias, based solely on my experience with it.",,
S2-055,"There are things that I like and dislike about this computer. Much of it is simply personal preference over the actual computer.<br /><br />Pros:<br />- I really like that it has face detection to unlock the screen.<br />- The colors of the keyboard are really cool<br />-the picture color is amazing. I watch videos and tv shows on it often because I enjoy the clarity of the picture<br /><br />Cons:<br />-Cost<br />- smaller screen (which I know) but there is not a side number keyboard which I really prefer.<br />- It can be difficult to open.<br /><br />I don't use this computer for gaming purposes. I am a teacher and I use it for classroom at home on the weekends. I would buy this computer again... except for the cost. If it was about $900.00 cheaper. Compared to other laptops that I have, I see no difference over all in this computer and others. It just simply isn't worth the cost in my opinion. However, that is a personal reason and I will not take off from the review for that.",,
S3-034,"I bought 6 of these when they were released with the bonus offer.  I got them for a move to a new home.  Because of the delay between receiving & setting up the units I missed the return window.  All 6 would have been shipped back for a refund.<br /><br />I have both The ECHO & TAP, love them both.  My primary very simple, not very technical use is as a  cooking & alarm timer & playing music.  The volume is far too low to hear the timer unless I'm in the kitchen.  My other units would blast me out of the house if I had the timer set on volume 10.  The DOT can not be heard in the next room with a simple wall & full door opening.  The microwave is louder.  I can't count on it as an alarm, reminder to take my meds or anything else.<br /><br />The quality of the sound for music is like an old AM radio.  Not worth listening to.  Yes, I know I can go buy extra speakers but it defeats the purpose of buying a small compact unit.  I am actually going to be giving them away & will give GOOGLE Home a try.  That's how disappointed I am in this AMAZON product.  AND, I love AMAZON so this doesn't sit well",,
S1-005,"awesome service , awesome all around , love it , thank u guys",,
S1-034,"Shipped and arrived when expected, is what its supposed to be, does exactly what it should, no complaints.",,
S3-099,"This TV has a great picture and sound. It hangs nicely on my wall, it is very secure.",,
S1-031,"So far so good with this one...I was worried, because of some of the reviews, but I have had a very good experience so far.  I will update if there is a change.",,
S1-064,Like the size of the case and it fits my surface book perfectly. The biggest problem I have with is it a major lint magnet. Will try and spay it with scotch guard to see it that helps. not sure what the fabric used is but I have never had a case that does this.,,
S2-063,Excellent bag for the storing the Meade Instruments Infinity 70mm AZ Refractor Telescope.,,
S2-011,"I'm not a fan of the ultra-thin profiles of most tablets.  Understandably if its a smart phone you want it to slip into a pocket easily but with a tablet for home use there isn't much occasion where it needs to be ultra-slim and consequently unwieldy and as secure as a wet bar of soap.  That being said, I know these are meant to be travel friendly and as such I'm glad that they are small and sleek and, in the case of the Lenovo M8 HD, power misers as well.  I'm okay with this because I occasionally travel with my tablet and because the remedy for the non-tactile properties of the ultra-sleek tablet is a silicone case like this one.  They're not expensive, they do a darned good job of protecting the tablet, and they make the tablet much easier to handle in and around the house.<br /><br />Normally I don't look for a feature rich version of the silicone case.  It's usually going to be just a simple stretch into place ""skin"" of sorts where corners are protected and screen is recessed to where it is protected from drops and such.  Those usually hover around the $10 mark or so.  What intrigued me about this case was the rotating stand and the handstrap feature.  I use the tablet in bed often as it sits on my nightstand.  I also occasionally use it in the kitchen or bathroom too.  So those features would undoubtedly come in handy.  My first thought was that paying double the cost was a little out of form but that was followed by, ""what's another $10?""<br /><br />The case installs in parts that are intuitive and easy to fit.  Some stretching is required and some massaging of corners to get everything to fit.  But once in place everything fits perfectly.  Buttons work great and have good feel, the power jack is covered by a silicone flap which is easy to access as needed.  Cameras front and back show fine and the speaker is exposed.  The case itself is nice and hefty, easy to carry, non-slip in enough areas, and dare I say ""bouncy"" in all the right places.<br /><br />I removed the shoulder strap retainers that came pre-installed as I don't see myself carrying the case that way.  I put those away with the shoulder strap as a just-in-case item for later.  The handstrap adjusted with velcro easily and the stand works great.  The fact that the stand/strap mount rotates 360 degrees is awesome as it adapts to whatever angle your hand is at whatever orientation that you're standing the tablet on any flat surface.  This was of instant benefit as I slipped my hand in and it felt both comfortable and secure.<br /><br />The one feature I do wish it had was covers for the cameras.  I ended up 3D printing some covers for it.  I also feel like there is little to no bezel clearance for a tempered glass screen protector although the case itself has enough flex to accommodate it anyway so I'll be adding one in the near future.  That being said the case provides a substantial amount of protection for the screen as long as it gets dropped on a flat surface.  Conclusion: Well worth the money as it is grippy, wieldy, standy, grabby, and functionally perfect.",,
S1-055,I’ve enjoyed NHT Speakers since the early 90s. A lot of bang for the buck.,,
S1-026,I use it to haul notebooks and coloring books for the kids I take care of,,
S1-074,Love using this little remote. Simple to use yet you can do EVERYTHING with it,,
S2-043,"I use it next to my bed to see the time , is a small clock but with a lot of clarity",,
S2-097,I have the Energy surround sound system in another room.<br />I prefer this system.<br />The sound is exceptional and the price cannot be beaten.,,
S1-097,Great replacement cable for an old iPod.,,
S3-054,"This system is fantastic. Product arrived in a timely manner and was well packaged. Set up was easy, two of the cameras were mounted outside and have survived 100 and 0 degree temperatures. Daytime vision is impressive, nighttime vision is good.",,
S3-031,Love this - the only problem I have is I get an unwanted sound every once in a while and I can’t figure out why - it sounds like a busy signal from a phone- we don’t have a landline for interference so I can’t understand why,,
S2-015,"I had a gen 1 as soon as it came out. I regret not getting this gen 2 sooner!<br />It is way faster, I'm using WiFi and content loads right away. With gen1 I had to wait.<br />I finally get Atmos audio.<br />And the addition of buttons like volume on the remote is great.<br />Very happy I got this gen 2",,
S1-063,"[[VIDEOID:5ccab2044675ebd47957448b1e0ac5e8]] I think this will actually be a useful item, as opposed to just being a cute gimmick.<br /><br />The fan is all plastic, of course, but it seems to work really well. The base is not super stable, but there are many ways to make that heavier if necessary. This does not run on electricity, but instead uses a USB charger plug.<br /><br />The fan itself is good as well. It has a wide range of positions, so you can aim the air flow to your preference. There are three speeds; low, medium and high.<br /><br />With warm weather arriving soon, this little guy should help make the nights a little cooler for sleeping. It would also be a good little fan for a work desk, provided you have USB plug access.",,
S1-058,Nice quality. Regular sized backback. Built in phone power bank. Zipper works well.,,
S1-098,"I used this in my garage for a 55"" tv. Installed in about 10 minutes in block and sturdy as heck. Can move it and angle it to where I can see it anywhere in there...",,
S1-053,Perfect to strap my fence fabric into place on my chain link fence. I recommend.,,
S3-053,The output on this amplifier is very low.  We returned the unit and purchased the Pyle2X120 Home Audio Power Amp.  Very satisfied with out purchase of the Pyle.,,
S1-050,Love this little decal.  Fit perfectly on the back of my ASUS Transformer Tablet. It is adorable and have received many compliments!,,
S3-023,Not a $600 sound quality IMHO.  Heavy on the head as well.  I returned them.,,
S1-015,"The device worked so I was able to connect a VCR to my Smart tv.  The description didn't mention this but you need to know that you need two more items to finish your ability to use this product.  You'll need a phone charging block to plug the power cable into for power or some other USB connection source.  Also, you'll need an HDMI cable with a male end on each end (cost approx $10).  One end plugs into your tv or whatever device you're converting to and then the other end into this converter device.",,
S1-051,"This is by far the best kindle to date, for me anyway.  The battery life is terrific and I love I can place it on a charging base [I have a Amazon basic brand, I didn’t need to buy the promoted bundle].  The page turner is so much faster and I love the larger screen and the dark mode reading: less lighting up.  I traded in the 2018 kindle, which was a dud imho with the power switch so super sensitive that it wouldn’t take much of a touch to switch off the kindle..it was so annoying.  Happy now and even though the memory is more than I need for my needs, I am enjoying the reading experience like the earlier models, but now with some great new features.  Happy reader.  After few months of use, I finally traded in my 3G kindle, which was more reliable and acted as backup for the previous unreliable model.  I hope Amazon is able to recycle these older models.",,
S1-036,"Sorry, but this lights are not as good as advertised and promoted.",,
S3-008,Power button isn't working properly after minimal use. Used to have great bass but now sounds flat,,
S2-077,It paired easily and the sound is great.,,
S3-001,"First and foremost let's get to the issue of PU leather, check Google or Wikipedia, it's not leather. It looks like leather. It feels somewhat like leather and it's supposed to be easier to clean than real leather. To me there's not really a lot of difference. The brown cover is handsome and reminds me quite a lot of old leather bound novels. The color is just awesome. The fit is as good, maybe better, than my Amazon PaperWhite specific cover. I usually put my name, phone and email contacts under my Kindles. I couldn't get this OFF of my Kindle! I have bruises on several finger tips from trying. I may have to use a screw driver to carefully pry this off or I may need to cut this off if I decide to go back to my custom air-brushed Amazon cover. I'm going to leave it on for now. I've had black Kindle covers for years. This does everything the Amazon case does. There's decent protection for the Kindle. It has a magnetic clasp that automatically turns the Kindle on and off. It certainly holds the Kindle well enough. The cover folds back all the way for easy one handed reading. I'd have given it five stars but for one thing, the company thought it was a good idea to emboss their company name on the front cover. I just don't care for that. It's small so no one's going to see it. The only person who will see the embossed name is me and I've already got the product. I don't need to be constantly reminded who made it.<br /><br />{Edit - 06/13/16}<br />Just slightly more than a year since I obtained this case. I've left it on all this time because I really do like the brown color and the lack of the metal plate the Amazon case comes with. Fit's been perfect only had a couple issues where opening didn't turn the Paperwhite on but even the Amazon brand has that issue from time to time. My biggest problem is all the brown on the edges and corners either is or has already fallen off. The bulge where the magnet sits is beginning to split open. It's gotten some hard use and been with me in my walker bag for this past year but it hasn't worn well and while I still like the color I'm not sure I want to replace this with the same brand if, even at this price, it only lasts a year before falling apart. Makes me sad. Dropped from four to three stars.<br /><br />2nd Edit June 17th 2016 -<br />Inateck responded quickly to my review edited and comments about their product falling apart. I'm very impressed by their customer service which got the new cover to me very quickly even though I could find no warranty information for the product anywhere. They even allowed me to make a color change and select the red instead of the brown I had originally had. I hope this cover lasts longer than a year. Thank you for standing behind your product.<br /><br />I received this item in exchange for my review.",,
S2-036,"I used about 90 feet of cat-6 cable to connect this.  Some of the cable is cat-6a, connected to cat-6 in the middle, so cat-6 is the standard I can count on.  It works for 4k@30, but not 4k@60 and not 3d.  I put cables in the wall when the room was being built, and didn't know that 50' HDMI cables that say they work don't always.  So I'm upset, but this helped fix the problem because I ran ethernet to both locations and a few extra cables too.  If this did 3d, I would be 100% happy.  Since it doesn't, I may have to put the blu-ray player up with the projector and figure out a way to return the audio instead of using this for it.  But this will work for the cable box and computer that are also connected.  So, in summary, if you want 3d and have Cat-6 cable, this doesn't work.  If 4k@30 is enough without 3d, then this is what you need and it works great!  In case you are curious, I tested using two HDMI switches too, and the 4k@30 survived going through both switches and this pair too!",,
S2-007,"Great set of Bluetooth earbuds.  When I am talking through the earbuds, my volume is normally on low. Even with a low setting, the people I am having a conversation can hear people across the street on the basketball courts.  It does pick up your surroundings well.  No static.  Very clear voice.  It is waterproof  I did shower with them on.  Only issue was that it turns off when the water hits it.  Unsure if it’s because it’s water or because it thinks I pushed them to turn it off. That’s why I am giving it a four star.",,
S3-009,"My last camera was fuzzy with good audio, now it seems to be the other way around.  I have added a seperate speaker which has fixed it but would have rather had a camera with both good audio and sound.",,
S3-002,I accidentally removed the wrist strap for a scuba photo during a dive trip and it safely floated to the surface so I could safely ascend to the surface and retrieve it. The bright color is highly visible and it floats perfectly!,,
S3-041,"First my wife was excited I ordered her the WHITE, SILVER, and PINK IDance headphones she saw depicted on Amazon. Instead she got shipped ORANGE and PINK, and she hates ORANGE.  She still agreed to try them but; 1) the volume in one earpiece was twice the volume in the other earpiece on all songs, and 2) the Y cable attached to both earpieces is really cheap, and moving it around, caused static in the earpiece. Have to find some other brand for a tiny woman's head.",,
S1-061,"Both screens scratched and marred out of the package.  Instructions bear absolutely no resemblance to either the screens or what’s in the box.  Seriously, “Amazon’s Choice”???  What a joke.  I won’t bother to spend the time necessary to do anything other than warn people off….into the garbage.  Typical Chinese lack of quality and attention to anything resembling Stan dares.",,
S1-066,"I bought it for my husband's valentine's gift. (I'm practical, I don't do bears and balloons) and he has loved it since. He uses it to work and even when riding his motorcycle.",,
S2-091,"I had a bad experience with my previous Annke security DVR. I could never get it set up with the online viewer, couldn't back it up, and eventually couldn't do a thing with it when the USB port stopped working (you need a mouse). The way I found out the port was no longer working was when I went to review footage of a creep on my porch. Couldn't do it.<br /><br />So far, this one is lots better. It seems to have a better build quality, and, while set up was not easy, it was doable.<br /><br />I'm really tired of stuff not working - especially security equipment that, at best, is just okay, and, at worst, does no good whatsoever. If this keeps working, I'll be thrilled.",,
S1-075,"This is the best router I've ever had. Rather small and compact but the most powerful and reliable router I've ever had. The two routers in one box work excellently together using AIMESH. Once I setup my network, I've only rebooted twice in the past three weeks. I actually considering purchasing two more of these fast devils.<br />I love the USB3 data transfer speeds. The fastest I've seen.",,
S2-034,"I recently purchased a new zoom lens for my camera after I broke the old one when I took a tumble. I had filters like these for my old lens but the thread size was different so my old filters were no longer useful. I selected this filter for my new lens, somewhat apprehensively because of the relatively low asking price. It has proven to be a decent filter but it is not useful in all situations.<br /><br />The idea behind this filter is light diffusion which will give an image a very slight haze or softness, depending on the lighting and subject. This is an effect that can be emulated in software during post-processing but in doing this type of enhancement I have found it is sometimes unnatural. It certainly is less fun than making it happen while shooting, which is why these types of filters are available.<br /><br />In use it works, though I have had mixed results. When using it with certain light sources, the filter seems to have no real effect at all, while with others it creates a subtle, soft glow around the subject. I am still working out the situations where it is most effective. I have had similar issues with filters like these with other lenses, and as such I assume the problem is in my lack of practice with them. It will take some time and practice to make my results more consistent, and for now I lay the fault on myself.<br /><br />The build quality seems to be good. I have received filters in the past where the glass rattles in the frame which is unsettling. This one is tight and there is no play between the glass and the frame. It screws on to the lens securely and is easy to clean.<br /><br />The asking price is quite reasonable. I have seen these filters priced much higher, and I have also seen much cheaper ones that do not work well. The pricing seems in line with the product, if not slightly low.<br /><br />I have no complaints with this filter. The issues I have with it are probably my inexperience, and I will keep working with it to improve my results. I will return here and update my review if my impression changes. For now, though, I am satisfied.",,
S1-033,"High quality cables, well made, and they fit well and provide adequate charging and data transfer.",,
S1-100,"UPDATE - i kicked this off my bed and it broke =(<br /><br />Purchased for the new amazon fire TV, while the new fire TV is underwhelming, this little thing is great.<br /><br />Between this and the bluetooth keyboard/touchpad I purchased. I have spent as much on remotes as the fire TV though....<br /><br />Oh well.... this attachment is everything the amazon remote should have been.",,
S3-039,The anti-glare feature of this blue light blocking screen has reduced the strain I was experiencing with my eyes.  My doctor suggested I buy one. I never realized I could use this.<br /><br />You don’t attach it to your computer screen. You just hang it over your screen. It slides into position easily and it’s a great fit.<br /><br />I’m happy with it!,,
S1-012,"It ultimately depends on your use case, but I'd say the juice isn't worth the squeeze here. The product itself works fine, but not necessarily much better or worse than other 1080p camera's. The feature set is low for the price point though everything works well here, the features driving up the price don't make this camera feel as though it's worth double the price of other 1080p camera's.<br /><br />If you happen to need a speaker built into your webcam, which I'm sure is where part of the premium price lies, then you don't have many better options. This issue is, how limited is that use case? Most people's computers have speakers and you could likely get an equivalent webcam and better speakers for the same price.<br /><br />One of the things that bothered me, and one of the reasons I wanted to review the item, is the confusing nature of the marketing at play here. Putting 2k and 1080p next to each other is deceptive at best, as they're trying to indicate it has a 2k auto focus sensor but using verbiage that makes it seem like this might be a 1440p camera (which is occasionally referred to as 2k) to the shopper that doesn't ready all the details.<br /><br />I can confirm this camera is only 1080p and, one of the things really hurting it at this price point, only appears to offer a maximum of 30fps.<br /><br />Does it work? Yes. It works relatively well even. For this price though, you can do better.",,
S3-016,"Fun for a little while but battery is so low capacity, .. you need to keep it on a cord. An it loses its fun appearance of non corded antique.<br />Sound quality was hoped for, but this is no better than my cell phone. Poor. I had hoped it would be better.",,
S2-032,This is a nice speaker- I am bummed because I ordered the red and I received the blue- I didn’t want to deal with returning it because I wanted it right away for an outing. It is bigger than I thought- But I can clip it to my belt and walk or hike and it is nice and loud. No instructions came with it but you can figure it out and it synced right up.,,
S2-035,"The Belkin Miracast Video Adapter works well if the correct equipment is available, but doesn't work at all if you are using a noncompliant smartphone or television.  I first thought my two year old Vizio television would not work because it has no USB port, but after ordering a new set, realized that the USB could be utilized from an outside source.  After trying several times to ate my Razr to the Belkin, I realized that the connection was unobtainable because the phone is not operating on the correct system.  I then enlisted a friend with a compatible phone and we were able to make the connection very quickly, then watched gleefully on the Vizio.  For a smartphone with Miracast capability, this works well and should be considered.  Since technology changes rapidly, as do our phones, I would not hesitate to use this if it fits into your budget.  When I replace my smartphone in the next few months, I will certainly verify on the Belkin website that the new purchase is compatible because it is an outstanding option for viewing images and listening to audio on a big screen.  I have been satisfied with my other Belkin products and find them to be a reliable company.  If your set has an HDMI port which isn't easy to access, this device also includes an extender which has worked well for my set.  Otherwise, I would not have been able to plug in the USB cable because of its position.",,
S2-029,"I purchased this for two specific reasons: (1) safety because too many accidents are caused by drivers with a phone to their ear, and (2) I love music and my Droid X has become my MP3 player (among other things as well as a phone.<br /><br />Installation was a snap, although I did have to read the directions, which were clear and easy to follow. In less than 5 minutes after removing it from the packaging I was listening to music through my car radio!<br /><br />This device comes with a fairly short USB charging cable that connects to a port on the head. The length made it inconvenient, and it was pretty flimsy too, failing after about three months. I added a [[ASIN:B0042X8XQO PowerLine 90310 Auto Socket Splitter with USB Power Port]] (which cleared my console in my 2008 Mazda 3 with the GOgroove and [[ASIN:B000S5Q9CA Motorola Vehicle Power Adapter micro-USB Rapid Rate Charger]] plugged in), and the combination, while unwieldy, has worked perfectly ever since.<br /><br />Music and calls are reasonably clear. I do have to turn my radio volume up when a call comes in, but that may be an issue with my phone and not the GOgroove. And, like a hands-free system should work, when there is an incoming call or you wish to make an outgoing one, the MP3 player feature in my Droid X pauses the music until I am finished using the phone. After calls are terminated any paused music will automatically resume.<br /><br />For long trips where you pass through areas with radio stations, your clear signal set in one location may start to degrade and you will notice static. That is caused by you coming into the range of a strong FM signal that is competing with the one you selected. You will need to seek and switch to a new frequency when that happens. For example, if I am traveling from, say, Ormond Beach, FL to Jacksonville, FL, I will need to change my frequency twice going up and twice again returning. It's the nature of any such device and there is nothing that can be designed into the GOgroove to fix it - at least not at the price point at which this device is selling.<br /><br />I've had friends connect to it with their iPhones, and it works without a hitch. The icing on the cake is the GOgroove remains paired with my Droid X, and automatically connects to it as soon as I start my car if I am playing music. This is a convenient feature that I wish my [[ASIN:B0047T79VS Belkin F8Z492TTP Bluetooth Music Receiver]] that is connected to my home stereo had - I have to manually connect to that device anytime I want to use it.<br /><br />Overall I am thrilled with my GOgroove and if it dies I would not hesitate to purchase another. In fact, I am considering purchasing a spare anyway because I spend a lot of time in my car and life without this wonderful gizmo would not be the same.",,
S2-064,I misplaced my original headphone cable which had a volume control switch attached to it. This model doesn't have a volume control switch.,,
S3-042,"I use this to store a ton of baby pictures of my nephew. Frees up a ton of space on my phone. Also an easy way to organize photos to create digital albums, and for printing. It's super small and compact. Can easily fit in any bag. Highly recommended for student and office use as well. Comes with its own cord. Highly recommended!",,
S3-036,"I bought this because the speaker on my phone died but the headphone jack still worked.  It was still somewhat inconvenient and used battery very quickly.  The sound was also not really very loud and I still missed calls even when there was relatively quiet ambient noise, as in, alone in the house with no radio, TV, and other sounds in a quiet neighborhood.  So it didn't really serve the purpose I bought it for. Might be good for a kid, but it's really just above dollar store quality, $3-5 would be a reasonable price.",,
S2-004,This is an excellent modest-budget power supply. It's quiet. It comes with enough connectors. It's super reliable and delivers steady power. The ONE issue I've had with it comes from installing it in a full tower that has a lot of wire management: some of the power module cables are barely long enough. Just another inch or two would have made installation much easier.<br /><br />Still recommend.,,
S1-042,"Pros: Plenty of room in this case for most builds.  I bought the NZXT vertical gpu mount and it works great with a Gigabyte RTX 4080 Gaming OC.  Plenty of room between the gpu and the side panel.<br />Cons:  Comes with 2 non led fans (both 120mm), which I'm sure 99% of the people who buy this case won't even use.  It would be great to sell this case for less $$ without these lousy fans.<br />Another con was the lousy UPS shipping. It arrived locally 2 days before the scheduled arrival date (which was about 1 week) and they held it at the warehouse until the delivery date.  So much for Prime shipping.",,
S3-059,"Bad quality, didn't even use them twice and always kept them in the case. Sound wasn't amazing when they were working, but for what I needed I was happy until the left ear bud started sending static. I wouldn't waste your money.",,
S1-001,"So this is the 2nd bookbook I have owned. I had an original model for my ipad, and felt - and still do feel - that it is one of the best ipad cases on the market. Real leather outer, suede inner. A zipper that worked.  Sure the system used to restrain your ipad was not that great, but it was functional. Until one of my corner straps broke, leading me to ordering a replacement.<br /><br />The new model has a much better setup to hold the ipad in place. But that is about the only thing going for it. The exterior feels like sandpaper, and if it is leather ( which I don't think it is) the dye job is horrible. The zipper is so flimsy and finicky that I am afraid to open and close it. I am sure that will be the first point of failure on this.<br /><br />This used to be a great product. I don't understand what happened with this case. I have owned 3 different iphone cases, and two of the original ipad cases and felt they couldn't be beat. This case makes me feel that I was beat and robbed.<br /><br />Don'y buy it.",,
S2-031,"This LaCie 2TB USB-C hard drive is light, small and very sleek looking.  Other reviewers have mentioned the drive's sharp edges which can scratch a table or couch, so that's one thing to take be aware of when using it.  I found the HD easy to set up and use with my Mac.  I set it up to save files and to allow for the Time Machine backup.  The HD was quiet, has a light that shows its progress and that it is saving files which is reassuring.  While the LaCie 2TB USB-C is pricey,  it does offer USB-C connectivity as well as a good looking product.",,
S2-050,"I wanted a smaller device as a backup to my iPad2, so I bought this secondhand. It was easy to navigate around the contents. I added a N2A(Nook to Android) 32GB microSD card so I can also access android apps and have more storage. Amazon has the best price for that and after installing the card, I can get more out of this device. It was a little frustrating at first to navigate around the android OS but it has been worth it. Sometimes my iPad2 is too large to carry around, and the Nook Color easily slips inside my purse. I am using this mainly as an ereader and note taker. Maybe later I might install some free games. Putting on an antiglare screen helped a lot for when I am in bright light settings. The color and clarity of the content is really nice. I gave this only 4 stars because I think the OS could still use some tweaking. Overall I am pleased.",,
S3-072,This duplicates the input signal to two monitors. Don’t know the max length but used two 10’ cables that worked fine.,,
S1-028,I just feel safer with a protection plan.,,
S2-071,"You know, when before this board was to be released, it was rumored to be at the $200 price point.  If you purchased quality PBT keycaps and an aluminum case separately, you would already exceed the price.  This is probably the best keyboard you are going to get for $130 dollars.<br /><br />This is my first keyboard with PBT keycaps and while it gives the feel of quality, I'm not sure If I prefer ABS instead. There are several layers of programming possible, and you can program any key to just about any other key, or macro key combinations.  Ultimately, this board has more features than I will ever need.  I like that there are no feet; it gives typing a very sturdy feel.  Unless you like typing at a very high incline, but that would be easy enough to make minor modifications to elevate it.<br /><br />If you are looking at this then you are probably also looking at the KBP V60, which costs virtually the same.  The only reason to get that board is you prefer illumination, ABS keycaps, don't need the programmability, and prefer a lighter board.  I also purchased the V60 and am waiting for it to be delivered.  I want to make sure that I am making the right choice.<br /><br />Other boards to consider are the Choc Mini, although this is a lower class board, it may meet your needs.  There is the Ducky Mini which has an aluminum bezel which makes it larger which kind of defeats the purpose of the 60% board IMHO.  There is the Tex Beetle.  These are all at a similar price point and similar layout.  I will post back after I have had the V60 for a few days.  Who knows, maybe I will actually prefer it.  I'm not 100% sure I like the PBT keycaps as they feel like typing on cubes of concrete, although I would be in the minority.  Also worth mentioning is that the space bar kind of creaks when it is depressed.  I'm not sure if it is the stabilizer, spring, or defect, but it is mildly annoying. (One more thing I want to mention is that my favorite mechanical keyboard ever is the Cherry MX Board 3.0.  It is more of an economy board, but the keystrokes are the smoothest, the board is quieter, and it has great low profile keys which really do make typing smoother.  I don't know why these have not caught on).<br /><br />Edit: I wan to add that have since purchsed the Poker 3 LED.  It gives typing a different feel.  In comparison, the PBT keycaps make the keystrokes feel stiff and mushy.  I actually prefer the LED version with the ABS.  They are fairly high quality, not the crap you get on a typical Dell keyboard.  My preference for ABS goes against the grain as most prefer PBT, but this is all subjective.",,
S1-056,"Compact, sturdy and works well with my Amazon Fire HD 10 Tablet!",,
S3-024,"That's a line from a Gin Blossoms song, that fit's these speakers. I wasn't looking for something to sound great, just something that didn't sound terrible, was small, and I didn't need another A/C power cord to run. This fits the bill and they will work when I just need a temporary or non-musical speaker.<br /><br />Otherwise, the sound is tinny and mediocre. They will work for what I need them for, just don't expect great sound.<br /><br />PS-Read all the other reviews about the annoying lights and didn't think it was a big deal. My new PC powers the USB ports even when the computer is off, so these lights are on 24/7 unless I unplug them from the computer. Annoying and useless.",,
S3-035,"Great cable.  5 stars for working.  The angled head is unique - and great - for using a side port on your TV, especially if you use it permanently - because it will keep your cable from showing.  Seems like it would take some effort to meet all the latest HDMI standards with an angled head, but this does.",,
S3-020,"this really deserves 3 stars.  its not terrible, but its not great.  first is sound quality.  its not terrible.  2nd is limited distance.  its not terrible, but not great.<br /><br />I wish I had found a better product.",,
S1-094,"I ordered the 'Emart Heavy Duty C Stand Max Height 10ft /300cm, Adjustable Photography Stand with 4.2ft/128cm Holding Arm 2 Pieces Grip Head and Baby Pin for Photography Reflector, Softbox, Monolight' for review and would like to share some of my thoughts.<br /><br />I have been using this C Stand for some time now and I would like to first say that this is my very first C Stand so I don't have anything to compare it with but I can say that this thing is a beast and is very sturdy. It was very simple to set up and I appreciate the fact that it comes with the Baby Pin, which I use all the time with this stand. My only complaint is that adjusting the arms can be a bit of a pain as you really need to loosen them quite a bit, then pull them apart manually to separate the teeth to allow the arm to freely move. Not having had or used a C Stand before, I am not sure if this is a common issue with other brands or not, but I would think that there would be a spring in the arm mechanics that would push the teeth apart when loosening the clamps and make the adjustments a bit easier.<br />With that said, I still love this C Stand and would highly recommend it, as it is very well built aside from the clamps issue. It is as described, and very heavy duty indeed.",,
S2-070,"I ordered this lens and filter kit to go with my Samsung NX300 with the intent of expanding the capabilities of the camera without spending a fortune. I looked at several different kits before settling on this one, based on the price. I will admit to being a bit apprehensive about the cost in relation to the number of lenses and filters in the kit (presently this kit sells for less than $35 on Amazon as I write this) but my concern was ill-placed - this is a good kit.<br /><br />I will start off by saying that I am not a professional photographer by any stretch of the imagination. I could be best described as an enthusiast who is trying to learn as I go.<br /><br />I have experimented and played with many of the various components with this kit, starting with the 2.2x telephoto lens. This is a chunky item, which should be expected as it is a glass lens. It attached without issue to my 18mm-55mm OIS lens and I was able to use it almost immediately out of the box. It took me a little fiddling at first to get the focus just right as I am still learning with the camera but once I figured out the manual focus I was able to improve the zoom range with the telephoto lens in place. This, to me, is worth the cost of the kit. One thing I did notice, however, is that when the telescoping zoom is not fully extended on the regular lens, this lens adds a shadowy blackout area around the perimeter of the image that fades when the zoom is telescoped out.<br /><br />My favorite component of this kit is the .43x wide-angle lens which works surprisingly well with the camera's included lens. It is another chunky item like the telephoto lens and it attaches easily as well. Even at closer ranges (15 feet or so) it allows the camera to capture appreciably more than the regular lens, without distortion. This is probably the one component I will use more than the others, and again this is an accessory that is worth the cost of the kit. This lens is not going to give the same quality result as a dedicated wide-angle lens but the price/quality tradeoff is worth it.<br /><br />There are four close-up lenses in this kit that vary in strength. These are fun to play with though I did start to get a lot of edge distortion when using the strongest lens. This is not a problem as there are times when this kind of distortion is a good thing. I was able to get similar close-up shots - without distortion - with the Samsung lens but it required a lot more effort. Interestingly, one of these lenses had a smudge on it when I removed it from it's cellophane envelope. A quick wipe with a microfiber cloth did a fine job of cleaning the lens but this puzzled me - why was it smudged?<br /><br />The wide-angle lens comes coupled with a macro lens that is absolutely astounding for close-up shots. I use this lens for taking pictures of pattern weaves, close-ups of surfaces, animal fur and other interesting subjects (the knee of my denim jeans makes a really interesting background shot). It works even a little better than the close-up lenses and is likely going to be the only lens I use for when I need a really detailed close-in shot of something. Though this lens outperforms the close-up magnifying lenses it requires decoupling from the wide-angle lens before it can be used and this is a minor hassle.<br /><br />The kit includes a UV filter, a CPL filter and a FL-D filter. I used the CPL filter while experimenting and the result was minorly disappointing but I figured that was due to unrealistic expectations. It did tweak the color profile just a little but not dramatically like I had hoped. The FL-D filter was another story and gave the whole picture a completely different color profile. It is designed for use with fluorescent lighting (which means it should be used a lot when indoors) so when it is used with incandescent lighting it give a very eerie and unusual hue to pictures. With my lens I can adjust for fluorescent lighting electronically so this isn't a lens I necessarily need but I still like to mess with it. I have not tried the UV filter.<br /><br />The cleaning kit is an important item in the kit, for removing dirt and smudges from the various lenses without using a harsh cloth. It's very basic but is a fine start - cleaning spray, cotton swabs, a microfiber cloth and a squeeze duster for puffing away particles when a full cleaning is not needed.<br /><br />This kit includes a couple of other miscellaneous items as well, including a miniature tripod for a desk mount and a 6-compartment memory card storage case. These are nice-to-have extras, though I confess I am thoroughly unimpressed with the tripod which is a flexible bendy-leg tripod that does not retain the position in which it is set when supporting the camera, so it really is of little use. I continue to mess with the tripod, though, as I am sure I can get it to work in certain scenarios.<br /><br />The main negative I encountered so far was actually the manner in which the kit was packaged and shipped to me. Everything was in a large plastic envelope bag with no padding at all. What would prevent the items in the kit from being crushed in such a shipment? Fortunately, all items were individually wrapped in small and sturdy cardboard boxes and one of those boxes was actually slightly crushed though there was no damage to the merchandise inside. Something like this should be shipped in a larger corrugated box, to better protect everything.<br /><br />If you have a Samsung camera for which this kit is compatible, this is a very good kit to extend the capability of the camera without breaking the bank. The various lenses add range and effects, the filters are nice to have on hand and the extras are icing on the cake. At the current pricing, this is a very good deal.",,
S2-100,"Even though I have always had an interest in astronomy I was never able to work a course in this subject in my college schedule or afterwards.  When I saw this telescope offered I realized that now I had both the time and the means to explore my interest a bit further.  I had very little difficulty setting the scope up, and spent some time familiarizing myself with the various components.  I practiced using this by checking out objects in my neighborhood, and managed to get an 'up close and personal' view of some birds in a neighbor's yard and quickly realized that this scope was powerful.<br /><br />That evening I took the scope to an upstairs window to see what I could see, and despite the pesky street light was able to get a great view of the full moon (btw did you know that it sparkles a bit?).  I saw details that I had only seen in photos before which was fascinating.  Then I decided to take a look at Mars, which was near the Moon that evening.  That is when things got complicated.  The finder scope and the main scope need to be synced, and I don't know how to do this (yet).  With some fiddling, and aided by Mars' close proximity to the Moon I was able to find Mars, which was exciting but for some reason it was distorted (it had a starburst appearance).  My husband and I fiddled with various lenses and combinations to try to eliminate this but were unsuccessful.  The experimentation was further complicated by the touchiness of the stand....it was difficult to make small, smooth adjustments and to keep the scope locked in position.  Some of this is no doubt due to our in expertise, some I think is due to the equipment.<br /><br />My enjoyment of this scope would have been much greater if more instructions had been provided.  We discovered, more or less by accident how to lock, at least partially, the scope into place.  We managed to make some focusing adjustments by trial and error.  Even some rudimentary instructions in a small booklet or even a sheet or two describing how to adjust, focus and lock the scope as well as an illustration of the scope with all the components clearly labeled with a brief description of their function would have been greatly appreciated. This is a basic instrument, one that will primarily be used by beginners or novices who will not necessarily be familiar with this equipment.  Basic instructions should have been included.  As it is my unfamiliarity with the various aspects of the telescope make following many of the instructions I do find on-line difficult to follow.<br /><br />Despite this problems I am enjoying my new toy.  I found the stand to be steady, and the tray located on the stand to be a handy place to put lenses and covers.  As I mentioned earlier this is a surprisingly (at least to this beginning user) powerful scope.  I'm going to play around with this some more, and will probably upgrade some of the lenses and add some accessories based on my experiences.  Besides star gazing I think this will be a great item to watch birds or wild life, and it is certainly portable and forgiving enough to take on a camping trip.",,
S3-081,"I don't know what the fraction is. But when I received the item, there are some small broken pieces inside and I can hear the sound of it. I tried to make it out but it's very hard. So it has sound until now.......... BTW, the signal is good.",,
S1-080,Works just perfect so far.  Just had it for a week.,,
S1-023,the only thing i can think of that would make this puppy better is if it could control cable channels.,,
S2-096,Easy to use. Volume control is low and can't be overridden so on the plane it was hard to hear.  Quality was good. Holds up in luggage and with a 3 yr old.,,
S2-016,"This new AmazonBasics iPad Smart Case with Auto wake and sleep will fit the new iPad Air 2 tablets. It has a hard back and a soft front. The front can be wrapped around and inserted in the middle of the back and used as a stand. For the price point, this has all the cutouts in the right place and you won't have to remove the case to charge it, insert audio into it or take photos. I was concerned about the camera portion but when I tested it, it worked just fine. One thing I found interesting, is that inside the box was a sticker to prevent mold. First time seeing that in a box, but living in Florida, it is a great idea.",,
S3-064,"As another reviewer mentioned the wrinkles do not come out. I tried and tried but nothing so I gave up and just hung it up. Thankfully you can't see them when it's hung up and taking pictures. All in all it's a beautiful backdrop, my family loves it that everyone is taking turns to take pictures infront of it with their family. It was a great investment!",,
S1-078,"After a bad experience with another flat amp antenna I purchased the leaf for just over $50 .<br />It picks up 19 stations in the ""low country"" around a lot of tall pine trees.(20 is the max number of stations in a 60 mile radius here with any antenna according to the TV manufacturer).<br /><br />You can paint the ant/ cables to match the walls. Comes with push pins for walls and Velcro for wall or window if you want them.Also has a plug into TV for the amp or you can plug into the wall like I did so it isn't hampered by the surge protector.<br /><br /> I get ABC, CBS,NBC,FOX,THIS,3 PBS stations, 3 Christian channels,a Spanish channel, WE,GET,MY,BOUNCE,YOU TOO, one music video channel and one other. The reception on all (but 2) is exceptionally strong with no blips in power even if you cannot put it in a window. I have mine hanging behind my curtain and most channels get 90-100% station strength almost constantly when 35%, even 30% will give you the station clear enough to watch a program with very few ""blips"" in reception.<br /><br />I am enjoying not adjusting the Rabbit ear antenna (when I watched certain channels) even though it worked *good* enough for the money.<br /><br />If you had another antenna before that only picked up 5-13 channels (for exp.) and you switch to a more powerful one like this, remember to unplug your TV a good minute before re- auto programming ( I forgot at first myself) as some TVs seem to ""remember"" how many it gets and stops at that number.<br /><br />No need for an ugly outside antenna with this one.<br /><br />When I use my hair dryer or turn on another ""power draw"", it doesnt get the interference the previous amplified antenna had, so probably uses less electricity, yet pulls in more stations.<br />I'm very happy with it. I get more channels than my basic cable had that I enjoy watching also.",,
S3-098,"If you are new to sound systems, this is a good way to start. Set up is simple and their are plenty of options to customize. the sound quality is good nd you can add on speakers for a more immersive experience. It is a sleek unit, fairly lightweight with  clean modern look. Igt is not heavy or clunky oir oer complicated. The pre-sets wereactually appealing to me, somelthing that is fairly unusual. It is something that can be used by all members of the household to adjust to their preference. My mother is elderly and she can adjust it soshe can understand conversations on the t. My brother likess to  ply music. there are pricier options out there but for our purposes this one hits ll the sweet notes.",,
S2-069,I had the original stick and like most technology I noticed it glitching and freezing and restarting more and more! It was maddening so I finally snagged a new version and I’m so glad I did! Not only can I now tell it to open my ring front porch camera but I can now control volume and turn my tv on and off with the remote! This was so worth the upgrade and what do you know!......freezing and glitching is gone now!,,
S2-041,"Have both the 10x42 and their 12x42 binoteck brand binos. This review is for the 10x42. For the price point, these are very good binos for reqular use between me any my kids. TBH, when compared to their 12x42, they seems identical. The 10x42 is slightly less than 10 power, but extremely close, compared to my other name brand binos.<br /><br />Kids are hard on binos (dropping, touchy, etc.) and they have held up well in the past week we have used them. The texture on the binos have a solid grip and it would be hard to have them slip out of your hands, even with gloves on.  Compared to more expensive binos, I am very impressed by this product.<br /><br />I find that prism binos are much easier on my eyes and these fit the bill. For well lighted conditions, the images are crisp and clear. These are ok for lower light conditions but if that is important to you, then you are easily going to be paying LOTS more for a named-brand binos to get the extra clarity/crispness needed in those conditions.  This was a balancing act and it worked for my purposes. I can keep a pair in the truck and not worry about them being stolen.",,
S2-054,"The primary purpose of this speaker is to have something louder than my phone in the shower, around the pool, or at the beach. For the price, it is a good solution.<br /><br />Battery life and portability appear excellent.  Very easy to connect and it can get fairly loud without significant distortion. In terms of tonal quality it’s not bad. Very mid-range heavy. I typically find myself using an in-app EQ to boost the highs to get more clarity. It’s a small speaker so don’t expect any bass.  At the beach with constant ambient noise, this works.<br /><br />Biggest drawback is poor Bluetooth reception. 10-15ft and it starts dropping out badly and it’s even worse if your body is in between the phone and the speaker. I don’t have a big pool but i can’t be on one side with my iPhone 11Pro and have a clear, consistent connection to the speaker. If Bluetooth reception were stronger, this would be 5-stars for value. But again, for having a little music while sitting with a friend at the beach, it works well enough.<br /><br />For the price, I’d recommend it as a good value.",,
S3-056,"🙁. Disappointed the price has gone down lots🙁. Also I find it big for my living room and the sound could be better, for the price I paid.<br />The base is so loud I only use it when company comes over.<br />I actually thought I could hear the YV in other rooms of my house with the sound bar but 🙁 not🙁<br />Also cannot connect my iPad Pro my iphoneX to the sound bar",,
S3-007,"I liked the style & fit of these glasses, but I noticed a tinny sound in one ear when the audio was made louder. I contacted the company & they offered to do an exchange. Instead I chose to order a second pair of glasses to compare the audio. Just as I suspected, the audio in second pair of glasses was just as bad. These glasses are advertised as ""Youth"" - I would hate to think that the company was just being sloppy with Quality control because kids would be as critical as adults.",,
S1-090,"I bought the small one for my Fuji X10, and it fits perfectly with no wasted space. I can use the straps on my camera to carry it as a shoulder bag, or stuff it into my backpack with no worries. I like the little pouches inside - perfect for battery, charger and plug adapter!",,
S3-040,"This was purchased to run a storage operation for my movies, photos and digital archives. My son set it up and it is wonderful. Perfect for the needs we wanted it for.",,
S3-026,"The picture quality and the price are the major selling points of this home security system. The 3MP resolution gives you super high definition so you can see every minutes detail. The upgraded night vision is also commendable. This system comes complete out of the box. Four cameras gives you good coverage on most properties. You can always add more if you need them. Overall, I highly recommend this product.<br /><br />Thanks so much for taking the time to read this review.  I hope the information that I've provided helps make your decision a little easier.",,
S1-021,Easy to install. Works perfectly. No hassle or issues here. Microsoft once again has another quality product. My Xbox 4gb now has room for all my downloads.,,
S2-066,Nice wireless keyboard. Easy instant plug and play and good signal connection. Keys press easily but provide nice resistance. Some clicking but isn't overly loud.<br />Mouse is small and comfortable.<br />It's a bit annoying that the mouse and keyboard run on a different size of battery (AA  and AAA). No off switch either that I found so you have to remove the battery to preserve if you don't use it often.,,
S1-057,This is exactly what I needed for my basement.  This is great for gamers with the usb ports close by.,,
S3-010,"Despite this headset advertising as bass boosted, this is probably the least amount of bass I've ever heard from any headphonez- including cheap $20 ones. The headphones themselves feel cheap and are uncomfortable. If you're looking for nice headphones look elsewhere.",,
S3-068,I returned these as they hurt my ears. Nothing was as described. There was no noise cancelation. Sound quality was poor. Headphones are bulky and not easy to store. Save your money; there is nothing to like about these headphones.,,
S2-002,"The Logitech Folio Touch is a JOY to type on. I really love typing on it — I’m writing this review using the case. I’ve typed quite a few long documents on it. I turn to this keyboard when I want distraction-free writing.<br /><br />The keyboard reminds me of Apple laptop keyboards before the disastrous butterfly keyboards. The keyboard is backlit, and the brightness of the backlighting can be adjusted via the function keys. The row of function keys is another good feature for me. I find it much faster and easier to adjust the iPad’s brightness or volume using the function keys.<br /><br />I downloaded the Logitech Control app, but it doesn’t seem to give any options for customizing the keyboard. All I see the app do is check for keyboard firmware updates. When I wanted to change the trackpad scrolling direction, I had to hunt through the iPad’s settings — I thought that would be in the Logitech app. (I learned those settings became part of iOS, so the Logitech app seems … unnecessary.)<br /><br />I don’t really like the trackpad. I’ve used Logitech mice for years. My current daily mouse is the Logitech MX Master 3, so I *know* they can do a good Mac mouse. But I just feel like they dropped the ball with this trackpad. The trackpad works but it could be better. I notice drag at times, and I don’t like the noise or tactile feedback when I click it. I can adjust a few settings (scrolling direction, tracking speed, tap to click, and two finger secondary click) in the iPad’s General Settings, but I want to be able to customize more through Logitech.<br /><br />The corners of the case are reinforced. The bumper is a bit thick, too thick for some hubs or USB-C cables to fit without using an extension cable. There is a cutout for the power button so Touch ID can be used. There’s a spot for the Apple Pencil, it can rest inside the bumper or fit through a slot on the latch.<br /><br />The Folio Touch pairs via the Smart Connector, so it’s super easy to set up: just stick your iPad inside and it’s ready to go. The iPad powers the keyboard, so I don’t have to remember to charge it, which I like. I haven’t noticed it being a battery hog.<br /><br />Overall, I really like the Logitech Folio Touch. I actually use my iPad more now, since I like typing on the keyboard so much. The case has made my iPad more functional for me.",,
S1-008,"Great smart cover, half the price. Looked brand new!",,
S3-080,"I set this system up in an hour (replacing an existing similar system.  They were easy and quick, plus they have a great signal strength.  I may buy another 2 nodes though, so it can reach my yard as well!",,
S1-044,You cannot beat Samsung when it comes to  SSD.  I have tried others and nothing compares to performance and ease of setup.  I know own about 4 drives in different desktops and laptops.  No problems at all.  If you need to spend a little more to buy Samsung it will be worth it in headaches.,,
S2-025,Great for connecting motorcycle instruments.,,
S3-044,UPDATE: OMGGG this thing SKIPSSSS  and crackles .......its going back !  i spoke too soon<br /><br />i think i FINALLY found the bluetooth speaker i needed for my google home mini  this is the 4th  one i got  i returned the others  ... if the battery lasts  as long as it says it does and  it recharges for a while ill be even happier with it !!!!!!  Amazing sound and its actually bigger than expected but that's OK too<br /><br />Well its going back  it just skips and crackles something awful,,
S2-023,"I'm a big fan of the 8x32 style of binoculars. These aren't as bright or powerful as the 10x42 or 8x42 binoculars on the market, but they are 1/3 to 1/2 less bulky and lighter weight. I'm more of a hiker than a birder, so when I'm hiking 20 miles, the extra weight and space in my backpack is very noticeable. Realistically, the larger 42mm binoculars are mostly brighter than the 32mm size at dawn and dusk, which is not when I'm hiking. 8x vs 10x is a personal preference, but a lot of people prefer 8x because the image is easier to hand-hold (in addition to the smaller size and lower weight).<br /><br />Celestron makes a wide variety of binoculars, including a lot of basic-quality entry-level stuff that is not built very well and doesn't perform very well. This TrailSeeker ED model is a big step up from entry-level, both in price and performance. This model isn't quite as good as the top-rated 8x32 models like Nikon Monarch or Zeiss Terra, which both sell for around $400, but I think it is at least as good as any of the competition selling for under $300 that I have tried. I see a bright clear image with no noticeable chromatic aberration. Field of view is much better than most 8x32 binoculars and the image is sharp over a wider area than other under-$300 binoculars that I have tried. Field of view is very useful if your subject moves quickly or unpredictably (birds, wild mammals, sports athletes, etc). Build quality has been very solid and reliable for me so far.<br /><br />Some people complain that the Celestron warranty is not as good as the competition and this is true. Some of the other brands have a ""no questions asked"" return policy for a good period time. Celestron's warranty is very limited in comparison, so definitely take that into consideration, especially if you are hard on your equipment.",,
S2-051,"First some reviewers have said that it is plastic mount. The bottom of the lens is plastic but the mount itself where it touches the camera is blackend aluminum.<br />I have used this lens on a Nikon D200, D300 and currently on a Nikon D7100.<br />It has the field of view of about 45-450 mm lens on the DX cameras.<br />I  have been using this lens for 5-6 years. It is reported that the AF is slow, well I have made bird photos with the D300. I have used it in very dusty conditions.<br />Lab tests show that this lens has some distortion and is sharp enough for digital displays and 8x10 prints.<br />I have used this mainly for landscape and close ups, I am pleased with the results.<br />All in all, it's a good, cheap lens.",,
S2-028,"We had a problem that occurred within the first year that required us to return the projector.  BenQ fixed it and sent it back to us.  Other than that one issue, it has been a great purchase. We have owned projectors before, and this one is the cheapest in price and the best in terms of picture that we have ever owned.  We use it all the time. I hope it continues to be a reliable product once we go beyond the 1-year warranty.  It's not too loud, although we live at 4000 feet so I have it in high elevation mode.",,
S1-099,Can be a little bit better.  Sometime it doesn't know the answer.,,
S3-029,Picture stink. Sound volume stinks. Some apps won't load. I doubt I will ever buy a tcl tv again.,,
S3-014,"Puts out a phenomenal signal that reaches way beyond what you'd expect. It's in the bottom corner of our 2 story, 3200 square foot house and powers everything, including the exterior cameras, perfectly.<br />User interface is tolerable but has limited features... and it doesn't assign consistent IP addresses by device, so device management is a nightmare.",,
S1-081,It said free but they were not sent back,,
S2-008,Purchased when I discovered that my previous camera had not microphone. This was easy to install (plug and play) and audio/video are good quality. Happy.,,
S3-085,"I got this because I needed a basic router that could handle multiple connections and not break under the strain.  I needed all 4 ports for a desktop (gigabit Ethernet destroys wireless for ping on multiplayer games!), PS3 (same reason), and two networked printers.  I also have three or four devices that connect wirelessly.  This router was easy to set up, had good security options and seemed to work fine for a couple of months.  But I found that YouTube on the wireless connection with a Windows Update running means that my Android smartphone net speed slows to a crawl.  I pay for a 20mbps connection and Speedtest shows that this isn't giving it to me.<br /><br />This router cannot handle multiple connections very well.  Downloading large open-source code packages via P2P networks chokes the pipe to a crawl OR kills it altogether until an unplug and restart.  I have a 1000 square foot apartment with this in one bedroom and when I'm on the other side of the apartment, I don't get full signal.<br /><br />This is a good basic router for a single user who primarily streams YouTube or Netflix to one laptop at a time.  If you are a power user or really need good range, then you need to spend more money on a N600 or N900-level router.  Additionally, since this router does not specify compatibility with IPv6, a more expensive router might be more future proof.<br /><br />I never used the USB port so I can't comment on it.  I never flashed Tomato to it, so I am not sure if that it a good thing or not.  I just know that this router is not really optimized to take advantage of superfast modem speeds.",,
S3-082,"edit: 7/3/2020<br />5 months in and it just died. Was sitting on my desk, I shut it off one weekend, came home 3 days later and nothing. It had power but no boot. Ended up sending it in to Lenovo for repair and they are claiming out of warranty due to spill damage which is totally wrong. I contacted Amazon and they are letting me return the item directly to amazon minus a restock fee. I guarantee there was no spill damage and I use to do tech support for HP, that was a common line agents tried as it was their job to deny as many repairs as possible. So I can no longer recommend this PC or Lenovo in general. I had a bad experience with their Rift S with oculus as well. Just not built to last. and support is obviously borderline scam. Stay away from Lenovo.  far away. It also took them 3 months to ship me a stupid box only to try pulling this scam on me. And guess how much they wanted to repair it. 486 bucks!!! I only paid 430...  lol  What a joke!  but Amazon support as always is amazing!<br /><br />old post:<br />I have had flip laptops like this since 2002 in college. They test piloted this feature at my campus.  I have been addicted to this type of laptop since and haven't had one for a while.... I swapped the 4 gigs of replaceable ram out for a 16gb sodimm giving this laptop 20gb of ram. I wouldn't recomend doing yourself unless you know what you are doing. Removing the RAM cover was moderately difficult without proper tools. I used the plastic piece from the ram where it hangs on a hook to pop the clips open. But this is a laptop, a tablet, a tent, it's just great so far... It's small and packs a lot of power. Anyone complaining about battery life doesn't understand this thing is powerful.... It's comparable with my 2 desktops which are a ryzen 2700x and 2600x both water cooled. so... That is quite a statement to make comparing the two with one another. The only thing I don't like is the USB ports are very very tight, I am afraid I will break them unplugging things they are so tight... But I am hoping they break in a bit, otherwise I may look for a short extension cord to keep plugged in permanently. or maybe a hub that has a looser plug that fits this thing better. I know that will break eventually with such tight connection... I have seen it before so just be careful... EVen without upgrading the memory this thing is great. It was on sale for 595 bucks new or 500 used. I got it used (knowing it couldn't really be used, which it wasn't, just damaged box) and I had a 60 dollar credit from getting the amazon card. So the whole thing with memory cost about 500 even. I order the Corsair 16gb SODIMM from Amazon btw,  I wasn't sure which sodimm to get, but I trust Corsair and I chose wisely I think. works great.  The fingerprint login button is also amazing. which I find it funny I am saying that since that is not something I would really consider getting given the choice.... The Vega 10 also is amazing.  this plays World of Warcraft at low settings perfectly fine, 30-45 fps, I didn't try a raid yet but dungeons are no problem. but raids will likely be a bit laggy, but I'm just speaking from past experience with other machines. Diablo 3 worked great, and I hook my Oculus Go up to it via VR Desktop.  It works amazingly on that end and I would recommend this machine just for doing wireless VR with the Go/Quest..  Assuming it keeps working for me into the future, I made a good buy on this one. Been eyeing up a new laptop for several months now.  I would get this one if I were you. I have 2 computer science degree and run an AI startup company. So I think my advice carries some slight weight :) lol<br /><br />Upgraded RAM or not, good machine.  Only thing I haven't been able to adjust yet is the dedicated video memory being used. The normal bios tricks aren't working and since I have 20 gb ram, i want 4 dedicated to video and not 2.gigs as default. so If anyone knows the proper method for this machine, let me know!  I'll prolly figure it myself here though in the next coming days...<br /><br />Again, buy this laptop. I swore I would never buy another lenovo product after buying the Oculus Rift S (since it was produced by lenovo and oculus in partnership) But I feel I was wrong to make such a harsh judgement after using this machine and also after dismantling it and looking it over....  It won't survive any extreme use, so treat it well. but how could it with such a small form factor..<br /><br />The only issue I have noticed is with the wifi as I have read from other users as well. I have had the wifi board crash one time already. solution was to disable wifi and re-enable. trying to reconnect would fail until you do this.... So, that is somewhat annoying if it happens with frequency....  I will update on this issue as time continue....<br /><br />also on the wifi note, it can connect to wifi and share the wifi to other machines via hotspot with no difficulty, I tethered my oculus Go to it this way. nice... some lan cards can't do this well...<br /><br />edit: had several more wifi drops. i did a BIOS update with the lenovo app, and changed the power settings in power options for wifi to best performance, it was set to a strange sleep type low power setting. I'm not sure if it was the power options or the bios update but all is working well so far now, knock on wood...",,
S3-037,"I thought I was getting an older Bose in good condition.......<br />This radio is so bad, bad sound, static, not even clean.<br />I would advise  &#34; Do not purchase&#34;",,
S1-068,We received the baby pink computer case. We first ordered the wrong thing which was completely our fault. The seller was very kind enough and sent another case.  The case fits perfect and I especially like the color and keypad cover. The seller was very nice and responsive. The color is just how it is described. I would completely recommend this case.,,
S1-049,"Bought as a birthday present for my grandson, he got his first tv in his room! He says it is very good!",,
S3-078,Liked it when it worked properly....  would just drop the sound.  Became more and more frequent.  Got a replacement it was a refurbished one apparently in way worse shape than mine..it was all kinds of wrong.  Got a refund but had to call and explain everything many times.  Then again to get the full amount refunded as they only gave me a partial one to begin with.,,
S2-098,Installed easily on the back of the camera and it appears to be able to do the job for which it was made.  No interference or distortion with the viewing area.,,
S1-043,A great replacement clicker. Especially when one of your buttons doesn’t work.,,
S3-094,"These headphones adjust about an inch up on both sides. They are comfortable, they are padded on the ears and at the top. They have good sound control for kids. On the highest level, you cannot hear anyone else speaking so they are noise cancelling, and the volume is not deafening. They are durable also and have nice graphics. The cord is about 3.5 feet long. This item has a year warranty that covers any defects in material or workmanship.",,
S3-025,I got this cooling pad for my friend and he loves it! He uses it for his office and it cools down his laptop very fast. He has a no fan MacBook so this is perfect for him!,,
S1-087,I actually prefer the regular AirPods.  With the pros there is almost too much noise cancelling.  I also hate that you can’t tap to skip or make adjustments.  The thing u have to do with pros is moser difficult and not as effective.,,
S2-076,"I enjoy the screen very much.  More extras than I know what to do with, like the equalizer screen.  Looks great, graphics could be better, but good enough for the price.  Has a lot of features and was easy to install.",,
S2-065,"If you want a 10"" tablet for reading books and watching videos/TV shows/movies and can't afford more money than this (price regularly drops to $100), then this is good product choice. Performance is fine for e-books and videos, but sometimes sluggish for intense game playing, photo/video editing or even text editing. The SD card slot lets you store lots of TV shows and movies and use the main memory for apps (which often work poorly if stored on the SD card). Kindle e-books sometimes work much better on the Fire tablets than on ipads or Android tablets, especially if the books have embedded audio or video. The user interface revolves around the books and videos that you bought from Amazon. With a considerable amount of work, you may be able to replace the user interface with a more standard Android launcher that focuses on your apps and files. Realistically, the performance of this tablet clunky enough that I don't recommend it unless you are mostly using it for e-books and videos, so maybe changing the user interface is not worth the effort.<br /><br />You should also ask yourself if you are using the tablet for mostly e-books and videos, do you really need a 10 inch screen? The 8 inch Kindle Fire tablet has similar performance and a much lower price and is also lighter weight and less bulky, making it easier to use in many situations.",,
S1-092,"The saying &#34;You get what you pay for&#34; Best describes this product. A disappointment, Did NOT work, Tried several different things to make it work with NO luck, Switched selector to different positions, Tried different composite wires, Tried different devices, No luck",,
S1-083,"Bright white Echo Dot looks exactly as pictured.  I cannot tell the difference in performance from first generation Echo Dot.  Dropped one star for having a black top, cord and charger.  I knew this when i ordered but still don't understand why they would not have made the top white and the cord white (like the white Echo).",,
S2-082,"I hear absolutely nothing when these are in; they cancel out all other noise, and the volume goes way higher than I need. These are good to get.",,
S3-043,"These headphones look pretty good coming out of the box. The cord is a bit kinked and doesn’t seem very flexible.<br />In use, they are just decent. The sound is a bit too thin. Not a great response to bass frequencies and the sound seems a bit weak and “spaced out,” as though the buds aren’t all the way in your ears.",,
S2-085,"I needed an inexpensive DVD player to use in the basement, but still wanted to have good picture quality. I gave this a shot (bought it used) and have been more than pleased with the results.<br /><br />Setup was a snap if you have an HDMI port (basically just plug in the HDMI cable, plug in the power cord, and you're done!). The on-screen setup menus were decent. Lots of options to choose from including several picture quality choices. The manual sort of explains the options, but some ""lets see what this does"" is helpful as well, especially with the picture quality options.<br /><br />The player feels a bit ""tinny' but that's pretty much par for the course for low-ended DVD players. The remote is decent - the buttons could be bigger, but it's acceptable. No eject button on the remote, however, which was an unexpected omission.<br /><br />The picture quality is excellent - rivals a much more expensive Oppo DVD. Much, much better than I was expecting at this price point.<br /><br />I've tried to unlock this to play region 2 disks but have had no luck. Tried a couple of options listed on AV discussion boards, but so far nothing. If anyone has had success unlocking this to play something other than Region 1 discs, I would love to hear how you did it.<br /><br />Overall, a great DVD player, and a good value even at the regular price. Highly recommend.",,
S3-032,"I absolutely love this power strip! Super<br />Easy to set up, the Kasa home app walks you through everything and I love that every port can be controlled separately! This thing is great!",,
S3-092,"This a great item, it works well and is easy to use.  I gave the sound quality 2 stars and an overall of 3 because the aux out jack is very noisy(alternator whine) I have tried many different cables and it doesnt go away, the whine can also be heard when using the FM mode in the lower frequencies.  It's not bad for the price and it wouldn't be fair to give it 2 stars.",,
S2-022,"I have a Noctua NH-D15 in another case that I use as a workstation. When I was building a Ryzen x570 with a 3700x system I wanted to install something that was more manageable and was more sturdy (I had to ship the end result).<br /><br />Heat and noise<br /><br />I was concerned that the end result might be louder, but it ended up working rather well. I settled on a slightly higher idle temperature of 45-50c for the CPU to keep the fans from revving up and down. In the end the issues I had with my build were not with the CPU but rather with the south bridge of the x570 instead.<br /><br />Clearance<br /><br />I had no issue with clearance with the board and ram.<br /><br />Sturdiness<br /><br />There was no damage to the heat sink. I shipped with fedex in a double box in a fractal define C case.",,
S1-016,Not impressed with this product. Not working now and can't return.,,
S2-089,"These are a good value for the price. I've got a competing brand's binoculars that are very similar, cost 25% more, and aren't quite as nice. These Bushnells are clear, bright, and sharp. There might be some color fringe, but if so, it's really small, unlike my others. All the adjustments are firm and smooth, with no rattle. I've got four pairs of binoculars, and these are the first I'd grab on most occasions.",,
S2-047,"What's to rate on this? If you're looking at this listing, you're pretty much sure this thing does exactly what it's supposed to - split a 3.5mm head phone jack into two separate RCA channels for connecting to things like amplifiers and recorders. Cable is braided and pretty flexible, there's no static in the line and seems to be well shielded to not pick up any interference from a power supply the cable runs next to.",,
S3-047,This PoE switch works very well. Everything going through it runs at a good speed. The price is excellent.,,
S3-060,"No better reception as one I have without an amp, actually it seems less strong but I am not a professional!",,
S3-046,"My new laptop came with no ports that match my monitors’ connections, so this cable has been a lifesaver. Works great, and inexpensive.",,
S3-061,"This is a nice, cute little digital frame. Perfect for an end table or something. No complaints about setting it up, the picture quality, or the weight. I'd recommend it for anyone wanting a good quality digital photo frame.",,
S2-019,"[[VIDEOID:f7e7d074f3f059b557b3af2376f73a58]] I really like this power strip. It solves the problems that I have encountered from other strips. The 6 outlets are spaced apart so it makes plugging in items a lot easier and convenient.  The 4 USB ports charged my laptop and phone quickly. I think the design is very pleasing and has a new look. The 6.5 ft extension cord is what I actually needed to plug in my current devices. I like the idea that I can take it with me if I travel. This model accommodates the power requirements of the US, UK, EU and AU. I highly recommend this power strip to meet your needs.  I was given this product in exchange for an honest review.",,
S1-096,I ordered case for iPhone XS.  I have no clue what this fits.  Wayyyy to big,,
S2-038,"If you go through a lot of canned air, this blower, though a bit pricey, will eventually pay for itself. It's really convenient since it is battery powered (and rechargeable). It puts out a stream of air that to me seems a lot stronger than canned air. It comes with an extension to reach into small places and direct the air flow.<br /><br />It is pretty loud though. That's the only negative, but not enough of one to deduct a star.",,
S3-003,"The sound quality is not the best, and cuts in and out. The battery is terrible to charge and dies very quickly. They are nice when they are working as they should but that does not happen often.",,
S3-091,"This is a basic tablet. Had no problems setting it up. The screen resolution is okay but it is slow. Sound quality is sub par, bearable but not the best. It is good for a kid or as a back up. It is fine for simple tasks where speed and optimum performance are not essential. The price is right. If you temper your expectations it is an acceptable entry level device.",,
S2-086,"I used this on a trip to France and Spain for charging my electric toothbrush and it worked perfectly.  I saw another review with a video reporting sparks and noise, that was not my experience perhaps hers was a defective unit.<br />I love that it's so light. I had one before with a transformer that was so heavy it came close to putting me overweight on my luggage.<br />One note: for most computers and units with a battery pack, they do the step down automatically, check your manuals. In that case you only need an adapter and there are many cheap adapters at Amazon.  Make sure ulyou don't buy this if you don't really need it.",,
S3-012,"My wife loves birdwatching and our teenage son enjoys stargazing so we have an assortment of binoculars and inexpensive telescopes. Before this monocular I had never used one and even though I have not had it very long at all I am already very pleased with it. Though it is ideal for bird watching and field work, it also will work as an amateur telescope.<br /><br />At roughly 7&#34; long, this monocular is large enough to be usable but small enough to fit in a coat pocket or even in a briefcase. It comes in a nice, nylon-weave carrying pouch that even has a belt loop so carrying it into the field is easy and does not take up extra room. It also has a holding strap much like a camcorder does so it can be held more securely. It has a small metal tripod suitable for setting up on a desk or table. It’s not a big tripod - the legs extend to 7.5&#34; - but is works well if you are recording or are seated and need a steady hand. Finally, it includes a microfiber cleaning cloth in the box for wiping the lenses safely without scratching them.<br /><br />This is a waterproof monocular and everything about it showcases that. There are two rubberized caps for either end that cover the lenses and keep out moisture and dust when not in use. These are physically attached to the barrel (one by a rubber flap and one by a nylon cord) so there is no issue with losing the caps. Most of the barrel is rubberized as well except for the focus knob assembly and where it attaches.<br /><br />I used it to focus on the tree line behind the house (roughly 30 yards away) and was very pleased with how sharp and clear I was able to get the image. From the front of the house I was able to focus on the stop sign at the end of the street and had no issue with getting fine edge detail even at a distance of roughly a football field. The focus is very smooth and easy to adjust and getting the image in perfect focus is not the least bit difficult.<br /><br />Though I enjoy cameras and optical equipment and I have learned a good bit about optical equipment I am a far cry from being an expert, so I took this monocular to work and approached two teammates who are very well-versed in optics, photography and astronomy and I asked them to look it over and give me their honest opinion. Both of them examined it and expressed their approval. They both said similar things about it: the image through this monocular is very bright and clear, the focus is very smooth and it seems to be very well made. They both made a comment about the lens and that it was very good due to not having a darkened coating.<br /><br />One of my teammates told me to try looking at the stars with it. I had not really considered this but knew this would be an excellent test for it so I went outside after dark and pointed it skyward. Though I can definitely see more detail through a dedicated telescope, I was able to make out some of the larger surface detail on the moon including the high point in the middle of a crater. I was hindered by the fact that it is a full moon right now so I will have to try again this weekend during the eclipse. I then picked out a planet and looked at it through the monocular. Though it is a little tough to make out, I know I found Jupiter as I could see three of the moons as bright spots not visible to the naked eye (I have looked at it through a telescope so I recognize it from seeing it already). Finally I discovered a cluster of stars I could not see without magnification. This monocular is certainly not as good as a dedicated telescope but it is sufficient when camping and it eliminates the need to pack a big, bulky telescope unless you want to see more detail.<br /><br />This is a great tool for use in the field. It has very good range, the image is bright and clear and it even is sufficient for stargazing should you choose to use it for everything on the road. Great product!<br /><br />Disclaimer: I was provided a sample of this product in exchange for a fair, honest and thorough review. Even though I received this product at no cost I have rated and reviewed this product without bias, based solely on my experience with it.",,
S3-096,"Used them at first in the gym. Constantly interrupted sound, sometimes only in one, sometimes in both earpieces, with the phone ~1ft away. Thought maybe it's the congested environment with so much WiFi & Bluetooth traffic.<br />So yesterday I used them on the bicycle. Out in the open, nobody around, earphones ~3ft from my phone. Started out okay, but after 10mins same thing, music constantly cutting out. Complete junk. Glad I can return them.",,
S3-018,"I prefer my Apple TV, but it’s good to have options. Does exactly what it supposed to",,
S2-003,"I couldn't be happier with this purchase. I bought this on sale for $139 and it's exactly what I needed. If you're looking for something reliable, fast, light, and thin when folded up, then this is just right. I was looking for something to bum around on the couch, check email, surf the web, use chrome cast, etc, and this performs wonderfully. Also bought a 64GB card from Amazon and have it installed as well. I really love using Windows 8.1 and it performs nicely on this device. Also came with 100GB Windows OneDrive for 2 years and Asus 500GB cloud storage. Seriously, you can't go wrong with this one. You also cannot beat the battery time on this, what is it, like 10 hours?!? The only negative I can say is I really like my wife's touch screen, which this doesn't have, but her's also cost double what mine did.",,
S2-020,"This is a beautiful TV and is a little more formal for our living room.  We have enjoyed the art reproductions on the screen as well as the superior picture!  The colors pop on this screen.  The frame gives a streamlined look. One nice surprise is that the sound is actually perfect for our needs in this room!  After spending so much on the TV, we did not need a sound bar!  Yay!",,
S2-060,"Shape was a little awkward at first.  Takes getting use to bc the lenses are not adjustable.  Light weight.  Clear.  No distortion.  Overall, satisfied.",,
S2-042,"This is the best purchasing choice that I ever made in my whole life. Excellent picture quality, easy to use.<br />Their apps store provides various choices like hulu, netflix and Facebook. I love the fact that I can watch something<br />that I used to watch on my computer, I can watch in 50inch flat screen TV now!. It requires fast broadband internet<br />to use it smart. Otherwise, it's a TV with a lot of useless functions. Anyway, I love how it organized in the smart hub.<br />But sometimes it's not very convenient to type something with the remote so I think I will buy smart TV keyboard.",,
S3-048,"I originally left a very positive review....which still holds for the most part, however I had to remove my iPad from the case, (with which I am always careful) and the plastic holder that the iPad clips into cracked!!!!  It's only a few days old! Seriously??",,
S1-069,Just as promised.  Excellent.  Thank you.,,
S2-049,"These don't actually completely cover the ears, but they do hold out outside noise fairly well. we'll see how they hold up.",,
S3-083,"Screen cracked when installing the mounting bracket, picture was good but had to look through cracked screen 👎🏻👎🏻👎🏻👎🏻",,
S3-063,"The batteries don't stay charged , The radio is hard to tune in ,with a lot of static while trying to listen to,plus the CD player skips alot.",,
S2-056,Fun and easy to play.  Horse Concert Ukulele 23 Inch Sapele Ukulele Uke Starter Kit for Beginners with Gig Bag Strap Strings and Tuner. In my opinion the ukulele is the easiest string instrument to play and this is a good size to play with.  OZ,,
S1-071,"I was a bit skeptical, but this is a great device.  We use it for Prime video, netflix and hulu.  Plus PBS and History channel have some great programming.  getting ready to cut the cord.",,
S3-022,"The push to talk button is not straight so you have to place it somewhere on yourself to allow the wire going in and then back out in the same direction instead of being a straight line from radio to your ear. This cable will not allow VOX transmission, you have to press the talk button each time you want to talk. That might not matter to some, but if you need both hands, you won't be able to press the button. My wife does not like the sound quality when she is outside the RV guiding me in.",,
S3-086,"Poor design- speakers fire up & down in relation to ipod or only one speaker fires at you at 90* rotation. No power lite so easy to forget its on, low volume and tinny at max input. OK for a quiet environment but even low background noise will wash it out. Keep looking- there are better front firing units here for about $10 more- very well worth spending the extra money.",,
S1-007,Does what it says it will do. If you need a step down voltage converter this is a good one. But it will add weight to your suitcase.,,
S1-014,Love these. I transferred files from an old drive that was so slow to lead & these are lightning fast. Super cute small size & they are distinctive looking. Great product.,,
S1-062,"I had written a nice review for this device...originally. Presently, even before one year has passed, the lock died. Because of this I must now NOT RECOMMEND this device, no matter how convenient it is for you. It's better that you carry your door key and gain entry that way. That or use Google to unlock your door from your car. I would say Alexa but the app does not play well with Android as an assistant app.  Until August comes out with a lock that works better in the winter AND had solar charging, I would not recommend this device for purchase.",,
S2-046,"I generally take care of my equipment and prefer for it to remain in good order for the entire time I own it, so I always pick up a tablet sleeve even if I rarely bring the device anywhere to begin with. This is a great, basic sleeve - plenty of space, plenty of padding, large zipper for easy zipping, and keeps the tablet out of the sun, dust, and moisture of an indoor environment. Material is a little coarse but doesn't feel cheap. Space for a charging cable and flattish USB charger in the front pocket. The sleeve easily fits my Galaxy Tab S4 while it is in its pseudo-leather case (ASIN: B07GF8K8ZW), which in turn is wide enough to have space for a stylus. .<br /><br />it is a soft sleeve and not rigid. This means that while you could keep a bare tablet in it, or a tablet with just a thin gel case on it, and it would protect it from the environment and random impacts, I would still recommend getting a proper case for the tablet itself if you are going to be traveling with it.",,
S1-047,It's what it was meant to be........a charger for my kindle.  I just plug it into the wall and it charges my Kindle at night.,,
S2-048,Bought for use as protective filter for use with new Nikkor 24-120mm 1.4 VR Lens.. No distortion with ED lens.. good fit.. reasonable price.. no issues with quality,,
S3-065,"The screw at the bottom fell off the first time I used this projector. I was not able to put it back, it doesn't stay. I have to use a book to lift it up. It's not stable.<br /><br />Speaker is horrible,  higher frequencies are absent. All one can hear is loud noise from the projector and lower frequencies.  The sound is worse than in the older Anker projector.",,
S2-030,"Ordered to help with my own angst… My teenage son lives in basement at opposite end of the house. With door shut/music on and phone silenced- it’s impossible to reach without walking downstairs anytime I need to communicate.. I went looking for an easy fix to yelling or stomping on floor-<br /><br />GLCONN Walkie-talkies was the simple and ideal  solution! Best of all, when I need contact… It’s my voice he hears over the walkie without any need to answer or push any buttons- it’s leaves no escape from communication! Of course, to respond one simply needs to push in a button to do so. These have also proved helpful on larger size property we reside on in Utah- my husband can take this out to the north 40 letting me reach him with ease.. range is approx. 700yds. and we still have crystal clear com.’s- impressive!! These would be ideal for small businesses where a stock room or outdoor space is out of vocal range.. they are not commercial grade to suffice a large multi level building or campus- but these do the job far above a child’s toy for sure. Which brings up a useful idea if kids are outside playing on your street- These would be easy to keep contact both directions..Great to meet smaller need options.<br /><br />To use: simply turn on and program both walkies to the same channel. Easy to do- how do you change option a recorded voice lets you know exactly what channel you are on. Then it’s as easy as depressing the button to speak… Letting go to listen! Comes with rechargeable batteries and charge cord for both devices- fully charged gives users a green light. Note: these are still usable plugged in to a power source as well. We charge each night and battery lasts all day to avoid a low battery issue- keep things easy!<br /><br />Light weight- One won’t be encumbered with excess bulk it’s size of adult hand- save photos included for up close charging, size comp.’s, green light, etc.. each unit has belt clip and also can be connected to lanyard as well. Small enough to fit in pocket. Simple design has not much to it.. it’s what I like! Easy usability- 100% happy with purchase!!<br />Hoping this info may help in your decision- stay safe everyone.",,
S1-030,I was actually looking for another brand when I came across this one and it was a perfect fit and was so easy to install I could have done it myself. I had my techy son put it on because I was afraid to do it for fear of having to do it multiple times. He got it perfectly on the first try.,,
S3-017,"Used for about a year, then had to get rid of it because the sound was so staticky. Not that great.",,
S3-077,"It was easy to set up and connect to my phone and laptop. Projector met all my needs with the exception of  producing quality sound, you can barley hear.  Picture is nice but the sound.  I wish I could hook up to firestick",,
S2-083,"Trying to decide if we were ready to cut the cord, we installed this antenna to see if we could get all the local channels.  We got 40 digital channels about 20 miles west of Washington DC and the major networks are crystal clear.<br /><br />The network towers we use are clustered together about 20 miles away.  We have 2 or more topographical obstructions between our house and the towers (no line of sight).  The Noise Margin on the networks is 35-40 dB.  TVFool.com listed my location as &#34;yellow&#34; (which means use an attic antenna or higher).  The cable drop is about 25 feet and I did not use an amplifier.<br /><br />This antenna is supposed to be omni-directional but we did experience occasional signal drop on the networks with the initial &#34;eyeball&#34; installation (which was off about 15 degrees).  Standing directly under the antenna and looking through a compass I had my son walk through the yard until he stepped into the path to the towers.  Then I had him stand still, facing the antenna, and rotated it until he told me it was pointed straight over his head.  That seemed to fix the signal drops.  Given all the factors of our situation, I am probably maxing out the performance of this antenna.  If I have any issues I'll just buy the add-on the reflector shield to increase directional performance...but for right now I don't need it.<br /><br />Installation was easy (I just mounted it to the Direct TV mast).  This antenna is small and light which was a big plus when climbing up a 25 foot ladder.<br /><br />So far so good!",,
S2-099,"I gave this 4 stars I like it . Its very fast loading movies , picture clarity is awesome ! Your choices of programs are many , over all I think its a great system.As a mater of fact better then most that are out there.",,
S3-050,"This isn't the advanced microscope that your chemistry class in college used.  It's better in some ways (easy link to smart phone, not as complicated to use for a beginner, etc) and not as good in others (at higher powers it isn't quite as crystal clear as my $400 name brand microscope is).  This is a good one for my kids, who just want to play.  It's also a good one for a student who wants to practice at home.  If you're a chemistry major who wants a top of the line model that will still meet their needs when they graduate and are working on research, this isn't the right model.  For the price, I think it was excellent!",,
S3-057,"I hate the price for what these are, maybe they were cheaper on a different day. But since the brand I usually buy does not make this specific item. Here I am and price aside. I am VERY happy with the throughput these offer. Don't see any power/data loss when using for my Steam Deck or the aftermarket dock. And since they make your already favorite cables magnetic USB-C. It should be the answer most need to try magnetic connector for their devices. And if your cables were already good for data/charge, these shouldn't change that unless you are using some very high spec stuff.<br />Ever since wearing out PS4 controller charge ports from the necessity of plugging charge cables that often get tugged from excited gaming, pets and just forgetting you are tethered. I now ONLY use higher end magnetic cables and dongles like these for charging my PS5/Switch/Steam Deck/Retroid or any other item that needs frequent charging where the connector could be damaged by movement. For home use and travel these are worth the purchase if you want to extend the life of USB-C charge ports.<br /><br />BTW, can't mention the brand here since this ""Sheeast"" brand only seems to sell the dongle and no cables (starts with K and sounds like a Hawaiian dance). But for magnetic cables for data/charging that are not total garbage. Only buy the elongated, almost rectangle magnetic cables. Like the shape of these dongles. AVOID the circle cables. And don't be careless and let the magnetic ends drag on the floor. They will collect metal and crud and become useless. Be good to your stuff!",,
S2-033,"All needed features while retaining a compact, but not too small, design.<br />I've had this unit 3 months and it performs extremely well. Maintains correct time, alarm works great, charges my Samsung 20 faster than my old Qi charger, dim function on clock display is well thought out, speaker clarity and volume are more than adequate, and the buttons/controls are easy to use.<br /><br />The buttons just make sense.  There's often a lot of functions within small electronics that we'll never use (often because we don't care or we throw out, lose, or don't want to bother consulting directions)...but you truly don't even need any directions on this unit to use all of its functions.<br /><br />Strongly recommend.",,
S2-052,"I bought this just before holidays in 2015 and love the quality and the ease of use. I have used this LED TV to watch movies from my laptop and also watch satellite television on this smart LED TV. It has built in Wi-Fi and with internet connection to my router I am able to enjoy YouTube, Amazon video services, Netflix, Hulu Plus, Pandora, Crackle and many more. It has one HDMI and one USB Port. You can use a flash drive on the USB port to play music or video.<br /><br />Connecting this to the satellite receiver or the laptop is a breeze and the little manual that comes in the package is brief and very informative to get this baby started. You can also go online and get a more informative user’s manual which gives lot more details but you don’t really need that.<br /><br />This LED TV will work without internet but only as a regular TV; but you will have to get cable or satellite services. All smart TV's need Internet to use features like Netflix, Amazon, Crackle, WSJ, Yahoo Sports, Facebook, EBay, etc. I have used Crackle to watch many 1980s and 90s sitcoms. It is a joy to access these TV shows.<br /><br />The device is light and measures about 21.6&#34; x 13.8&#34; x 2.1 inches without stand. Very easy to setup and the package was delivered on time and the product was intact. Great buy and very reasonably priced. I am very satisfied with this purchase!",,
S2-005,"I bought this SDR device so I could listen to shortwave radio but I still can't get that band to work. I have tried the HDSDR software and some other software but it only seems to go as low as 25MHZ. I tried switching where the antenna is connected and it doesn't make a difference. It works a lot better than my other SDR device and has better reception but neither of my SDR devices will pick up shortwave. Is there a software or setting that you recommend for this??<br /><br />One other issue I noticed is the board inside the case seems loose. It rattles around. This isn't a big problem, just something I want to note. It has had a software crash a couple of times and I'm wondering if the loose board is causing this...<br /><br />So far I am really liking this SDR device though...",,
S2-039,Easy to use and won't rattle. I also use these to attach filter screens and they're much simpler to remove and clean than with screws.,,
S1-019,The headphones are comfortable and work well with my phone and iPad.,,
S1-025,"Great heat transfer, no problems so far.",,
S2-010,"They were a little tricky to pair with an ipad.  I don't see the app as particularly helpful for these.<br /><br />The best feature is one of the swap on ear pads.  It looks a little more matte than the others with a visible tiny circle in it.  Those crush up like earplugs, and then exactly like earplugs expand to keep the earbud in place.  Those are also the most  noise reducing.  I can't say noise cancelling.  These aren't that.  But it does help keep of the ambient noise down.  My main concern was one falling out, but with that pad, that hasn't been a problem and I doubt it will be.<br /><br />I had no problem with ear buds disconnecting from each other.  Once they got started, they were rock solid.  I got about two hours worth of use out of one charge, and then ran out of time to listen.  I think for me they will last long enough, and the case holds a charge for powering up on the go.  It uses a standard USB cable.  I like things that follow an industry standard.",,
S2-067,"I was looking for a simple sort of cd clock radio to keep on a nightstand.  It's amazing how difficult it was to find something like that that fit my needs, and I ended up with this unit although I really wasn't intrested in the iPhone/iPod connections.  I went to a local electronics store and first tried a litte Sony machine, was set to buy it, and then the salesman showed me this Phillips unit.  The sound was overwhelmingly better on the Phillips unit.  I admit I'm not an audiophile, but I just want something that sounds good when I played CDs at bedtime.  I quickly dismissed the little Sony and went for this unit.  Since having it about a week now, I really like the sound from the CD player.  I did try my iPhone 4 on it to see if it would connect, and it did and it played music like a champ.  Strong and clear.  I have a rubber bumper on my iPhone and had to remove it to make the phone fit properly but that's no big deal.  In fact what I'm thinking of doing is reprogramming my older iPhone (first generation) with nothing but music on it and leaving that plugged in the Phillips unit.  I keep my iPhone 4 in a different charger in a different room so it doesn't disrupt my sleep AND so I won't forget it when I'm leaving the house.  So far I'm a happy camper with this little Philips unit.  The only con is the brightness of the backlit display which is rather bright.  I placed the unit in a different part of the room where the remote still works but the brightness of the display doesn't affect my sleep.  I like a dark room!",,
S2-062,"These are very handy to have to minimize (or eliminate) cord tangles.  The coil is tight and holds its shape well.  When &#34;at rest&#34; (e,g., not stretched) the cable is about 26 inches end to end. You can get it to 12 feet if you stretch it out fully, but the coil strength is such that it will pull whatever it is attached to.  If you need the full 12 foot length, it would be better to get a non-coiled cable.<br /><br />The ends are well attached, and the wire sheath seems pretty durable.  Zero complaints about quality -- no crackling even when I jostle the ends while they are plugged in.<br /><br />A great way to add some positioning flexibility for attached speakers without having to deal with excess cable that gets tangled. Highly recommend.<br />[Sample provided for review]",,
S2-061,"Good value for a keyboard and mouse. The mouse is comfortable to use and quiet. The last mouse I was using had developed a squeak when using the scroll wheel - very annoying. My main complaint about this set is that the keyboard could be much quieter. I work from home and use the keyboard all day long and it does get a little loud sometimes. However, a lot of the quieter keyboards I looked at had a funny keyboard layout. The layout on this keyboard is great and very comfortable to use.",,
S2-079,"Great projector at a great price. I thought I would be annoyed at the light surrounding the image that others have mentioned, but with a black wall and black curtains, I don't even notice it. The only thing that really bothers me is the rainbow effect (I'm one of those people). Other than that, the image is vivid, bright with great contrast and the black level is quite good. It's also very quiet and the fan only runs for about 20 seconds after shutdown. I use this mounted on the ceiling with an HDMI wireless receiver with no trouble at all.",,
S1-024,"Too small, color does not match the picture at all and it’s cheaply made.",,
S2-074,I always drive older cars. This lets me plug my phone in and listen to YouTube or audiobooks on my car speakers.  Works great and when I lost it I bought another one.  Take the time to find a compatible radio station (not a strong one in your area),,
S3-070,"Holds my phone and kindle for reading and playing games. Nice weight, size no complaints...",,
S1-067,"Really, really fast data transfer. USB 3.0 is the fastest of the USB protocols and this flash drive is amazingly fast when plugged into a USB 3.0 port on my Mac Mini. When plugged into a USB 2.0 port it's the same as your usual 2.0 flash drive so, if you have a 3.0 port on your computer this is a great drive. If you don't have a 3.0 port, buy one for the 2.0 protocol and save some money.",,
S1-085,A friend asked me to get these for her. She said her daughter loves them. She bought 2 more sets for her other two daughters.,,
S2-045,"My family got together and picked this up for me during Fuji's sale/promotion in March. This is going to cover Christmas and birthdays for the next few years  :)<br /><br />Build quality is top notch. The zoom, focus and aperture rings are all nicely sized and very... grippy. The zoom itself is almost, but not quite, too stiff. I noticed no creep whatsoever. Autofocus is, expectedly, a bit slower than the kit lens but still decent.  Image stabilization is impressive enough for hand-held shooting in low light at full zoom. Image quality is impressive. The included hood is huge, seriously huge. It's actually a little hard to get the lens cap on with the hood on. Speaking of the lens hood; my one gripe with this rig is when fully 'on' the lens the hood tends to rattle a little bit. I've found that backing off the connection a 1/4 inch or so keeps the hood from rattling and still keeps it firmly in place.<br /><br />It does make my X-E2 a little front heavy but it's not that horrible. I'm contemplating buying one of the extension grips from Fuji for the camera. A nicely padded neck strap is a definite plus when carrying a camera with this lens mounted on it. One thing I've had to pay attention to is when switching back to my 18-55mm lens I need to be careful of how hard I twist the barrel to zoom in and out this lens is MUCH stiffer to use than the kit 18-55mm that came with my X-E2. I worry I may break the smaller lens after using this lens for an extended period.<br /><br />Highly recommended.",,
S3-019,"It seems sturdy and well made, but the sound coming out is shrill and muffled.  I tried different brand extension cables and different head-phones.  This was the only cable that created the distortion.",,
S2-057,"Great fans.  Exact fit, quiet..  Have been in operation now for a few months without any problems.  I recommend this fan.",,
S2-073,"I think I'll just do a simple pro and con list for this one.<br /><br />Pros:<br /><br /> + It starts up fast when switched on and immediately reconnects to the last Bluetooth device selected.<br /><br />+ The ability to store multiple device profiles and switch between them with the press of a button is awesome, and it saves a lot of time over having to open the Bluetooth settings on each device to reconnect.<br /><br /> + And of course it has a 2.4g wireless USB dongle, so you can use it with things that don't have Bluetooth or which require a stronger wireless signal.<br /><br /> + There are visible-yet-unobtrusive lights on the top that allow you to tell at a glance which device pairing you have selected.<br /><br /> + The shape of the mouse fits my hand perfectly and is very comfortable.<br /><br /> + The scroll wheel is easy to grip and roll back and forth. It has a very satisfying sort of ""bump"" feeling as it rotates from one position to another, whereas some wheels just turn freely, leaving you little control over how much you're actually scrolling. And most importantly, the wheel doesn't rock side-to-side like those ones that supposedly allow you to scroll left and right but never seem to work except by accident when you don't want them to.<br /><br /> + There's no branding that I can identify on the packaging, the instructions, nor on the mouse itself. I see this as a pro because well, frankly, a lot of these random brand names are weird and bother me (though admittedly, I did once buy a product on Amazon primarily because the brand name was BULLETFACE *cue electric guitar solo*).<br /><br /> + I really appreciate how every feature on this mouse serves a purpose. There are no dumb shapes or graphics added just to make it look ""cool"". It's cool enough as it is.<br /><br /> + It's great that it has a built-in rechargeable battery and a USB-C port on the front so that I can charge it wherever I can charge my phone. But because there's no battery access door, the dongle rests in a recess on the underside of the mouse and is held in by a really strong magnet. That's better than other attachment methods I've seen where the dongle either snaps in with plastic clips or press-fits into a slot, as those will both wear out and fail eventually, where a magnet will not.<br /><br />Cons:<br /><br /> - The ball feels a bit loose and rattle-y in its socket. It's not an issue when the mouse is on a level surface, but if you're carrying it around or trying to use it on the arm of a sofa, it can wiggle a bit, which feels weird.<br /><br /> - All but the lowest DPI setting is way too fast for anything I can imagine doing, but maybe I'm just not used to it yet. (Update: I guess I wasn't used to it. I've since moved up to the middle DPI setting now that I've gotten better at making fine movements)<br /><br /> - This may not be a con for some people, but the dongle really, really stays put in a USB port, to the point I was afraid I'd need pliers to get it out (though I managed to do so without them).<br /><br /> - Update: I thought of one more con. It's a shame I can't re-bind the little forward and back buttons on the far left to something more useful, like shift or ctrl-z.<br /><br />Conclusion:<br /><br />I'm currently very satisfied with my purchase, and I expect to get a lot of use out of this mouse for years to come. The best thing I can do to thank the manufacturer and seller for making a great product at a great price is to leave my honest feedback to help others find the product, so that's exactly what I've done. Oh, and I swyped (typed via path input) this entire review on my phone's on-screen keyboard using the very trackball I'm reviewing, if that gives you an idea of how comfortable and accurate it is to operate.",,
S3-051,Pairing is awkwardly and sound is unclear and sticky. Cumbersome design. Fits socket poorly. I’ll stick with my AirPods. They’re much better.,,
S1-082,"My wife loves it; therefore I love it too. It was a Mother's Day gift. Happy wife.....Happy life. She wears it all the time, even sleeps with it on.",,
S2-014,"What I like about this watch:<br />- one full charge lasts several days<br />- good way to track your BPM, Blood pressure, calories burn, steps taken<br />- could make phone calls with the watch<br />- if you take the watch off for whatever reason (like to shower) it doesn't keep taking your BMP or blood pressure so you don't have to worry about your data getting messed up/ inaccurate.<br />- comfortable silicone band which has a lot of holes to adjust to your size wrist, I have a very small wrist and use the second to last hole<br />- good size screen, not too large and not too small<br />- you could set alarms (through the app) also features a stop watch and timer<br />- receive and check notifications for several apps plus text messages<br />- has a find phone feature if you misplace your phone<br />- you could add music to your phone (which I have not done, and not sure if I'm going to do)<br />- waterproof<br />- Compatible with my Samsung smartphone, and easy to set up<br />- Great to have at work, to keep track of time and if I receive any messages/notifications on my phone without having to check my phone<br /><br />dislike:<br />- only 4 different dial face designs to choose from<br />- speaker is towards the bottom so sound could be blocked by your arm depending on your position<br />- sleep tracker is not very accurate (while I'm laying in bed reading, watching a movie, or on my phone it thinks I am sleeping, and there is no way to edit the hours manually)<br />- no power button (to turn on or off)<br />- you cannot name or write notes with the alarms, there are only icons to label<br />- does not stay connected to my phone in my whole house. If I have my phone on charge in my living room and I'm in my kitchen which is 2 rooms over, I will not get notifications from my phone<br />- app doesn't not always update, I will have to go to the app and refresh (down swipe) for data to refresh and update<br />- charger connection is magnetic and a couple times it was bumped while on charge and the charger got knocked off and I didn't know, do it wasnt charging. Plus if the charger breaks for whatever reason I don't have a back up.",,
S2-018,"No issues so far, seems to runs smoothly and reasonably quiet.<br /><br />Battery life isnt great but its is meeting the my expectation which was fairly low.<br /><br />Only game I play is league of legends which runs great.<br /><br />Only con is the plastic feels fairly cheap,  I wish it felt more solid.",,
S3-006,"I wouldn't buy this kit or recommend it to anyone. Even with all three lights on, it's not bright enough at all for shooting in manual. You can maybe get some good close up headshots by moving the lights so close to their face they are sweating, but that's about it. The backdrop support is nice, however. And if you can get your hands on a steamer, it will get the wrinkles out of the muslin. You can also get some piping from lowes to roll them up for storage so they wont wrinkle or get dirty. I might try to see if I can find brighter bulbs, but so far this was a waste of money.",,
S1-035,Stopped working after about two months.  Not very well made.,,
S2-017,"I received this the next day. The flash drive connected to my computer and I quickly moved everything to a folder so I can add them to my microSD card in my smartphone. The entire folder takes up about 3.3Gb. I listen through my music player. These are not remastered so there is static and skips from aging. However, they are authentic and I love them.",,
S3-075,Sound's quality is bad. Wish hadn't bought them.,,
S2-006,"These are rolled on both top and bottom, which is the single best quality identifier I can think of for something static made out of metal.  A flat plate would be easy to warp or bend if treated improperly.  These will keep their shape well and look good in the process.",,
S1-022,"Terrific. All one needs to have great music at a backyard, beach, etc party is a smart phone and this small speaker. Really cool!",,
S2-027,"I bought my example of this fisheye lens from ebay for the EOS mount. I use this on a 1.6x crop and I have also used it on a full frame camera as well. It's not good below f11, but it is good at f16. Ken Rockwell mentions this in his review of this lens. With this lens its best to increase ISO even at the expense of image noise rather than open up the aperture beyond f8. I have tried to use this lens at f2.8 in low light on a 1.6x crop camera and it just does not look good. Not only is there a large loss of sharpness but for some reason the image becomes more orange on my example. I should mention that with my ebay example the coating on the front element wasn't even, so it's possible that it might be from that.<br /><br />The lens cap on mine doesn't stay on do to a broken tab, which can be annoying since it's specific to the lens.<br /><br />I think this lens is a good deal, if it can be had for cheap. I'm not sure I would buy another one if I lost mine at the current prices that this lens goes for though. The primary reason would be because a fisheye lens has limited use do to barrel distortion, I'd rather put that money towards a rectilinear wide angle.",,
S3-028,"For the most part this device is perfect.  I love the clean white, ""Apple product"" design.  It looks great and it has worked great as a short extension cord/charging center when testing at home.  It has a nice, stacking set of adapters that stores well in the thick storage/organization bag.  The bag is pretty nice but a little bulky like the charger itself.  I would have liked to see it a little slimmer and lighter for better packability for when every ounce and cubic inch is at a premium, but it seems pretty well built (the plug adapters are a little cheaper looking) and well designed, just a little big.",,
S2-075,Works well but the volume seems a bit low. Getting it into the mic holder is very difficult and once in you'll not want to take it off.,,
S3-100,"Bought this 16 GB stick to add to a Synology DS1621+. Installed easily, booted up just fine. Recommended.",,
S1-039,"My son said these had terrible noise cancellation and he can not use them. They are basically like walking around with speakers on your head! He tried to use them at the library and people 30 feet away could hear what he was listening to! He often uses speakers to make calls on his phone too and that was not even possible.<br />They defeat the purpose of being headphones if they are simply speakers for all to hear.<br />He had to use cheap earbuds the library loaned him.<br />He said these grey and tan ones looked a bit girlish. I as a mom thought they were attractive. I think the tan may look a bit like light pink possibly and he said girls gave him compliments lol which may mean they are more to a girls liking. I got this color due to he is on the street a lot and can not be drawing attention to himself. He can not have red or blue gang colors which some of the others had even if it was in the cord. And the black ones had shiny chrome which is too much of an attention getter. So, I opted for the grey ones.<br />They are also bulky and if you are limited on space my son said they did not fit in his backpack well. One night he even gave them to me to take home since he needed room for more important items in his backpack. I told him to just put them on his neck. And he was not even interested.<br />So, I'd say they are a fail.",,
S3-005,I was in need of a durable long charging cord to use with Android Auto in my new car. My old cord kept randomly disconnecting from the system even though the cable was relatively new and in good condition visibility. So far these new cables have worked flawlessly without the constant random disconnecting. They feel durable and have a nice snug fit on both the USB C and USB type A ends. Plus the price was right for two cables of this length (10ft) and quality.,,
S1-013,"I have used this product and it works very well.  If you use a power cord to charge the GPS, just remember to remove it prior to trying to install or remove the mount.  It is a little awkkward to insert the power cord into the GPS after it is mounted it place, because you have to feel around with the plug blindly to insert it.",,
S1-006,Disappointed. I could never get it to work correctly. The image was extremely dim. I never got the images into focus no matter what I tried. I also could not get it to recognize video sources.  I did get it to recognize a flash drive but the picture was so bad I could not clearly make out what the images were.  I fully realize it was a bargain price/device and was never going to provide a HD kind of experience (I wanted something I could use as a backup) but even so it wasn't worth it. Ended up returning it.,,
S3-069,"Was working great for a few months, then the silver metal slid off and wires became visible. After that, there is way too much static. Wish it was more durable..",,
S3-030,Case it not to sturdy but it is a great value for the price and protects enough for someone who takes pretty good care of their devices.,,
S1-072,This is a great bag! It holds everything perfectly and very securely!,,
S1-060,I use Fire 7 as ebook reader. This case protects the back and sides of my tablet without adding too much weight so it's easy to read while lying down.,,
S1-095,"This 25 ft. cable is high quality with solid BNC connectors. Understand what you're buying! Not too many electronic devices in the US use BNC connectors. I have a TV transmitter that has a BNC port an antenna with a BNC connector as well. By connecting this cable, I'm able place my antenna up to 25 ft. away from the base. Love it, will absolutely come in handy. 5-Stars!",,
S3-027,"Yes, you have to remove the little sticker on the play head before you use it. But this thing still sounds like absolute garbage. Really poor sound quality, as in, not even worthwhile if it was free. Tried it three times, and into the trash it goes.",,
S1-093,"This isn't a bag that will walk the runway but it will take you to work, school and the library. It is a large bucket bag that is designed for service not style. Its lines are somewhat inelegant but it provides plenty of room and compartments for your electronics, accessories, files, notebooks and pads. The zipper is smooth and operates without catching. The shoulder straps are adjustable. and quite comfortable. The exterior is described as slate and is a charcoal gray color with a lighter gray interior. It is a practical color that is neutral and hides dirts and mars with ease. The metal feet on the bottom keep it standing upright. the biggest disappointment is that it is made of pleather, not leather as advertised. But if you value function over fashion and can get it at a good price, it is a solid, well made working bag.",,
S2-009,"If you are serious about doing aerial imagery, you need this set. DJI does an EXCEPTIONAL job of equipping their aircraft with the best cameras, with the best features you can get in a pro-consumer aircraft. I honestly believe that the Mavic Mini 3 Pro cannot be improved upon. In the 'under 250 gram' class, this is the best you can get.<br /><br />However, not even DJI can equip their aircraft cameras to get the highest quality, most striking, most enhanced images that true experts want. So, DJI has collaborated with a few quality lens filter makers to give us what we want.<br /><br />Skyreat is one of those companies. I have their lens filter sets for all of my DJI aircraft. I get stunning images, every time. It takes some training to understand which environments and which desired results lead to which filter to use. But, as any professional imagery artist will tell, you need to know how to use your tools, to get the product you want.<br /><br />Skyreat has done an excellent job (as usual) with this set. Every filter is perfectly made and does exactly what you expect it to do. They fit in place of the stock lens ring without fuss. The light weight and super sturdy aircraft grade aluminum frames are made to exacting specs. Every lens is crystal clear, no flubs, no distortion, with exact perfection over the entire image.<br /><br />The carrying case is well made, protecting all the filters and fits easily into the aftermarket carrying case that I use for the aircraft. Overall, I am very pleased with this set of Skyreat lens filters. Good purchase.",,
S2-072,"Great headphones, keep out ambient noises well.",,
S3-084,"This works great with my headphones in the house.  In my Mini Cooper, which is why I purchased this aux cable I get a horrible static buzz in my right front speaker.  I DO NOT get that noise with my radio or CD player.  I am 🙁",,
S2-080,"These work well. They have a lot of bass. Love the look, very sleek!",,
S3-090,The speakers do work but the sound quality is not the best. I bought them for my son to do his homeschooling with. When he is listening to a story being read out loud sometimes the speakers crackle with the voices. You have to have the volume down quite low to avoid this so they have to be used in a quite environment. For the price they are functional but if you are wanting this for anything other than light use I would not buy them.,,
S3-021,"The level of intermodulation distortion exhibited by the tiny speakers in the bar is so high that it is painful to hear them.  This system gets particularly upset with flute and piano sounds (do not try to watch Cosmos with this!). Finally, the system's weak power output requires the volume to be max out, which degrades the sound beyond redemption.<br /><br />A low quality product that perform worse than the built-in TV speakers.<br /><br />Connected through digital output.",,
S1-010,Works perfectly. Nice to be able to have a spare charged battery when you need it.,,
S3-058,"As of this review this school backpack costs $19.97 and I would easily pay that much for it.  The quality seems to be very good and it's a very attractive looking backpack - dark blue with white trim.  It has two medium outer pouches that zip close, and the large inner pouch - main carrying area of the bag.  It has two mesh slots and a larger padded slot for carrying an iPad or small laptop though there is no charging port.  It also has two outside open pouches - one on each side.  It's not big enough to carry all the school books that kids in middle and high school have to carry these days - my kids were absolutely loaded down with them and they had larger backpacks.  But, it will do for elementary school just fine.  The shoulder straps are nicely padded too.  I like this bag a lot.",,
S1-038,"This radio is a lot smaller than I thought it would be.  I guess I've watched too many movies, because I was expecting something much larger, more military, like in a movie where a group of soldiers doubletimes it to a an evac point and then uses their radio to call in a chopper.<br /><br />This radio is tiny by comparison, it's smaller than the freebie Clinique bag I got from Nordstroms.  The radio itself is very lightweight too, which I would have already known if I'd taken the time to read the product description.<br /><br />Also, it's a bit quiet.  My husband and I had to strain to hear it, but since it is so lightweight, it wouldn't be much of a problem to carry it close to your ear.<br /><br />The screen is tiny, but easy to read and once you've turned the radio on, it doesn't crackle and shoosh roaming through stations to find a live one.  You have to manually turn it to the station you wish to listen to.  The reception was pretty good, we live in a flat area and get a lot of radio stations, but I'd imagine that if you took this hiking, you might have trouble receiving anything, the antenna is a bit short.<br /><br />The crank seems a little flimsy, I imagine that repeated cranking would cause a stress fracture that would eventually break, rendering the radio mostly useless.  We haven't tried charging this with solar power yet, it's been super overcast here, but as soon as we have a sunny, rain free day, I'll give it a go.<br /><br />Pretty good radio, I don't have any other emergency radios to compare this to, so I don't know if its flimsier than it's competitors.",,
S1-077,Bought it for my husband and he loves it. It's kinda hard to get it to stand vertically but he love the professional look of it.,,
S3-052,"While they are ok for the price in terms of sound quality, fit, and durability, they lack a fundamental function for what Many people use to play their music: the ability to receive and make phone calls. If you are using a smartphone, these are only headphones, not headphones with a function button (like the kind that come with an iPhone, for example), and not ones that have an output through which you can speak or take dictation.<br />That aside, the sound quality was ok, with a somewhat tinny, canned quality and poor capability in processing deep bass or treble. If changing the levels to decrease treble, you'll see some improvement in the sound. For anything spoken word like podcasts, these are fine.<br />The fit is not bad. Usually, these things are big on me (female with apparently small ear-holes, if you would judge by most headphones), but these were comfortable. The three sizes of rubbery earplugs always help and are generally standard, and the ear hooks also aide in keeping them in place.<br /><br />Summary:<br />For the price, you get decent headphones that do not have an output function.",,
S3-033,Great product...My remote stopped working after 3 months and Amazon shipped a new one out..Great customer service...Thank you,,
S1-017,Excellent computer and great price. Was looking for pure power. Wrote an algorithm to monitor stocks on the NY Stock Exchange. Watching every tick to detect institutions buying or selling. Code worked great but old computer could not handle scrubbing over 1 billion ticks per day to parse.  So I got The Beast by Vision. When looking at Task Manager the Beast is like humming along smoothly very fast and scrubbing the data from exchange and getting information looking for within milliseconds. A power horse for the business - Only using as a server. Happy got it. Cheers :D,,
S2-088,"Ok, I have to admit I'm pretty impressed with this little camera. At first I thought I had to use the Haven subscription, especially after reading the reviews here which said it is necessary. I was kind of bummed about that at first but it turns out this is really useful even without! Sure, being able to record videos and store them in the cloud require a subscription as well as many of the advanced features, but you can still ""arm"" the camera to snap a photo and alert your phone when it detects motion, which it does splendidly even without a sub. The way I currently use it, it alerts my phone and I can then go to the live view and see and even interact with who is there (talk feature is really cool!).<br />On top of that, I set ours up with Amazon's Alexa voice service and it is EXTREMELY COOL! I think the speaker seems a bit louder than an Echo Dot, which surprised me. I'm mounting ours by the front porch so we can see people come to the door and interact with them, but we can also use it to play music via Amazon's Alexa when just sitting on the porch drinking coffee. That's an amazing perk that I wasn't expecting before we got it!<br />I do wish you could combine it with device music groups in Alexa (so I could say, for example, play this song on the everywhere group and it will play inside on our Echo and out on the porch with the Ecobee), but sadly only echo devices can be grouped. That's OK, I knew that before getting this as other devices in our home can't be grouped either (Facebook Portal or Kindles, for example).<br />If you want to spring for the subscription service, there's a TON of goodies and advanced features beyond even the cloud storage things. But even without that, the live view and photo motion alerts combined with the voice assistant / Alexa integration makes it worth it even just for the hardware alone!",,
S3-074,Love this so much! Great sound quality. I was very skeptical st first but so glad I purchased this! The sound quality is much better than I thought. Sounds like my normal radio sound quality.,,
S1-054,"Burned out my car charger and gets so hot that I burned my fingers on it. This will work great unless you have a qualcom 2.0 quick charging phone or charger. My note 4 isn't damaged yet, but I've burned out 2 qualcom chargers on this. If I charge with a regular charger everything is perfect!<br /><br />should come with a warning though.",,
S3-066,"Pros: small footprint (perfect anywhere), easy set up, easy controls, decent price for a small sound bar, hdmi arc, voice is clear.<br /><br />Cons: subwoofer is not strong barely noticeable, no bass. The sound is not consistent, sometimes I have to turn it way up when I play a video then when I play a different video the sound comes blaring out<br /><br />The voice comes out clear. There is no depth in the bass. I turn the subwoofer all the way up and it makes no difference. I turn the volume all the way up and the sound is very flat. I bought this because I had and hdmi eArc connection hoping for better sound but it was ok. For the price I paid it does pretty good",,
S1-088,It works with the 7th generation iPad model # starting with M and also with A,,
S2-024,"I have been building computer systems and troubleshooting for a long time.  I really enjoy taking parts in and out and programming systems to do what I want.  I remember looking at a commercial for the new tablets and saying to my family- &#34;What the heck would anyone want one of THOSE things for?&#34;  It was not long after they became bored with my insistence that tablets were a total waste that I had my chance to take my first tablet for a test run- the Acer Iconia A1-830.<br /><br />The Acer was a fantastic little first tablet.  It performed as well or better than a few Samsungs and older Apples that we had the chance to put it up against, and for the price, it was a great little tablet.  I found some use for it and found myself reaching for the tablet when I didn't want to do work at the computer.  It was more portable than a laptop and easier to do quick surfing and simple tasks on, and GAMING.<br /><br />I thought that all was well until I began to have a few issues with the Acer.  It was at that point that I saw a great price on the new Samsung Galaxy Tab S2.  I was hooked.<br /><br />WHAT IS THIS TABLET LIKE?<br />I plan to write this review to people who are not as interested in the detailed specs of this unit, but instead I will write this for an average user who might not be as technically astute.  There are quite a few well done reviews that have lots of specs and details that will satisfy those who really need that information to make decisions.<br /><br />SCREEN<br />One of the things that I did not like about the older Samsungs was the size.  I preferred the more squared screen of the Acer than the Samsungs I had worked on.  My daughter has one and although it seems nice, I just was not keen on the screen.  This model has exactly what I wanted to have.  The shape makes it easier to work on the web , use as an E reader, and play games.  I find it easier to read than more elongated screens.<br /><br />One of the things that I found to be frustrating is the slick surface of the screen.  For web surfing or book reading it is fine, but games can really get frustrating as I find the screen to be very sensitive and it is easy to mess up.<br /><br />As for the brightness, it is very bright.  I have it turned down by about 75% and it is plenty bright enough most of the time.  Also, the color contrast is breathtaking.  The screen is very sharp and the blacks are BLACK and the colors are very saturated.  This thing is eye candy squared!  It is hard to look at other screens when I am done using this.<br /><br />COLOR<br />This is not really gold in color.  I would say it is gold tinged platinum in color.  Do not expect a bold gold.<br /><br />SMOOTHNESS AND UNEVEN EDGES<br />There are a few things which bug me about this tablet, but not that much.  Getting a good case from Fintie took care of it.  The button on the bottom of the vertical positioned screen stands out from the unit.  That means if you are going to get a keyboard in the case, it could press on the button and cause problems.  The Fintie case is raised enough to protect the button.<br /><br />There is also the camera lens on the back that sticks out quite a bit.  Again, the case takes care of that problem.  The back itself might be plastic, but it feels like metal and looks like metal so it is not cheap looking.<br /><br />SPEED AND FUNCTION<br />WOW is this thing FAST!  I have to say that it really has blown me out of the water with the speed and smooth operation of everything I have tried to do.  It works smoothly, load up is fast.  I know part of that might be due to the inclusion of Lollipop but also the hardware and set up.  I have not found it to lag at all.  Great performance.  I also know that this model is scheduled for the Marshmallow upgrade sometime this year which could change performance to be even better.<br /><br />I have  32G microSD card in this right now but it is expandable to 128.<br /><br />BATTERY LIFE<br />I was very concerned about all of the complaints about battery life.  I was so concerned I almost didn't get this tablet.  I am SO glad I did, however. I keep location turned off and bluetooth as well unless I am using it.  The battery stuns me with how long it has lasted.  I loaded that baby up to 100% last night and this morning about 11 AM I began to work intensely on the tablet, trying to back up files from my Acer and transfer them over to the Samsung via bluetooth.  That means that the bluetooth was on all day, I was downloading and installing all day long.  I have to say that I am shocked.  It is about 12 hours later and there is still over 50% battery left.  I had to recharge my Acer once during all of this time.<br /><br />So, compared to what I am used to (which is about 2-4 hours of work on a tablet before recharging, including no location turned on) this tablet is dreamy for me.  The battery is way beyond what I am used to with the Acer, so I am very happy.<br /><br />THE BOTTOM LINE<br />I will update as I find things to tell you about, but I wanted to start off with the basics as that is what I was looking for when I was trying to decide if I should get this tablet or not.  I still do not find tablets to be useful for all of my work, but they are great for smaller web surfing, quick look ups, apps for certain things and of course games and skype.  As for the keyboard and typing, it is not really practical at least for me to use this for heavier loads of work- desktop or laptop are best suited for that.<br /><br />Is it worth the price?  At $300 it is a very powerful device with a screen that blows anything else I have seen out of the water.  The colors are a feast for the eyes, the clarity is crisp, and the smooth operation is delightful.  If you really enjoy having a tablet you can depend on, I would say that this fits the bill.<br /><br />Could you do with something less expensive?  Yes.  But you might have more frustration with that lower price tag.  The set up of this tablet is easy to work with, great operation and having two windows open at the same time is delightful.  I am very happy with this and despite my misgivings after reading so many reviews with disappointment in them I can say at this point, I am very very glad that I went ahead and got it.  It is a really great tablet.",,
S3-038,Owned these for a few months. Used two times because I wanted to give them another chance. So disappointed.  There is NO extra bass. There isn't hardly any at all. Missed the return window i think.,,
S1-018,These ear buds are very comfortable and perfect for working out. Great value for the money.,,
S3-013,"Works perfectly. On items like this, I prefer to stick with the manufacturer rather than an off brand. This charger is exactly what I needed. As for the little tripod thing, it's useless. Just discarded that because it couldn't handle the weight of the camera.",,
S1-045,Hard to belive this works as well as it does.  I'm thinking of getting rid of my cable.,,
S1-011,"I was pleasantly surprised by the selection of shows, movies, and music...although I was just notified that the Youtube app would not be available anymore :-(  I bought this device with a gift card. Best $35 spent. Cut my Uverse account and saved a bunch of money since I don't watch a lot of tv. And I can get Starz if I want it. The only thing I don't care for is the simplicity of the remote. I wish it was a little more like a TV remote.",,
S3-062,I go through a lot of USB cables for my multiple devices and thus far these have been the best deal.  These held up very well while traveling and just local use.  They charge my devices just as fast as the Samsung factory cable and are much more durable. This 4 pack is a great deal because it always handy to have the correct length handy.  In my opinion you can't go wrong here.,,
S1-089,The scroll wheel does not press. No third button. I assumed there was at least 3 buttons and scroll wheel. It would be a plus if the side bumper rails were also buttons.,,
S2-094,"They work well, no crackling. Hear clear!",,
S1-059,years ago and its still working ! Never had any issues minus one time and that was a PlayStation 3 problem. Been running for almost 7 years since I got the system.,,
S1-041,Did not use it as I returned the product I purchased it for.,,
S1-029,"I bought this simply for the big green numbers.  While I appreciate that an alarm is useful, I don't use it on this item.  Also, I do not and never intended to use the radio.  I never tried it and could not imagine that it would be satisfactory, but couldn't care less.  It may be better if they simply didn't include it, but I doubt that it adds much to the cost or size.  There are other large digit clocks but not many that are green.  I have a red one of another make that is significantly brighter, and I believe the green and blue diodes typically have less output than red ones.  These type of clock displays are not ideal for bright rooms and probably useless in sunlight.  But they work fine in a darker room like a bedroom.  Some people may even find the brightness too high for sleeping hours but it met all my own criteria.",,
S2-040,"I lived and breathed full-sized Kensington trackball mice from about 1987 until my last one stopped functioning and I couldn't find them anymore...probably in the late '90s. Tried some others; all had small, lightweight balls that gave none of the feel and control of Kensinton's...Expert Mouse? Was that what it was called back then too? Because it was the same general design as the current Expert Mouse, but the body was computer-case white.<br /><br />Anyway, I had several of those (the quality going downhill with each iteration, as I recall) and loved them, and since they disappeared (as far as I could tell), I adapted, first to trackpads, which I've never liked much, and then back to traditional mice which don't give nearly the control of a trackball. Now, at last, it seems Kensington has again begun to produce truly worthwhile trackball mice, and this is one. Oh, it's _so_ good to have one of these again.<br /><br />I'm doing that thing I hate when other people do it and reviewing the product as soon as I've gotten it up and running, without any kind of experiential history behind my assessment. I'll come back and update this in the future if necessary. But so far: I'm happy, happy, happy to have a real, full-sized Kensington trackball mouse again, with a heavy, substantial ball. There are only two things about this device that I'm not crazy about: In my old Kensington mice, the ball rested on physical rollers and I could give the ball a good spin and it would keep spinning for a second before stopping; it spun much more freely in its cavity than this ball does (so far...maybe that's something that will break in?) [Update: yes, after about three days of use the ball rolls more smoothly and silently than the old one on rollers ever did]. And the other thing is the scrolling mechanism. It's weird. Despite the KensingtonWorks software trying to make us believe otherwise, the ""scroll ring"" itself actually has nothing to do with scrolling, nor with anything else - the ""scroll ring"" is not even a control, but just a static piece of chrome trim. What makes the mouse scroll is twisting the ball this way or that from the top, as if it were a knob. At first I thought the ""scroll ring"" wasn't working because I was trying to use it without touching the ball...which does nothing. And now that I've figured out how scrolling works (you rest your finger on the ""scroll ring"" and push and pull the side of the ball)...I'm not crazy about it. I'm getting used to it, but it's just a weird way to scroll (I can't for the life of me remember how I used to do it on the Expert Mouse decades ago). It does work though.<br /><br />(Update on the scrolling: I'm also not crazy about the way the KensingtonWorks software handles the scrolling speed adjustment. When you make the base pointer movement speed faster, the pointer continues to move smoothly, but just faster. When you make the scrolling speed faster though, you lose all smoothness - the software makes the scrolling faster by breaking it into successively larger and more jarring jumps. At the slowest speed, it's pretty smooth; at the highest speeds it's no longer really scrolling, but simply jumping abruptly from one screenful (or page) to the next. Increasing the scrolling speed just increases the size of these jumps, but I find them jarring and annoying starting at the second or third lowest speed setting.)<br /><br />I also had to figure out how to program one of the buttons as a click lock, since Kensington doesn't call it that anymore, but calls it ""left drag"", ""right drag"", and ""middle drag"" (and I have no idea what the difference is between those three - I just chose ""left drag"" and it's working fine).<br /><br />So far, those are my only gripes, all minor. So happy to have one of these things again!  =) (Did I mention that?)<br /><br />Enjoy...",,
S3-087,"Budget-priced earbuds are complicated to review because, in my experience, all $200 earbuds sound significantly better than all $50 earbuds, but there is still a lot of demand for value-priced ""good enough"" products. I do own a couple of $200 earbuds and they do sound noticeably richer and clearer than these $40 earbuds. However, when I'm out jogging or traveling (eg airplane or train) or listening to voice podcasts, having the absolute best sound quality isn't really important to me. In those situations, features are more important to me, like active noise cancellation, equalization, good volume, good battery life, and easy access to the features. I'd rather use cheap earbuds that I don't mind losing somewhere along the way.<br /><br />These earbuds have average quality sound for the $40 price. Where these Donner earbuds beat the competition is the features. I've never owned $40 earbuds with app control before. The user manual has a QR code to let you download the app. The QR code did not work, but I did find the ""Donner Control"" app in the Google Play app store and the app works fine on my Android phone. The app lets me pick from pre-programmed equalization settings or design my own. Adjusting the equalization for different types of music makes a significant difference in audio clarity. The app also lets me choose from 3 active noise cancellation modes. These features don't work as well as in $200 earbuds, but these are $40 earbuds and most $40 earbuds don't have any of these features or any app at all. You can control some of these features with the confusing set of triple-tap commands on the earbuds, but I can never remember those and would rather just tap the picture in the app.<br /><br />The app also lets you download firmware updates from Donner. None was available when I checked, but this could be a great way for them to refine the features of the earbuds or even add new features. They ask you to give them your email address and create an account when you open the app, but I did not and the core features of the app still work OK.<br /><br />Battery life for these earbuds is good for this price range (6 to 8 hours, depending on whether or not you use ANC). As with most budget-priced wireless earbuds, maximum volume is OK but not great. Bass is above average for the $40 price. Static noise is very low. The Bluetooth connection has been very stable for me, even when I'm 30 feet away from my phone or in a different room in the house.<br /><br />I can't give these earbuds 5 stars because I can easily buy better sound quality with more money, but these are solid 4 stars for value at the current $40 price.",,
S1-076,"Lightning cables are something that we all need in the house. I selected this one with the thought of having it on the main level of the house, to be available to all of us when we want to charge our phones without hunting down a cable. So far it has worked out very well for us and is one of the better cables with which I have worked.<br /><br />This is a flat cable as opposed to round and I've found this has a couple of big advantages. First, it's a lot less likely get get tangled or kinked which is great. It can be tangled, of course, but it is a lot less likely. The other big plus is that flat cables seem a lot less likely to break near the connectors for some reason. As such, I expect this cable to last for a while and to be easily accessible as long as it's not tangled up with other cables.<br /><br />In use it works great. It charges my phone without issue and it also works just fine as a data cable. I did not see any mention of being it MFi certified anywhere, but it seems to be just fine regardless.<br /><br />So far I have no complaints with this cable. It works, and I like the design.",,
S2-001,"I got this really small portable DVD player.  That way if we lose the internet again (like we have so much this year already for days at a time) I can put in a DVD of some of my art classes and carry it on site where I want to paint or draw my lessons.  The problem is it had no case.<br /><br />HOW THIS COMES<br />This comes in a plastic cellophane sleeve.<br /><br />STRAP<br />There is a strap inside with a little padding on it for the shoulder.  It is adjustable.<br /><br />HANDLES<br />The handles are easy to carry if you don't want to use the strap.<br /><br />POCKET<br />There is a zipper pocket on the front which is perfect for the charging plug and cord.<br /><br />INSIDE<br />The inside is padded and larger enough to include the plastic folder where the DVD is so that I can easily carry both to my location and they are protected.<br /><br />DESIGN<br />The pencil design is bright, colorful, and not overly blurry so it looks pretty and not muddy.<br /><br />THE BOTTOM LINE<br />This is the perfect case to help protect my portable rechargeable DVD player when I want to use art classes in my shed or when we lose the internet.<br /><br />MY RATING<br />FIVE STARS.  Although this is not hard and does not protect a lot, it is perfect for what I need at this time for my player and DVD cases.",,
S3-079,None of these cheapo cameras have audio thats any good. Anything at high volume is distorted. I wish they would put a compressor mic of some kind on these. Picture okay but audio stunk..returned,,
S3-015,"Don't know if the unit I received is defective or if the specifications in the product description are just wrong, but this device is not working for me. The product description says it supports USB-C PD (Power Delivery) fast charging, which is the modern standard for fast charging that is supported by Apple, Google, and other. My phone supports Power Delivery and works great with all other Power Delivery chargers that I have tried. This device does not activate the Power Delivery charging mode on my phone and the charging speeds I get are dismal. Curiously, the product manual never mentions Power Delivery even though this is prominently listed in the Amazon product description. Also, this device is not UL Listed, which would indicate independent electrical safety testing. Doesn't work plus no independent certification = 1 star from me.",,
S1-032,"Keep your desktop off the ground or even your gaming console. This will work great for either and keep them off the floor, reducing the amount of dust that can get into your system. It is very easy to put together and comes with everything you need except the tools. I will be assembling mine shortly and moving things around on my desk.",,
S3-049,"bought for my daughter, and she loves them",,
S3-088,"Okay, For a pair of headphones that cost me less than 10 bucks, I didn't expect anything that great anyways. You get what you pay for, they're not bad, but they're not that great either. This is why: Sound quality is pretty weak, it's not just flat, but a bit tinny, on the trebles and the bass is pretty weak. The fit is unergonomic, it's just this generic round shape that runs a little big, so if you have small ears, the fit will be awkward. I've only had it for a week so, so far there are no problems with the durability. I like how the plug end is flexible, so I know int he future the wires aren't gonna fray and break. The cable is pretty flexible too, I don;t anticipate any crimping. The plastic housing on the wires and ear pieces themselves are alright for the price. I bought these cause I wanted some cheap disposable in ears for cycling. I can still hear what's going on outside while wearing these. They're a bit quieter than my regular in ear headphones. The bottom line is, if you want cheap earphones that work decently, these are fine. If you're used to better sound quality, these may jar you.<br />I also want to compare these to the earbuds that came with my zune player. The Zune earbuds are much better in sound quality and fit. After using it for two years, they broke so I bought these as a replacement. For around the same price, under 10 dollars, the zune ones are better.",,
S3-073,"I bought 3 different pic printers to compare. The Kodak mini 2, poloroid mint and poloroid zip. Poloroid mint has the worst picture by miles compared to the other two. Very dark and grainy. I printed the same pic and it was horrible. It also froze the first two times i tried to print, so I had to take the blue alignment paper out otherwise it wouldn't work, unlike the other poloroud printer. The Kodak mini 2 has superior quality, and the poloroid zip comes in second. Zip is darker and more grainy. The kodak mini 2 has the brightest most color matching and you can make out details. Best picture. Returning the other two.  Only giving it two stars because I got it to print. Thats it.",,
S1-052,"I only use this on demand, so don’t know how motion etc works. But when I use it the picture is great with good app response.  Very small and discrete.",,
S1-027,Love the voice recognition.....we now have 2 in our home.  My husband uses our old one in the man cave to watch his NBA ticket....I use the upstairs one to watch amazon prime videos and TV programs! I used to watch these on my fire or tablet.  Now my daughter wants one.,,
S1-086,"Performs just as advertised, and works seamlessly with the Bridge and the other lights in the yard!",,
S1-004,"i purchased this stand to free up some real estate on my desk. it took me about 30 min to have the stand assembled, i am certain it could be assembled faster, but i am just not so handy. the product is durable, its holding two of HP - 27w with ease. the second reason for me to go for this product versus many others was, you can swivel the monitors. you can align them on top of eachother, so if i need to add additional two monitors to my desk, i can purchase an another one of these mounts, and i wont be able to sacrificing any of my desk space",,
S1-003,"Finally, a traveling Alexa. It goes on the front porch, into the back yard, and each room in the house. The battery life is very good and recharges quickly.",,
S2-012,I am blown away at the sound coming from this tiny inexpensive speaker. It rivals my JBL dock and my Bose dock. I am a stickler for sound quality & you really have to depend on the reviews for these items. You won’t be disappointed.,,
